統計項目,行業代碼,行業別,資料期(民國年),統計值(指數),計量單位
營業額指數,45_46,批發業,08801,63.84,110年=100
營業額指數,45_46,批發業,08802,65.19,110年=100
營業額指數,45_46,批發業,08803,66.45,110年=100
營業額指數,45_46,批發業,08804,67.00,110年=100
營業額指數,45_46,批發業,08805,67.19,110年=100
營業額指數,45_46,批發業,08806,67.91,110年=100
營業額指數,45_46,批發業,08807,70.21,110年=100
營業額指數,45_46,批發業,08808,69.61,110年=100
營業額指數,45_46,批發業,08809,68.89,110年=100
營業額指數,45_46,批發業,08810,67.77,110年=100
營業額指數,45_46,批發業,08811,68.19,110年=100
營業額指數,45_46,批發業,08812,72.20,110年=100
營業額指數,45_46,批發業,08901,73.65,110年=100
營業額指數,45_46,批發業,08902,70.59,110年=100
營業額指數,45_46,批發業,08903,74.69,110年=100
營業額指數,45_46,批發業,08904,74.69,110年=100
營業額指數,45_46,批發業,08905,77.04,110年=100
營業額指數,45_46,批發業,08906,76.76,110年=100
營業額指數,45_46,批發業,08907,78.92,110年=100
營業額指數,45_46,批發業,08908,78.77,110年=100
營業額指數,45_46,批發業,08909,78.58,110年=100
營業額指數,45_46,批發業,08910,76.53,110年=100
營業額指數,45_46,批發業,08911,75.43,110年=100
營業額指數,45_46,批發業,08912,75.19,110年=100
營業額指數,45_46,批發業,09001,70.20,110年=100
營業額指數,45_46,批發業,09002,68.64,110年=100
營業額指數,45_46,批發業,09003,73.05,110年=100
營業額指數,45_46,批發業,09004,70.25,110年=100
營業額指數,45_46,批發業,09005,68.55,110年=100
營業額指數,45_46,批發業,09006,67.99,110年=100
營業額指數,45_46,批發業,09007,68.24,110年=100
營業額指數,45_46,批發業,09008,70.50,110年=100
營業額指數,45_46,批發業,09009,66.40,110年=100
營業額指數,45_46,批發業,09010,70.44,110年=100
營業額指數,45_46,批發業,09011,72.34,110年=100
營業額指數,45_46,批發業,09012,75.26,110年=100
營業額指數,45_46,批發業,09101,70.93,110年=100
營業額指數,45_46,批發業,09102,64.45,110年=100
營業額指數,45_46,批發業,09103,74.29,110年=100
營業額指數,45_46,批發業,09104,72.95,110年=100
營業額指數,45_46,批發業,09105,72.49,110年=100
營業額指數,45_46,批發業,09106,73.39,110年=100
營業額指數,45_46,批發業,09107,74.51,110年=100
營業額指數,45_46,批發業,09108,73.65,110年=100
營業額指數,45_46,批發業,09109,75.42,110年=100
營業額指數,45_46,批發業,09110,77.39,110年=100
營業額指數,45_46,批發業,09111,76.87,110年=100
營業額指數,45_46,批發業,09112,77.89,110年=100
營業額指數,45_46,批發業,09201,74.57,110年=100
營業額指數,45_46,批發業,09202,65.75,110年=100
營業額指數,45_46,批發業,09203,73.74,110年=100
營業額指數,45_46,批發業,09204,71.55,110年=100
營業額指數,45_46,批發業,09205,68.13,110年=100
營業額指數,45_46,批發業,09206,69.92,110年=100
營業額指數,45_46,批發業,09207,73.17,110年=100
營業額指數,45_46,批發業,09208,74.02,110年=100
營業額指數,45_46,批發業,09209,75.38,110年=100
營業額指數,45_46,批發業,09210,78.43,110年=100
營業額指數,45_46,批發業,09211,76.21,110年=100
營業額指數,45_46,批發業,09212,80.44,110年=100
營業額指數,45_46,批發業,09301,73.19,110年=100
營業額指數,45_46,批發業,09302,73.08,110年=100
營業額指數,45_46,批發業,09303,77.88,110年=100
營業額指數,45_46,批發業,09304,77.58,110年=100
營業額指數,45_46,批發業,09305,76.51,110年=100
營業額指數,45_46,批發業,09306,76.39,110年=100
營業額指數,45_46,批發業,09307,75.90,110年=100
營業額指數,45_46,批發業,09308,74.99,110年=100
營業額指數,45_46,批發業,09309,76.87,110年=100
營業額指數,45_46,批發業,09310,78.82,110年=100
營業額指數,45_46,批發業,09311,79.31,110年=100
營業額指數,45_46,批發業,09312,81.30,110年=100
營業額指數,45_46,批發業,09401,79.48,110年=100
營業額指數,45_46,批發業,09402,68.46,110年=100
營業額指數,45_46,批發業,09403,85.20,110年=100
營業額指數,45_46,批發業,09404,81.42,110年=100
營業額指數,45_46,批發業,09405,80.51,110年=100
營業額指數,45_46,批發業,09406,81.77,110年=100
營業額指數,45_46,批發業,09407,79.76,110年=100
營業額指數,45_46,批發業,09408,82.18,110年=100
營業額指數,45_46,批發業,09409,81.63,110年=100
營業額指數,45_46,批發業,09410,81.24,110年=100
營業額指數,45_46,批發業,09411,83.56,110年=100
營業額指數,45_46,批發業,09412,85.18,110年=100
營業額指數,45_46,批發業,09501,82.38,110年=100
營業額指數,45_46,批發業,09502,76.41,110年=100
營業額指數,45_46,批發業,09503,87.45,110年=100
營業額指數,45_46,批發業,09504,84.92,110年=100
營業額指數,45_46,批發業,09505,83.35,110年=100
營業額指數,45_46,批發業,09506,84.72,110年=100
營業額指數,45_46,批發業,09507,83.54,110年=100
營業額指數,45_46,批發業,09508,82.86,110年=100
營業額指數,45_46,批發業,09509,83.68,110年=100
營業額指數,45_46,批發業,09510,83.12,110年=100
營業額指數,45_46,批發業,09511,85.24,110年=100
營業額指數,45_46,批發業,09512,85.61,110年=100
營業額指數,45_46,批發業,09601,83.12,110年=100
營業額指數,45_46,批發業,09602,71.97,110年=100
營業額指數,45_46,批發業,09603,83.78,110年=100
營業額指數,45_46,批發業,09604,80.80,110年=100
營業額指數,45_46,批發業,09605,82.18,110年=100
營業額指數,45_46,批發業,09606,80.96,110年=100
營業額指數,45_46,批發業,09607,83.05,110年=100
營業額指數,45_46,批發業,09608,83.53,110年=100
營業額指數,45_46,批發業,09609,81.18,110年=100
營業額指數,45_46,批發業,09610,85.48,110年=100
營業額指數,45_46,批發業,09611,83.69,110年=100
營業額指數,45_46,批發業,09612,85.87,110年=100
營業額指數,45_46,批發業,09701,85.70,110年=100
營業額指數,45_46,批發業,09702,72.49,110年=100
營業額指數,45_46,批發業,09703,84.54,110年=100
營業額指數,45_46,批發業,09704,83.90,110年=100
營業額指數,45_46,批發業,09705,84.03,110年=100
營業額指數,45_46,批發業,09706,81.54,110年=100
營業額指數,45_46,批發業,09707,82.04,110年=100
營業額指數,45_46,批發業,09708,81.92,110年=100
營業額指數,45_46,批發業,09709,80.09,110年=100
營業額指數,45_46,批發業,09710,79.04,110年=100
營業額指數,45_46,批發業,09711,71.19,110年=100
營業額指數,45_46,批發業,09712,70.82,110年=100
營業額指數,45_46,批發業,09801,65.70,110年=100
營業額指數,45_46,批發業,09802,66.25,110年=100
營業額指數,45_46,批發業,09803,72.42,110年=100
營業額指數,45_46,批發業,09804,75.10,110年=100
營業額指數,45_46,批發業,09805,72.91,110年=100
營業額指數,45_46,批發業,09806,78.26,110年=100
營業額指數,45_46,批發業,09807,80.42,110年=100
營業額指數,45_46,批發業,09808,78.90,110年=100
營業額指數,45_46,批發業,09809,81.10,110年=100
營業額指數,45_46,批發業,09810,81.85,110年=100
營業額指數,45_46,批發業,09811,79.11,110年=100
營業額指數,45_46,批發業,09812,81.04,110年=100
營業額指數,45_46,批發業,09901,76.70,110年=100
營業額指數,45_46,批發業,09902,67.78,110年=100
營業額指數,45_46,批發業,09903,79.23,110年=100
營業額指數,45_46,批發業,09904,79.42,110年=100
營業額指數,45_46,批發業,09905,77.44,110年=100
營業額指數,45_46,批發業,09906,80.01,110年=100
營業額指數,45_46,批發業,09907,82.51,110年=100
營業額指數,45_46,批發業,09908,80.33,110年=100
營業額指數,45_46,批發業,09909,82.86,110年=100
營業額指數,45_46,批發業,09910,84.67,110年=100
營業額指數,45_46,批發業,09911,81.76,110年=100
營業額指數,45_46,批發業,09912,84.05,110年=100
營業額指數,45_46,批發業,10001,82.03,110年=100
營業額指數,45_46,批發業,10002,70.49,110年=100
營業額指數,45_46,批發業,10003,81.66,110年=100
營業額指數,45_46,批發業,10004,79.86,110年=100
營業額指數,45_46,批發業,10005,79.67,110年=100
營業額指數,45_46,批發業,10006,82.79,110年=100
營業額指數,45_46,批發業,10007,83.51,110年=100
營業額指數,45_46,批發業,10008,81.70,110年=100
營業額指數,45_46,批發業,10009,81.64,110年=100
營業額指數,45_46,批發業,10010,80.55,110年=100
營業額指數,45_46,批發業,10011,76.46,110年=100
營業額指數,45_46,批發業,10012,77.65,110年=100
營業額指數,45_46,批發業,10101,70.53,110年=100
營業額指數,45_46,批發業,10102,73.41,110年=100
營業額指數,45_46,批發業,10103,78.24,110年=100
營業額指數,45_46,批發業,10104,76.26,110年=100
營業額指數,45_46,批發業,10105,79.11,110年=100
營業額指數,45_46,批發業,10106,79.44,110年=100
營業額指數,45_46,批發業,10107,80.44,110年=100
營業額指數,45_46,批發業,10108,79.94,110年=100
營業額指數,45_46,批發業,10109,81.09,110年=100
營業額指數,45_46,批發業,10110,82.08,110年=100
營業額指數,45_46,批發業,10111,80.05,110年=100
營業額指數,45_46,批發業,10112,79.88,110年=100
營業額指數,45_46,批發業,10201,81.86,110年=100
營業額指數,45_46,批發業,10202,66.15,110年=100
營業額指數,45_46,批發業,10203,80.37,110年=100
營業額指數,45_46,批發業,10204,77.25,110年=100
營業額指數,45_46,批發業,10205,79.90,110年=100
營業額指數,45_46,批發業,10206,80.45,110年=100
營業額指數,45_46,批發業,10207,83.09,110年=100
營業額指數,45_46,批發業,10208,80.69,110年=100
營業額指數,45_46,批發業,10209,83.50,110年=100
營業額指數,45_46,批發業,10210,83.78,110年=100
營業額指數,45_46,批發業,10211,81.01,110年=100
營業額指數,45_46,批發業,10212,83.89,110年=100
營業額指數,45_46,批發業,10301,81.17,110年=100
營業額指數,45_46,批發業,10302,68.36,110年=100
營業額指數,45_46,批發業,10303,80.58,110年=100
營業額指數,45_46,批發業,10304,81.25,110年=100
營業額指數,45_46,批發業,10305,81.89,110年=100
營業額指數,45_46,批發業,10306,82.69,110年=100
營業額指數,45_46,批發業,10307,83.38,110年=100
營業額指數,45_46,批發業,10308,80.73,110年=100
營業額指數,45_46,批發業,10309,85.02,110年=100
營業額指數,45_46,批發業,10310,84.06,110年=100
營業額指數,45_46,批發業,10311,80.93,110年=100
營業額指數,45_46,批發業,10312,85.52,110年=100
營業額指數,45_46,批發業,10401,83.39,110年=100
營業額指數,45_46,批發業,10402,67.60,110年=100
營業額指數,45_46,批發業,10403,81.84,110年=100
營業額指數,45_46,批發業,10404,81.89,110年=100
營業額指數,45_46,批發業,10405,80.65,110年=100
營業額指數,45_46,批發業,10406,83.07,110年=100
營業額指數,45_46,批發業,10407,82.75,110年=100
營業額指數,45_46,批發業,10408,79.95,110年=100
營業額指數,45_46,批發業,10409,82.11,110年=100
營業額指數,45_46,批發業,10410,82.98,110年=100
營業額指數,45_46,批發業,10411,80.49,110年=100
營業額指數,45_46,批發業,10412,84.80,110年=100
營業額指數,45_46,批發業,10501,80.85,110年=100
營業額指數,45_46,批發業,10502,61.74,110年=100
營業額指數,45_46,批發業,10503,79.46,110年=100
營業額指數,45_46,批發業,10504,78.17,110年=100
營業額指數,45_46,批發業,10505,78.58,110年=100
營業額指數,45_46,批發業,10506,81.26,110年=100
營業額指數,45_46,批發業,10507,81.30,110年=100
營業額指數,45_46,批發業,10508,84.86,110年=100
營業額指數,45_46,批發業,10509,83.28,110年=100
營業額指數,45_46,批發業,10510,83.99,110年=100
營業額指數,45_46,批發業,10511,85.65,110年=100
營業額指數,45_46,批發業,10512,86.54,110年=100
營業額指數,45_46,批發業,10601,82.65,110年=100
營業額指數,45_46,批發業,10602,71.59,110年=100
營業額指數,45_46,批發業,10603,87.33,110年=100
營業額指數,45_46,批發業,10604,81.49,110年=100
營業額指數,45_46,批發業,10605,84.56,110年=100
營業額指數,45_46,批發業,10606,87.99,110年=100
營業額指數,45_46,批發業,10607,85.16,110年=100
營業額指數,45_46,批發業,10608,88.79,110年=100
營業額指數,45_46,批發業,10609,88.97,110年=100
營業額指數,45_46,批發業,10610,85.77,110年=100
營業額指數,45_46,批發業,10611,89.70,110年=100
營業額指數,45_46,批發業,10612,90.76,110年=100
營業額指數,45_46,批發業,10701,93.77,110年=100
營業額指數,45_46,批發業,10702,69.83,110年=100
營業額指數,45_46,批發業,10703,92.04,110年=100
營業額指數,45_46,批發業,10704,83.89,110年=100
營業額指數,45_46,批發業,10705,90.89,110年=100
營業額指數,45_46,批發業,10706,88.72,110年=100
營業額指數,45_46,批發業,10707,88.92,110年=100
營業額指數,45_46,批發業,10708,91.80,110年=100
營業額指數,45_46,批發業,10709,88.07,110年=100
營業額指數,45_46,批發業,10710,89.85,110年=100
營業額指數,45_46,批發業,10711,87.97,110年=100
營業額指數,45_46,批發業,10712,85.12,110年=100
營業額指數,45_46,批發業,10801,94.35,110年=100
營業額指數,45_46,批發業,10802,65.98,110年=100
營業額指數,45_46,批發業,10803,84.82,110年=100
營業額指數,45_46,批發業,10804,84.07,110年=100
營業額指數,45_46,批發業,10805,85.62,110年=100
營業額指數,45_46,批發業,10806,83.31,110年=100
營業額指數,45_46,批發業,10807,91.24,110年=100
營業額指數,45_46,批發業,10808,87.75,110年=100
營業額指數,45_46,批發業,10809,88.06,110年=100
營業額指數,45_46,批發業,10810,91.24,110年=100
營業額指數,45_46,批發業,10811,89.08,110年=100
營業額指數,45_46,批發業,10812,91.45,110年=100
營業額指數,45_46,批發業,10901,84.34,110年=100
營業額指數,45_46,批發業,10902,78.76,110年=100
營業額指數,45_46,批發業,10903,93.50,110年=100
營業額指數,45_46,批發業,10904,86.20,110年=100
營業額指數,45_46,批發業,10905,84.18,110年=100
營業額指數,45_46,批發業,10906,87.97,110年=100
營業額指數,45_46,批發業,10907,95.46,110年=100
營業額指數,45_46,批發業,10908,92.27,110年=100
營業額指數,45_46,批發業,10909,100.46,110年=100
營業額指數,45_46,批發業,10910,94.40,110年=100
營業額指數,45_46,批發業,10911,99.50,110年=100
營業額指數,45_46,批發業,10912,104.56,110年=100
營業額指數,45_46,批發業,11001,103.25,110年=100
營業額指數,45_46,批發業,11002,83.55,110年=100
營業額指數,45_46,批發業,11003,103.49,110年=100
營業額指數,45_46,批發業,11004,100.66,110年=100
營業額指數,45_46,批發業,11005,100.17,110年=100
營業額指數,45_46,批發業,11006,96.98,110年=100
營業額指數,45_46,批發業,11007,98.20,110年=100
營業額指數,45_46,批發業,11008,100.15,110年=100
營業額指數,45_46,批發業,11009,104.53,110年=100
營業額指數,45_46,批發業,11010,98.26,110年=100
營業額指數,45_46,批發業,11011,103.93,110年=100
營業額指數,45_46,批發業,11012,106.85,110年=100
營業額指數,45_46,批發業,11101,109.28,110年=100
營業額指數,45_46,批發業,11102,82.68,110年=100
營業額指數,45_46,批發業,11103,109.42,110年=100
營業額指數,45_46,批發業,11104,97.91,110年=100
營業額指數,45_46,批發業,11105,98.01,110年=100
營業額指數,45_46,批發業,11106,98.89,110年=100
營業額指數,45_46,批發業,11107,95.76,110年=100
營業額指數,45_46,批發業,11108,96.00,110年=100
營業額指數,45_46,批發業,11109,99.66,110年=100
營業額指數,45_46,批發業,11110,95.30,110年=100
營業額指數,45_46,批發業,11111,91.88,110年=100
營業額指數,45_46,批發業,11112,97.42,110年=100
營業額指數,45_46,批發業,11201,85.92,110年=100
營業額指數,45_46,批發業,11202,81.73,110年=100
營業額指數,45_46,批發業,11203,96.10,110年=100
營業額指數,45_46,批發業,11204,84.96,110年=100
營業額指數,45_46,批發業,11205,89.14,110年=100
營業額指數,45_46,批發業,11206,91.41,110年=100
營業額指數,45_46,批發業,11207,92.51,110年=100
營業額指數,45_46,批發業,11208,91.59,110年=100
營業額指數,45_46,批發業,11209,98.44,110年=100
營業額指數,45_46,批發業,11210,96.55,110年=100
營業額指數,45_46,批發業,11211,96.70,110年=100
營業額指數,45_46,批發業,11212,96.62,110年=100
營業額指數,45_46,批發業,11301,104.81,110年=100
營業額指數,45_46,批發業,11302,77.71,110年=100
營業額指數,45_46,批發業,11303,99.15,110年=100
營業額指數,45_46,批發業,11304,96.36,110年=100
營業額指數,45_46,批發業,11305,97.86,110年=100
營業額指數,45_46,批發業,11306,96.08,110年=100
營業額指數,45_46,批發業,11307,101.35,110年=100
營業額指數,45_46,批發業,11308,98.69,110年=100
營業額指數,45_46,批發業,11309,102.74,110年=100
營業額指數,45_46,批發業,11310,102.66,110年=100
營業額指數,45_46,批發業,11311,97.57,110年=100
營業額指數,45_46,批發業,11312,106.43,110年=100
營業額指數,45_46,批發業,11401,98.60,110年=100
營業額指數,45_46,批發業,11402,94.39,110年=100
營業額指數,45_46,批發業,11403,106.43,110年=100
營業額指數,45_46,批發業,11404,111.14,110年=100
營業額指數,45_46,批發業,11405,109.50,110年=100
營業額指數,45_46,批發業,11406,104.90,110年=100
營業額指數,45_46,批發業,11407,109.05,110年=100
營業額指數,45_46,批發業,11408,106.35,110年=100
營業額指數,45_46,批發業,11409,120.70,110年=100
營業額指數,45_46,批發業,11410,116.75,110年=100
營業額指數,45_46,批發業,11411,115.37,110年=100
營業額指數,45_46,批發業,11412,113.71,110年=100
營業額指數,45_46,批發業,11501,128.36,110年=100
營業額指數,45_46,批發業,11502,97.42,110年=100
營業額指數,451,商品批發經紀業,08801,91.50,110年=100
營業額指數,451,商品批發經紀業,08802,87.24,110年=100
營業額指數,451,商品批發經紀業,08803,115.91,110年=100
營業額指數,451,商品批發經紀業,08804,98.59,110年=100
營業額指數,451,商品批發經紀業,08805,101.54,110年=100
營業額指數,451,商品批發經紀業,08806,106.46,110年=100
營業額指數,451,商品批發經紀業,08807,108.08,110年=100
營業額指數,451,商品批發經紀業,08808,103.51,110年=100
營業額指數,451,商品批發經紀業,08809,102.50,110年=100
營業額指數,451,商品批發經紀業,08810,102.87,110年=100
營業額指數,451,商品批發經紀業,08811,105.80,110年=100
營業額指數,451,商品批發經紀業,08812,111.32,110年=100
營業額指數,451,商品批發經紀業,08901,103.08,110年=100
營業額指數,451,商品批發經紀業,08902,95.53,110年=100
營業額指數,451,商品批發經紀業,08903,128.97,110年=100
營業額指數,451,商品批發經紀業,08904,108.38,110年=100
營業額指數,451,商品批發經紀業,08905,112.93,110年=100
營業額指數,451,商品批發經紀業,08906,115.86,110年=100
營業額指數,451,商品批發經紀業,08907,118.31,110年=100
營業額指數,451,商品批發經紀業,08908,114.66,110年=100
營業額指數,451,商品批發經紀業,08909,114.24,110年=100
營業額指數,451,商品批發經紀業,08910,108.12,110年=100
營業額指數,451,商品批發經紀業,08911,109.59,110年=100
營業額指數,451,商品批發經紀業,08912,111.03,110年=100
營業額指數,451,商品批發經紀業,09001,112.66,110年=100
營業額指數,451,商品批發經紀業,09002,94.50,110年=100
營業額指數,451,商品批發經紀業,09003,106.18,110年=100
營業額指數,451,商品批發經紀業,09004,106.05,110年=100
營業額指數,451,商品批發經紀業,09005,97.43,110年=100
營業額指數,451,商品批發經紀業,09006,100.37,110年=100
營業額指數,451,商品批發經紀業,09007,104.98,110年=100
營業額指數,451,商品批發經紀業,09008,105.43,110年=100
營業額指數,451,商品批發經紀業,09009,101.60,110年=100
營業額指數,451,商品批發經紀業,09010,103.28,110年=100
營業額指數,451,商品批發經紀業,09011,105.63,110年=100
營業額指數,451,商品批發經紀業,09012,112.92,110年=100
營業額指數,451,商品批發經紀業,09101,104.88,110年=100
營業額指數,451,商品批發經紀業,09102,90.46,110年=100
營業額指數,451,商品批發經紀業,09103,105.44,110年=100
營業額指數,451,商品批發經紀業,09104,114.60,110年=100
營業額指數,451,商品批發經紀業,09105,105.71,110年=100
營業額指數,451,商品批發經紀業,09106,106.25,110年=100
營業額指數,451,商品批發經紀業,09107,105.72,110年=100
營業額指數,451,商品批發經紀業,09108,100.78,110年=100
營業額指數,451,商品批發經紀業,09109,103.09,110年=100
營業額指數,451,商品批發經紀業,09110,103.66,110年=100
營業額指數,451,商品批發經紀業,09111,110.24,110年=100
營業額指數,451,商品批發經紀業,09112,107.60,110年=100
營業額指數,451,商品批發經紀業,09201,101.16,110年=100
營業額指數,451,商品批發經紀業,09202,87.41,110年=100
營業額指數,451,商品批發經紀業,09203,97.01,110年=100
營業額指數,451,商品批發經紀業,09204,101.63,110年=100
營業額指數,451,商品批發經紀業,09205,90.54,110年=100
營業額指數,451,商品批發經紀業,09206,96.37,110年=100
營業額指數,451,商品批發經紀業,09207,100.80,110年=100
營業額指數,451,商品批發經紀業,09208,111.16,110年=100
營業額指數,451,商品批發經紀業,09209,107.60,110年=100
營業額指數,451,商品批發經紀業,09210,109.33,110年=100
營業額指數,451,商品批發經紀業,09211,117.47,110年=100
營業額指數,451,商品批發經紀業,09212,124.73,110年=100
營業額指數,451,商品批發經紀業,09301,102.97,110年=100
營業額指數,451,商品批發經紀業,09302,104.34,110年=100
營業額指數,451,商品批發經紀業,09303,109.69,110年=100
營業額指數,451,商品批發經紀業,09304,104.05,110年=100
營業額指數,451,商品批發經紀業,09305,98.26,110年=100
營業額指數,451,商品批發經紀業,09306,97.79,110年=100
營業額指數,451,商品批發經紀業,09307,97.35,110年=100
營業額指數,451,商品批發經紀業,09308,89.27,110年=100
營業額指數,451,商品批發經紀業,09309,103.01,110年=100
營業額指數,451,商品批發經紀業,09310,109.10,110年=100
營業額指數,451,商品批發經紀業,09311,109.69,110年=100
營業額指數,451,商品批發經紀業,09312,122.22,110年=100
營業額指數,451,商品批發經紀業,09401,123.72,110年=100
營業額指數,451,商品批發經紀業,09402,101.63,110年=100
營業額指數,451,商品批發經紀業,09403,114.84,110年=100
營業額指數,451,商品批發經紀業,09404,108.15,110年=100
營業額指數,451,商品批發經紀業,09405,105.43,110年=100
營業額指數,451,商品批發經紀業,09406,97.50,110年=100
營業額指數,451,商品批發經紀業,09407,89.42,110年=100
營業額指數,451,商品批發經紀業,09408,91.12,110年=100
營業額指數,451,商品批發經紀業,09409,89.43,110年=100
營業額指數,451,商品批發經紀業,09410,97.36,110年=100
營業額指數,451,商品批發經紀業,09411,99.68,110年=100
營業額指數,451,商品批發經紀業,09412,109.63,110年=100
營業額指數,451,商品批發經紀業,09501,106.83,110年=100
營業額指數,451,商品批發經紀業,09502,101.85,110年=100
營業額指數,451,商品批發經紀業,09503,119.14,110年=100
營業額指數,451,商品批發經紀業,09504,119.84,110年=100
營業額指數,451,商品批發經紀業,09505,124.92,110年=100
營業額指數,451,商品批發經紀業,09506,111.01,110年=100
營業額指數,451,商品批發經紀業,09507,112.77,110年=100
營業額指數,451,商品批發經紀業,09508,104.46,110年=100
營業額指數,451,商品批發經紀業,09509,106.69,110年=100
營業額指數,451,商品批發經紀業,09510,103.70,110年=100
營業額指數,451,商品批發經紀業,09511,102.34,110年=100
營業額指數,451,商品批發經紀業,09512,113.19,110年=100
營業額指數,451,商品批發經紀業,09601,105.54,110年=100
營業額指數,451,商品批發經紀業,09602,99.41,110年=100
營業額指數,451,商品批發經紀業,09603,128.89,110年=100
營業額指數,451,商品批發經紀業,09604,115.45,110年=100
營業額指數,451,商品批發經紀業,09605,121.27,110年=100
營業額指數,451,商品批發經紀業,09606,115.85,110年=100
營業額指數,451,商品批發經紀業,09607,110.21,110年=100
營業額指數,451,商品批發經紀業,09608,113.17,110年=100
營業額指數,451,商品批發經紀業,09609,106.78,110年=100
營業額指數,451,商品批發經紀業,09610,110.48,110年=100
營業額指數,451,商品批發經紀業,09611,94.11,110年=100
營業額指數,451,商品批發經紀業,09612,108.31,110年=100
營業額指數,451,商品批發經紀業,09701,102.18,110年=100
營業額指數,451,商品批發經紀業,09702,96.51,110年=100
營業額指數,451,商品批發經紀業,09703,129.60,110年=100
營業額指數,451,商品批發經紀業,09704,114.55,110年=100
營業額指數,451,商品批發經紀業,09705,114.14,110年=100
營業額指數,451,商品批發經紀業,09706,112.12,110年=100
營業額指數,451,商品批發經紀業,09707,117.11,110年=100
營業額指數,451,商品批發經紀業,09708,105.43,110年=100
營業額指數,451,商品批發經紀業,09709,107.78,110年=100
營業額指數,451,商品批發經紀業,09710,111.76,110年=100
營業額指數,451,商品批發經紀業,09711,84.19,110年=100
營業額指數,451,商品批發經紀業,09712,93.24,110年=100
營業額指數,451,商品批發經紀業,09801,79.57,110年=100
營業額指數,451,商品批發經紀業,09802,76.31,110年=100
營業額指數,451,商品批發經紀業,09803,85.37,110年=100
營業額指數,451,商品批發經紀業,09804,92.02,110年=100
營業額指數,451,商品批發經紀業,09805,86.50,110年=100
營業額指數,451,商品批發經紀業,09806,87.02,110年=100
營業額指數,451,商品批發經紀業,09807,95.28,110年=100
營業額指數,451,商品批發經紀業,09808,88.34,110年=100
營業額指數,451,商品批發經紀業,09809,101.93,110年=100
營業額指數,451,商品批發經紀業,09810,106.16,110年=100
營業額指數,451,商品批發經紀業,09811,93.95,110年=100
營業額指數,451,商品批發經紀業,09812,106.29,110年=100
營業額指數,451,商品批發經紀業,09901,99.88,110年=100
營業額指數,451,商品批發經紀業,09902,94.89,110年=100
營業額指數,451,商品批發經紀業,09903,101.02,110年=100
營業額指數,451,商品批發經紀業,09904,103.05,110年=100
營業額指數,451,商品批發經紀業,09905,97.78,110年=100
營業額指數,451,商品批發經紀業,09906,103.46,110年=100
營業額指數,451,商品批發經紀業,09907,107.24,110年=100
營業額指數,451,商品批發經紀業,09908,92.97,110年=100
營業額指數,451,商品批發經紀業,09909,102.15,110年=100
營業額指數,451,商品批發經紀業,09910,104.25,110年=100
營業額指數,451,商品批發經紀業,09911,97.65,110年=100
營業額指數,451,商品批發經紀業,09912,109.74,110年=100
營業額指數,451,商品批發經紀業,10001,101.12,110年=100
營業額指數,451,商品批發經紀業,10002,92.88,110年=100
營業額指數,451,商品批發經紀業,10003,98.96,110年=100
營業額指數,451,商品批發經紀業,10004,104.16,110年=100
營業額指數,451,商品批發經紀業,10005,102.81,110年=100
營業額指數,451,商品批發經紀業,10006,101.71,110年=100
營業額指數,451,商品批發經紀業,10007,97.94,110年=100
營業額指數,451,商品批發經紀業,10008,91.61,110年=100
營業額指數,451,商品批發經紀業,10009,93.23,110年=100
營業額指數,451,商品批發經紀業,10010,92.06,110年=100
營業額指數,451,商品批發經紀業,10011,91.73,110年=100
營業額指數,451,商品批發經紀業,10012,96.37,110年=100
營業額指數,451,商品批發經紀業,10101,88.47,110年=100
營業額指數,451,商品批發經紀業,10102,81.06,110年=100
營業額指數,451,商品批發經紀業,10103,98.77,110年=100
營業額指數,451,商品批發經紀業,10104,104.24,110年=100
營業額指數,451,商品批發經紀業,10105,101.27,110年=100
營業額指數,451,商品批發經紀業,10106,94.67,110年=100
營業額指數,451,商品批發經紀業,10107,92.20,110年=100
營業額指數,451,商品批發經紀業,10108,93.02,110年=100
營業額指數,451,商品批發經紀業,10109,91.54,110年=100
營業額指數,451,商品批發經紀業,10110,82.87,110年=100
營業額指數,451,商品批發經紀業,10111,82.62,110年=100
營業額指數,451,商品批發經紀業,10112,85.53,110年=100
營業額指數,451,商品批發經紀業,10201,88.52,110年=100
營業額指數,451,商品批發經紀業,10202,77.41,110年=100
營業額指數,451,商品批發經紀業,10203,113.50,110年=100
營業額指數,451,商品批發經紀業,10204,110.06,110年=100
營業額指數,451,商品批發經紀業,10205,105.15,110年=100
營業額指數,451,商品批發經紀業,10206,95.74,110年=100
營業額指數,451,商品批發經紀業,10207,98.98,110年=100
營業額指數,451,商品批發經紀業,10208,94.77,110年=100
營業額指數,451,商品批發經紀業,10209,94.02,110年=100
營業額指數,451,商品批發經紀業,10210,93.11,110年=100
營業額指數,451,商品批發經紀業,10211,94.93,110年=100
營業額指數,451,商品批發經紀業,10212,87.20,110年=100
營業額指數,451,商品批發經紀業,10301,88.78,110年=100
營業額指數,451,商品批發經紀業,10302,83.99,110年=100
營業額指數,451,商品批發經紀業,10303,99.48,110年=100
營業額指數,451,商品批發經紀業,10304,109.25,110年=100
營業額指數,451,商品批發經紀業,10305,111.37,110年=100
營業額指數,451,商品批發經紀業,10306,102.33,110年=100
營業額指數,451,商品批發經紀業,10307,107.25,110年=100
營業額指數,451,商品批發經紀業,10308,90.75,110年=100
營業額指數,451,商品批發經紀業,10309,87.24,110年=100
營業額指數,451,商品批發經紀業,10310,91.04,110年=100
營業額指數,451,商品批發經紀業,10311,92.46,110年=100
營業額指數,451,商品批發經紀業,10312,99.61,110年=100
營業額指數,451,商品批發經紀業,10401,102.88,110年=100
營業額指數,451,商品批發經紀業,10402,88.58,110年=100
營業額指數,451,商品批發經紀業,10403,100.68,110年=100
營業額指數,451,商品批發經紀業,10404,102.50,110年=100
營業額指數,451,商品批發經紀業,10405,113.78,110年=100
營業額指數,451,商品批發經紀業,10406,112.34,110年=100
營業額指數,451,商品批發經紀業,10407,119.69,110年=100
營業額指數,451,商品批發經紀業,10408,109.16,110年=100
營業額指數,451,商品批發經紀業,10409,102.37,110年=100
營業額指數,451,商品批發經紀業,10410,104.26,110年=100
營業額指數,451,商品批發經紀業,10411,100.66,110年=100
營業額指數,451,商品批發經紀業,10412,114.02,110年=100
營業額指數,451,商品批發經紀業,10501,104.92,110年=100
營業額指數,451,商品批發經紀業,10502,81.17,110年=100
營業額指數,451,商品批發經紀業,10503,97.64,110年=100
營業額指數,451,商品批發經紀業,10504,96.80,110年=100
營業額指數,451,商品批發經紀業,10505,99.31,110年=100
營業額指數,451,商品批發經紀業,10506,105.25,110年=100
營業額指數,451,商品批發經紀業,10507,113.94,110年=100
營業額指數,451,商品批發經紀業,10508,106.87,110年=100
營業額指數,451,商品批發經紀業,10509,103.48,110年=100
營業額指數,451,商品批發經紀業,10510,106.19,110年=100
營業額指數,451,商品批發經紀業,10511,105.20,110年=100
營業額指數,451,商品批發經紀業,10512,100.60,110年=100
營業額指數,451,商品批發經紀業,10601,94.75,110年=100
營業額指數,451,商品批發經紀業,10602,78.24,110年=100
營業額指數,451,商品批發經紀業,10603,101.06,110年=100
營業額指數,451,商品批發經紀業,10604,92.71,110年=100
營業額指數,451,商品批發經紀業,10605,120.68,110年=100
營業額指數,451,商品批發經紀業,10606,135.06,110年=100
營業額指數,451,商品批發經紀業,10607,100.99,110年=100
營業額指數,451,商品批發經紀業,10608,106.75,110年=100
營業額指數,451,商品批發經紀業,10609,99.45,110年=100
營業額指數,451,商品批發經紀業,10610,93.69,110年=100
營業額指數,451,商品批發經紀業,10611,94.36,110年=100
營業額指數,451,商品批發經紀業,10612,90.40,110年=100
營業額指數,451,商品批發經紀業,10701,114.65,110年=100
營業額指數,451,商品批發經紀業,10702,77.59,110年=100
營業額指數,451,商品批發經紀業,10703,100.97,110年=100
營業額指數,451,商品批發經紀業,10704,88.51,110年=100
營業額指數,451,商品批發經紀業,10705,104.93,110年=100
營業額指數,451,商品批發經紀業,10706,129.10,110年=100
營業額指數,451,商品批發經紀業,10707,118.79,110年=100
營業額指數,451,商品批發經紀業,10708,101.06,110年=100
營業額指數,451,商品批發經紀業,10709,89.06,110年=100
營業額指數,451,商品批發經紀業,10710,76.36,110年=100
營業額指數,451,商品批發經紀業,10711,80.76,110年=100
營業額指數,451,商品批發經紀業,10712,79.67,110年=100
營業額指數,451,商品批發經紀業,10801,110.98,110年=100
營業額指數,451,商品批發經紀業,10802,73.38,110年=100
營業額指數,451,商品批發經紀業,10803,108.76,110年=100
營業額指數,451,商品批發經紀業,10804,95.54,110年=100
營業額指數,451,商品批發經紀業,10805,94.37,110年=100
營業額指數,451,商品批發經紀業,10806,111.35,110年=100
營業額指數,451,商品批發經紀業,10807,99.37,110年=100
營業額指數,451,商品批發經紀業,10808,110.13,110年=100
營業額指數,451,商品批發經紀業,10809,89.25,110年=100
營業額指數,451,商品批發經紀業,10810,92.06,110年=100
營業額指數,451,商品批發經紀業,10811,82.90,110年=100
營業額指數,451,商品批發經紀業,10812,81.82,110年=100
營業額指數,451,商品批發經紀業,10901,98.25,110年=100
營業額指數,451,商品批發經紀業,10902,84.58,110年=100
營業額指數,451,商品批發經紀業,10903,104.54,110年=100
營業額指數,451,商品批發經紀業,10904,93.38,110年=100
營業額指數,451,商品批發經紀業,10905,101.18,110年=100
營業額指數,451,商品批發經紀業,10906,111.68,110年=100
營業額指數,451,商品批發經紀業,10907,106.07,110年=100
營業額指數,451,商品批發經紀業,10908,102.51,110年=100
營業額指數,451,商品批發經紀業,10909,98.74,110年=100
營業額指數,451,商品批發經紀業,10910,91.27,110年=100
營業額指數,451,商品批發經紀業,10911,93.17,110年=100
營業額指數,451,商品批發經紀業,10912,97.47,110年=100
營業額指數,451,商品批發經紀業,11001,100.45,110年=100
營業額指數,451,商品批發經紀業,11002,91.08,110年=100
營業額指數,451,商品批發經紀業,11003,111.38,110年=100
營業額指數,451,商品批發經紀業,11004,92.88,110年=100
營業額指數,451,商品批發經紀業,11005,101.26,110年=100
營業額指數,451,商品批發經紀業,11006,106.64,110年=100
營業額指數,451,商品批發經紀業,11007,89.19,110年=100
營業額指數,451,商品批發經紀業,11008,106.03,110年=100
營業額指數,451,商品批發經紀業,11009,101.28,110年=100
營業額指數,451,商品批發經紀業,11010,99.67,110年=100
營業額指數,451,商品批發經紀業,11011,100.73,110年=100
營業額指數,451,商品批發經紀業,11012,99.43,110年=100
營業額指數,451,商品批發經紀業,11101,104.38,110年=100
營業額指數,451,商品批發經紀業,11102,77.74,110年=100
營業額指數,451,商品批發經紀業,11103,98.82,110年=100
營業額指數,451,商品批發經紀業,11104,92.22,110年=100
營業額指數,451,商品批發經紀業,11105,95.79,110年=100
營業額指數,451,商品批發經紀業,11106,100.57,110年=100
營業額指數,451,商品批發經紀業,11107,96.48,110年=100
營業額指數,451,商品批發經紀業,11108,100.67,110年=100
營業額指數,451,商品批發經紀業,11109,93.84,110年=100
營業額指數,451,商品批發經紀業,11110,87.89,110年=100
營業額指數,451,商品批發經紀業,11111,84.18,110年=100
營業額指數,451,商品批發經紀業,11112,91.23,110年=100
營業額指數,451,商品批發經紀業,11201,92.83,110年=100
營業額指數,451,商品批發經紀業,11202,92.77,110年=100
營業額指數,451,商品批發經紀業,11203,99.45,110年=100
營業額指數,451,商品批發經紀業,11204,92.91,110年=100
營業額指數,451,商品批發經紀業,11205,98.15,110年=100
營業額指數,451,商品批發經紀業,11206,92.49,110年=100
營業額指數,451,商品批發經紀業,11207,95.64,110年=100
營業額指數,451,商品批發經紀業,11208,97.40,110年=100
營業額指數,451,商品批發經紀業,11209,91.96,110年=100
營業額指數,451,商品批發經紀業,11210,88.26,110年=100
營業額指數,451,商品批發經紀業,11211,85.74,110年=100
營業額指數,451,商品批發經紀業,11212,91.43,110年=100
營業額指數,451,商品批發經紀業,11301,114.48,110年=100
營業額指數,451,商品批發經紀業,11302,88.79,110年=100
營業額指數,451,商品批發經紀業,11303,97.10,110年=100
營業額指數,451,商品批發經紀業,11304,96.26,110年=100
營業額指數,451,商品批發經紀業,11305,98.93,110年=100
營業額指數,451,商品批發經紀業,11306,92.82,110年=100
營業額指數,451,商品批發經紀業,11307,95.22,110年=100
營業額指數,451,商品批發經紀業,11308,102.69,110年=100
營業額指數,451,商品批發經紀業,11309,98.52,110年=100
營業額指數,451,商品批發經紀業,11310,90.73,110年=100
營業額指數,451,商品批發經紀業,11311,94.97,110年=100
營業額指數,451,商品批發經紀業,11312,104.25,110年=100
營業額指數,451,商品批發經紀業,11401,99.05,110年=100
營業額指數,451,商品批發經紀業,11402,93.01,110年=100
營業額指數,451,商品批發經紀業,11403,97.40,110年=100
營業額指數,451,商品批發經紀業,11404,86.03,110年=100
營業額指數,451,商品批發經紀業,11405,99.92,110年=100
營業額指數,451,商品批發經紀業,11406,104.96,110年=100
營業額指數,451,商品批發經紀業,11407,103.46,110年=100
營業額指數,451,商品批發經紀業,11408,101.02,110年=100
營業額指數,451,商品批發經紀業,11409,107.69,110年=100
營業額指數,451,商品批發經紀業,11410,90.74,110年=100
營業額指數,451,商品批發經紀業,11411,94.98,110年=100
營業額指數,451,商品批發經紀業,11412,112.62,110年=100
營業額指數,451,商品批發經紀業,11501,104.69,110年=100
營業額指數,451,商品批發經紀業,11502,81.95,110年=100
營業額指數,452,綜合商品批發業,08801,123.32,110年=100
營業額指數,452,綜合商品批發業,08802,127.76,110年=100
營業額指數,452,綜合商品批發業,08803,128.17,110年=100
營業額指數,452,綜合商品批發業,08804,130.82,110年=100
營業額指數,452,綜合商品批發業,08805,132.29,110年=100
營業額指數,452,綜合商品批發業,08806,135.77,110年=100
營業額指數,452,綜合商品批發業,08807,141.57,110年=100
營業額指數,452,綜合商品批發業,08808,139.99,110年=100
營業額指數,452,綜合商品批發業,08809,138.97,110年=100
營業額指數,452,綜合商品批發業,08810,135.47,110年=100
營業額指數,452,綜合商品批發業,08811,135.30,110年=100
營業額指數,452,綜合商品批發業,08812,145.71,110年=100
營業額指數,452,綜合商品批發業,08901,150.70,110年=100
營業額指數,452,綜合商品批發業,08902,141.37,110年=100
營業額指數,452,綜合商品批發業,08903,152.28,110年=100
營業額指數,452,綜合商品批發業,08904,152.72,110年=100
營業額指數,452,綜合商品批發業,08905,159.82,110年=100
營業額指數,452,綜合商品批發業,08906,159.02,110年=100
營業額指數,452,綜合商品批發業,08907,166.76,110年=100
營業額指數,452,綜合商品批發業,08908,167.41,110年=100
營業額指數,452,綜合商品批發業,08909,167.03,110年=100
營業額指數,452,綜合商品批發業,08910,160.02,110年=100
營業額指數,452,綜合商品批發業,08911,156.71,110年=100
營業額指數,452,綜合商品批發業,08912,155.41,110年=100
營業額指數,452,綜合商品批發業,09001,142.41,110年=100
營業額指數,452,綜合商品批發業,09002,137.89,110年=100
營業額指數,452,綜合商品批發業,09003,149.85,110年=100
營業額指數,452,綜合商品批發業,09004,144.82,110年=100
營業額指數,452,綜合商品批發業,09005,141.10,110年=100
營業額指數,452,綜合商品批發業,09006,141.62,110年=100
營業額指數,452,綜合商品批發業,09007,143.14,110年=100
營業額指數,452,綜合商品批發業,09008,147.77,110年=100
營業額指數,452,綜合商品批發業,09009,142.09,110年=100
營業額指數,452,綜合商品批發業,09010,146.93,110年=100
營業額指數,452,綜合商品批發業,09011,148.46,110年=100
營業額指數,452,綜合商品批發業,09012,159.00,110年=100
營業額指數,452,綜合商品批發業,09101,146.79,110年=100
營業額指數,452,綜合商品批發業,09102,132.99,110年=100
營業額指數,452,綜合商品批發業,09103,152.82,110年=100
營業額指數,452,綜合商品批發業,09104,147.01,110年=100
營業額指數,452,綜合商品批發業,09105,145.50,110年=100
營業額指數,452,綜合商品批發業,09106,152.19,110年=100
營業額指數,452,綜合商品批發業,09107,156.56,110年=100
營業額指數,452,綜合商品批發業,09108,156.71,110年=100
營業額指數,452,綜合商品批發業,09109,160.13,110年=100
營業額指數,452,綜合商品批發業,09110,163.33,110年=100
營業額指數,452,綜合商品批發業,09111,160.56,110年=100
營業額指數,452,綜合商品批發業,09112,165.55,110年=100
營業額指數,452,綜合商品批發業,09201,158.19,110年=100
營業額指數,452,綜合商品批發業,09202,136.64,110年=100
營業額指數,452,綜合商品批發業,09203,153.84,110年=100
營業額指數,452,綜合商品批發業,09204,146.99,110年=100
營業額指數,452,綜合商品批發業,09205,148.39,110年=100
營業額指數,452,綜合商品批發業,09206,156.81,110年=100
營業額指數,452,綜合商品批發業,09207,162.97,110年=100
營業額指數,452,綜合商品批發業,09208,168.87,110年=100
營業額指數,452,綜合商品批發業,09209,168.72,110年=100
營業額指數,452,綜合商品批發業,09210,171.61,110年=100
營業額指數,452,綜合商品批發業,09211,166.31,110年=100
營業額指數,452,綜合商品批發業,09212,187.95,110年=100
營業額指數,452,綜合商品批發業,09301,167.44,110年=100
營業額指數,452,綜合商品批發業,09302,179.17,110年=100
營業額指數,452,綜合商品批發業,09303,185.63,110年=100
營業額指數,452,綜合商品批發業,09304,173.66,110年=100
營業額指數,452,綜合商品批發業,09305,173.91,110年=100
營業額指數,452,綜合商品批發業,09306,176.23,110年=100
營業額指數,452,綜合商品批發業,09307,181.78,110年=100
營業額指數,452,綜合商品批發業,09308,176.07,110年=100
營業額指數,452,綜合商品批發業,09309,174.43,110年=100
營業額指數,452,綜合商品批發業,09310,172.35,110年=100
營業額指數,452,綜合商品批發業,09311,173.67,110年=100
營業額指數,452,綜合商品批發業,09312,176.86,110年=100
營業額指數,452,綜合商品批發業,09401,188.47,110年=100
營業額指數,452,綜合商品批發業,09402,154.52,110年=100
營業額指數,452,綜合商品批發業,09403,186.22,110年=100
營業額指數,452,綜合商品批發業,09404,175.09,110年=100
營業額指數,452,綜合商品批發業,09405,188.78,110年=100
營業額指數,452,綜合商品批發業,09406,188.24,110年=100
營業額指數,452,綜合商品批發業,09407,191.10,110年=100
營業額指數,452,綜合商品批發業,09408,195.57,110年=100
營業額指數,452,綜合商品批發業,09409,185.09,110年=100
營業額指數,452,綜合商品批發業,09410,182.58,110年=100
營業額指數,452,綜合商品批發業,09411,186.48,110年=100
營業額指數,452,綜合商品批發業,09412,189.41,110年=100
營業額指數,452,綜合商品批發業,09501,192.31,110年=100
營業額指數,452,綜合商品批發業,09502,171.82,110年=100
營業額指數,452,綜合商品批發業,09503,198.56,110年=100
營業額指數,452,綜合商品批發業,09504,190.98,110年=100
營業額指數,452,綜合商品批發業,09505,190.99,110年=100
營業額指數,452,綜合商品批發業,09506,185.61,110年=100
營業額指數,452,綜合商品批發業,09507,191.05,110年=100
營業額指數,452,綜合商品批發業,09508,195.32,110年=100
營業額指數,452,綜合商品批發業,09509,188.34,110年=100
營業額指數,452,綜合商品批發業,09510,186.06,110年=100
營業額指數,452,綜合商品批發業,09511,185.87,110年=100
營業額指數,452,綜合商品批發業,09512,186.41,110年=100
營業額指數,452,綜合商品批發業,09601,178.41,110年=100
營業額指數,452,綜合商品批發業,09602,160.69,110年=100
營業額指數,452,綜合商品批發業,09603,171.17,110年=100
營業額指數,452,綜合商品批發業,09604,168.30,110年=100
營業額指數,452,綜合商品批發業,09605,172.32,110年=100
營業額指數,452,綜合商品批發業,09606,170.06,110年=100
營業額指數,452,綜合商品批發業,09607,172.53,110年=100
營業額指數,452,綜合商品批發業,09608,173.69,110年=100
營業額指數,452,綜合商品批發業,09609,158.02,110年=100
營業額指數,452,綜合商品批發業,09610,169.24,110年=100
營業額指數,452,綜合商品批發業,09611,159.56,110年=100
營業額指數,452,綜合商品批發業,09612,161.94,110年=100
營業額指數,452,綜合商品批發業,09701,159.33,110年=100
營業額指數,452,綜合商品批發業,09702,143.50,110年=100
營業額指數,452,綜合商品批發業,09703,152.61,110年=100
營業額指數,452,綜合商品批發業,09704,154.54,110年=100
營業額指數,452,綜合商品批發業,09705,152.63,110年=100
營業額指數,452,綜合商品批發業,09706,150.26,110年=100
營業額指數,452,綜合商品批發業,09707,151.24,110年=100
營業額指數,452,綜合商品批發業,09708,151.32,110年=100
營業額指數,452,綜合商品批發業,09709,143.14,110年=100
營業額指數,452,綜合商品批發業,09710,141.97,110年=100
營業額指數,452,綜合商品批發業,09711,130.67,110年=100
營業額指數,452,綜合商品批發業,09712,130.03,110年=100
營業額指數,452,綜合商品批發業,09801,117.37,110年=100
營業額指數,452,綜合商品批發業,09802,110.31,110年=100
營業額指數,452,綜合商品批發業,09803,120.20,110年=100
營業額指數,452,綜合商品批發業,09804,121.01,110年=100
營業額指數,452,綜合商品批發業,09805,120.34,110年=100
營業額指數,452,綜合商品批發業,09806,119.70,110年=100
營業額指數,452,綜合商品批發業,09807,127.71,110年=100
營業額指數,452,綜合商品批發業,09808,130.46,110年=100
營業額指數,452,綜合商品批發業,09809,130.57,110年=100
營業額指數,452,綜合商品批發業,09810,129.11,110年=100
營業額指數,452,綜合商品批發業,09811,124.68,110年=100
營業額指數,452,綜合商品批發業,09812,124.63,110年=100
營業額指數,452,綜合商品批發業,09901,124.27,110年=100
營業額指數,452,綜合商品批發業,09902,110.10,110年=100
營業額指數,452,綜合商品批發業,09903,121.36,110年=100
營業額指數,452,綜合商品批發業,09904,119.42,110年=100
營業額指數,452,綜合商品批發業,09905,118.42,110年=100
營業額指數,452,綜合商品批發業,09906,117.61,110年=100
營業額指數,452,綜合商品批發業,09907,130.49,110年=100
營業額指數,452,綜合商品批發業,09908,123.85,110年=100
營業額指數,452,綜合商品批發業,09909,123.60,110年=100
營業額指數,452,綜合商品批發業,09910,123.90,110年=100
營業額指數,452,綜合商品批發業,09911,120.64,110年=100
營業額指數,452,綜合商品批發業,09912,119.23,110年=100
營業額指數,452,綜合商品批發業,10001,119.04,110年=100
營業額指數,452,綜合商品批發業,10002,103.52,110年=100
營業額指數,452,綜合商品批發業,10003,113.81,110年=100
營業額指數,452,綜合商品批發業,10004,108.61,110年=100
營業額指數,452,綜合商品批發業,10005,109.51,110年=100
營業額指數,452,綜合商品批發業,10006,108.43,110年=100
營業額指數,452,綜合商品批發業,10007,117.16,110年=100
營業額指數,452,綜合商品批發業,10008,116.69,110年=100
營業額指數,452,綜合商品批發業,10009,111.99,110年=100
營業額指數,452,綜合商品批發業,10010,113.91,110年=100
營業額指數,452,綜合商品批發業,10011,111.50,110年=100
營業額指數,452,綜合商品批發業,10012,114.04,110年=100
營業額指數,452,綜合商品批發業,10101,102.94,110年=100
營業額指數,452,綜合商品批發業,10102,99.06,110年=100
營業額指數,452,綜合商品批發業,10103,102.65,110年=100
營業額指數,452,綜合商品批發業,10104,101.04,110年=100
營業額指數,452,綜合商品批發業,10105,108.28,110年=100
營業額指數,452,綜合商品批發業,10106,106.44,110年=100
營業額指數,452,綜合商品批發業,10107,110.99,110年=100
營業額指數,452,綜合商品批發業,10108,109.60,110年=100
營業額指數,452,綜合商品批發業,10109,104.85,110年=100
營業額指數,452,綜合商品批發業,10110,112.89,110年=100
營業額指數,452,綜合商品批發業,10111,102.89,110年=100
營業額指數,452,綜合商品批發業,10112,105.94,110年=100
營業額指數,452,綜合商品批發業,10201,102.57,110年=100
營業額指數,452,綜合商品批發業,10202,84.39,110年=100
營業額指數,452,綜合商品批發業,10203,99.96,110年=100
營業額指數,452,綜合商品批發業,10204,100.80,110年=100
營業額指數,452,綜合商品批發業,10205,105.08,110年=100
營業額指數,452,綜合商品批發業,10206,101.41,110年=100
營業額指數,452,綜合商品批發業,10207,108.83,110年=100
營業額指數,452,綜合商品批發業,10208,107.07,110年=100
營業額指數,452,綜合商品批發業,10209,101.55,110年=100
營業額指數,452,綜合商品批發業,10210,107.26,110年=100
營業額指數,452,綜合商品批發業,10211,104.13,110年=100
營業額指數,452,綜合商品批發業,10212,102.86,110年=100
營業額指數,452,綜合商品批發業,10301,100.80,110年=100
營業額指數,452,綜合商品批發業,10302,80.71,110年=100
營業額指數,452,綜合商品批發業,10303,87.85,110年=100
營業額指數,452,綜合商品批發業,10304,93.21,110年=100
營業額指數,452,綜合商品批發業,10305,93.29,110年=100
營業額指數,452,綜合商品批發業,10306,94.27,110年=100
營業額指數,452,綜合商品批發業,10307,100.00,110年=100
營業額指數,452,綜合商品批發業,10308,95.19,110年=100
營業額指數,452,綜合商品批發業,10309,94.33,110年=100
營業額指數,452,綜合商品批發業,10310,95.82,110年=100
營業額指數,452,綜合商品批發業,10311,92.10,110年=100
營業額指數,452,綜合商品批發業,10312,103.05,110年=100
營業額指數,452,綜合商品批發業,10401,98.06,110年=100
營業額指數,452,綜合商品批發業,10402,81.88,110年=100
營業額指數,452,綜合商品批發業,10403,87.79,110年=100
營業額指數,452,綜合商品批發業,10404,88.09,110年=100
營業額指數,452,綜合商品批發業,10405,89.63,110年=100
營業額指數,452,綜合商品批發業,10406,92.83,110年=100
營業額指數,452,綜合商品批發業,10407,97.96,110年=100
營業額指數,452,綜合商品批發業,10408,97.20,110年=100
營業額指數,452,綜合商品批發業,10409,90.19,110年=100
營業額指數,452,綜合商品批發業,10410,90.81,110年=100
營業額指數,452,綜合商品批發業,10411,87.25,110年=100
營業額指數,452,綜合商品批發業,10412,92.05,110年=100
營業額指數,452,綜合商品批發業,10501,90.13,110年=100
營業額指數,452,綜合商品批發業,10502,74.46,110年=100
營業額指數,452,綜合商品批發業,10503,85.34,110年=100
營業額指數,452,綜合商品批發業,10504,78.54,110年=100
營業額指數,452,綜合商品批發業,10505,83.84,110年=100
營業額指數,452,綜合商品批發業,10506,85.81,110年=100
營業額指數,452,綜合商品批發業,10507,87.99,110年=100
營業額指數,452,綜合商品批發業,10508,93.16,110年=100
營業額指數,452,綜合商品批發業,10509,85.69,110年=100
營業額指數,452,綜合商品批發業,10510,85.64,110年=100
營業額指數,452,綜合商品批發業,10511,84.62,110年=100
營業額指數,452,綜合商品批發業,10512,89.03,110年=100
營業額指數,452,綜合商品批發業,10601,92.39,110年=100
營業額指數,452,綜合商品批發業,10602,73.78,110年=100
營業額指數,452,綜合商品批發業,10603,94.07,110年=100
營業額指數,452,綜合商品批發業,10604,79.68,110年=100
營業額指數,452,綜合商品批發業,10605,92.20,110年=100
營業額指數,452,綜合商品批發業,10606,92.79,110年=100
營業額指數,452,綜合商品批發業,10607,90.41,110年=100
營業額指數,452,綜合商品批發業,10608,95.35,110年=100
營業額指數,452,綜合商品批發業,10609,89.90,110年=100
營業額指數,452,綜合商品批發業,10610,85.62,110年=100
營業額指數,452,綜合商品批發業,10611,88.95,110年=100
營業額指數,452,綜合商品批發業,10612,92.79,110年=100
營業額指數,452,綜合商品批發業,10701,97.04,110年=100
營業額指數,452,綜合商品批發業,10702,77.77,110年=100
營業額指數,452,綜合商品批發業,10703,89.79,110年=100
營業額指數,452,綜合商品批發業,10704,81.87,110年=100
營業額指數,452,綜合商品批發業,10705,96.35,110年=100
營業額指數,452,綜合商品批發業,10706,91.57,110年=100
營業額指數,452,綜合商品批發業,10707,96.35,110年=100
營業額指數,452,綜合商品批發業,10708,96.10,110年=100
營業額指數,452,綜合商品批發業,10709,92.53,110年=100
營業額指數,452,綜合商品批發業,10710,98.30,110年=100
營業額指數,452,綜合商品批發業,10711,88.89,110年=100
營業額指數,452,綜合商品批發業,10712,95.14,110年=100
營業額指數,452,綜合商品批發業,10801,105.42,110年=100
營業額指數,452,綜合商品批發業,10802,74.06,110年=100
營業額指數,452,綜合商品批發業,10803,87.26,110年=100
營業額指數,452,綜合商品批發業,10804,85.52,110年=100
營業額指數,452,綜合商品批發業,10805,90.57,110年=100
營業額指數,452,綜合商品批發業,10806,88.65,110年=100
營業額指數,452,綜合商品批發業,10807,96.39,110年=100
營業額指數,452,綜合商品批發業,10808,92.09,110年=100
營業額指數,452,綜合商品批發業,10809,89.71,110年=100
營業額指數,452,綜合商品批發業,10810,93.10,110年=100
營業額指數,452,綜合商品批發業,10811,88.16,110年=100
營業額指數,452,綜合商品批發業,10812,98.41,110年=100
營業額指數,452,綜合商品批發業,10901,92.97,110年=100
營業額指數,452,綜合商品批發業,10902,85.68,110年=100
營業額指數,452,綜合商品批發業,10903,95.49,110年=100
營業額指數,452,綜合商品批發業,10904,98.48,110年=100
營業額指數,452,綜合商品批發業,10905,97.37,110年=100
營業額指數,452,綜合商品批發業,10906,96.74,110年=100
營業額指數,452,綜合商品批發業,10907,102.24,110年=100
營業額指數,452,綜合商品批發業,10908,102.94,110年=100
營業額指數,452,綜合商品批發業,10909,105.06,110年=100
營業額指數,452,綜合商品批發業,10910,102.99,110年=100
營業額指數,452,綜合商品批發業,10911,105.52,110年=100
營業額指數,452,綜合商品批發業,10912,108.10,110年=100
營業額指數,452,綜合商品批發業,11001,105.56,110年=100
營業額指數,452,綜合商品批發業,11002,92.78,110年=100
營業額指數,452,綜合商品批發業,11003,102.76,110年=100
營業額指數,452,綜合商品批發業,11004,98.22,110年=100
營業額指數,452,綜合商品批發業,11005,103.95,110年=100
營業額指數,452,綜合商品批發業,11006,97.09,110年=100
營業額指數,452,綜合商品批發業,11007,94.24,110年=100
營業額指數,452,綜合商品批發業,11008,98.90,110年=100
營業額指數,452,綜合商品批發業,11009,102.24,110年=100
營業額指數,452,綜合商品批發業,11010,96.92,110年=100
營業額指數,452,綜合商品批發業,11011,103.83,110年=100
營業額指數,452,綜合商品批發業,11012,103.51,110年=100
營業額指數,452,綜合商品批發業,11101,103.30,110年=100
營業額指數,452,綜合商品批發業,11102,84.64,110年=100
營業額指數,452,綜合商品批發業,11103,92.06,110年=100
營業額指數,452,綜合商品批發業,11104,86.30,110年=100
營業額指數,452,綜合商品批發業,11105,89.64,110年=100
營業額指數,452,綜合商品批發業,11106,87.93,110年=100
營業額指數,452,綜合商品批發業,11107,96.07,110年=100
營業額指數,452,綜合商品批發業,11108,93.80,110年=100
營業額指數,452,綜合商品批發業,11109,82.87,110年=100
營業額指數,452,綜合商品批發業,11110,88.73,110年=100
營業額指數,452,綜合商品批發業,11111,86.87,110年=100
營業額指數,452,綜合商品批發業,11112,93.11,110年=100
營業額指數,452,綜合商品批發業,11201,89.85,110年=100
營業額指數,452,綜合商品批發業,11202,82.38,110年=100
營業額指數,452,綜合商品批發業,11203,93.13,110年=100
營業額指數,452,綜合商品批發業,11204,90.52,110年=100
營業額指數,452,綜合商品批發業,11205,96.12,110年=100
營業額指數,452,綜合商品批發業,11206,91.49,110年=100
營業額指數,452,綜合商品批發業,11207,96.08,110年=100
營業額指數,452,綜合商品批發業,11208,95.99,110年=100
營業額指數,452,綜合商品批發業,11209,91.52,110年=100
營業額指數,452,綜合商品批發業,11210,89.43,110年=100
營業額指數,452,綜合商品批發業,11211,89.31,110年=100
營業額指數,452,綜合商品批發業,11212,91.77,110年=100
營業額指數,452,綜合商品批發業,11301,104.52,110年=100
營業額指數,452,綜合商品批發業,11302,81.08,110年=100
營業額指數,452,綜合商品批發業,11303,91.84,110年=100
營業額指數,452,綜合商品批發業,11304,92.17,110年=100
營業額指數,452,綜合商品批發業,11305,92.75,110年=100
營業額指數,452,綜合商品批發業,11306,95.18,110年=100
營業額指數,452,綜合商品批發業,11307,94.99,110年=100
營業額指數,452,綜合商品批發業,11308,96.70,110年=100
營業額指數,452,綜合商品批發業,11309,90.36,110年=100
營業額指數,452,綜合商品批發業,11310,91.25,110年=100
營業額指數,452,綜合商品批發業,11311,88.85,110年=100
營業額指數,452,綜合商品批發業,11312,98.11,110年=100
營業額指數,452,綜合商品批發業,11401,91.89,110年=100
營業額指數,452,綜合商品批發業,11402,82.73,110年=100
營業額指數,452,綜合商品批發業,11403,87.36,110年=100
營業額指數,452,綜合商品批發業,11404,89.99,110年=100
營業額指數,452,綜合商品批發業,11405,97.31,110年=100
營業額指數,452,綜合商品批發業,11406,94.81,110年=100
營業額指數,452,綜合商品批發業,11407,104.86,110年=100
營業額指數,452,綜合商品批發業,11408,96.30,110年=100
營業額指數,452,綜合商品批發業,11409,95.24,110年=100
營業額指數,452,綜合商品批發業,11410,94.08,110年=100
營業額指數,452,綜合商品批發業,11411,85.99,110年=100
營業額指數,452,綜合商品批發業,11412,87.85,110年=100
營業額指數,452,綜合商品批發業,11501,97.18,110年=100
營業額指數,452,綜合商品批發業,11502,74.14,110年=100
營業額指數,453,農產原料及活動物批發業,08801,91.46,110年=100
營業額指數,453,農產原料及活動物批發業,08802,89.98,110年=100
營業額指數,453,農產原料及活動物批發業,08803,95.39,110年=100
營業額指數,453,農產原料及活動物批發業,08804,99.78,110年=100
營業額指數,453,農產原料及活動物批發業,08805,95.37,110年=100
營業額指數,453,農產原料及活動物批發業,08806,99.12,110年=100
營業額指數,453,農產原料及活動物批發業,08807,103.31,110年=100
營業額指數,453,農產原料及活動物批發業,08808,100.74,110年=100
營業額指數,453,農產原料及活動物批發業,08809,112.93,110年=100
營業額指數,453,農產原料及活動物批發業,08810,111.33,110年=100
營業額指數,453,農產原料及活動物批發業,08811,114.90,110年=100
營業額指數,453,農產原料及活動物批發業,08812,120.26,110年=100
營業額指數,453,農產原料及活動物批發業,08901,119.23,110年=100
營業額指數,453,農產原料及活動物批發業,08902,120.22,110年=100
營業額指數,453,農產原料及活動物批發業,08903,131.88,110年=100
營業額指數,453,農產原料及活動物批發業,08904,133.01,110年=100
營業額指數,453,農產原料及活動物批發業,08905,127.66,110年=100
營業額指數,453,農產原料及活動物批發業,08906,134.40,110年=100
營業額指數,453,農產原料及活動物批發業,08907,143.68,110年=100
營業額指數,453,農產原料及活動物批發業,08908,138.96,110年=100
營業額指數,453,農產原料及活動物批發業,08909,139.22,110年=100
營業額指數,453,農產原料及活動物批發業,08910,137.81,110年=100
營業額指數,453,農產原料及活動物批發業,08911,133.67,110年=100
營業額指數,453,農產原料及活動物批發業,08912,138.83,110年=100
營業額指數,453,農產原料及活動物批發業,09001,137.88,110年=100
營業額指數,453,農產原料及活動物批發業,09002,136.46,110年=100
營業額指數,453,農產原料及活動物批發業,09003,146.08,110年=100
營業額指數,453,農產原料及活動物批發業,09004,136.98,110年=100
營業額指數,453,農產原料及活動物批發業,09005,137.05,110年=100
營業額指數,453,農產原料及活動物批發業,09006,139.21,110年=100
營業額指數,453,農產原料及活動物批發業,09007,135.34,110年=100
營業額指數,453,農產原料及活動物批發業,09008,132.06,110年=100
營業額指數,453,農產原料及活動物批發業,09009,126.88,110年=100
營業額指數,453,農產原料及活動物批發業,09010,123.05,110年=100
營業額指數,453,農產原料及活動物批發業,09011,134.03,110年=100
營業額指數,453,農產原料及活動物批發業,09012,150.52,110年=100
營業額指數,453,農產原料及活動物批發業,09101,142.39,110年=100
營業額指數,453,農產原料及活動物批發業,09102,135.70,110年=100
營業額指數,453,農產原料及活動物批發業,09103,151.51,110年=100
營業額指數,453,農產原料及活動物批發業,09104,149.13,110年=100
營業額指數,453,農產原料及活動物批發業,09105,151.51,110年=100
營業額指數,453,農產原料及活動物批發業,09106,144.53,110年=100
營業額指數,453,農產原料及活動物批發業,09107,139.46,110年=100
營業額指數,453,農產原料及活動物批發業,09108,137.21,110年=100
營業額指數,453,農產原料及活動物批發業,09109,148.70,110年=100
營業額指數,453,農產原料及活動物批發業,09110,150.62,110年=100
營業額指數,453,農產原料及活動物批發業,09111,144.50,110年=100
營業額指數,453,農產原料及活動物批發業,09112,147.10,110年=100
營業額指數,453,農產原料及活動物批發業,09201,139.09,110年=100
營業額指數,453,農產原料及活動物批發業,09202,129.99,110年=100
營業額指數,453,農產原料及活動物批發業,09203,146.56,110年=100
營業額指數,453,農產原料及活動物批發業,09204,135.78,110年=100
營業額指數,453,農產原料及活動物批發業,09205,133.74,110年=100
營業額指數,453,農產原料及活動物批發業,09206,149.11,110年=100
營業額指數,453,農產原料及活動物批發業,09207,143.39,110年=100
營業額指數,453,農產原料及活動物批發業,09208,146.92,110年=100
營業額指數,453,農產原料及活動物批發業,09209,148.00,110年=100
營業額指數,453,農產原料及活動物批發業,09210,145.59,110年=100
營業額指數,453,農產原料及活動物批發業,09211,154.50,110年=100
營業額指數,453,農產原料及活動物批發業,09212,153.20,110年=100
營業額指數,453,農產原料及活動物批發業,09301,133.19,110年=100
營業額指數,453,農產原料及活動物批發業,09302,117.99,110年=100
營業額指數,453,農產原料及活動物批發業,09303,120.20,110年=100
營業額指數,453,農產原料及活動物批發業,09304,122.18,110年=100
營業額指數,453,農產原料及活動物批發業,09305,117.26,110年=100
營業額指數,453,農產原料及活動物批發業,09306,120.09,110年=100
營業額指數,453,農產原料及活動物批發業,09307,113.05,110年=100
營業額指數,453,農產原料及活動物批發業,09308,125.92,110年=100
營業額指數,453,農產原料及活動物批發業,09309,131.59,110年=100
營業額指數,453,農產原料及活動物批發業,09310,143.47,110年=100
營業額指數,453,農產原料及活動物批發業,09311,143.70,110年=100
營業額指數,453,農產原料及活動物批發業,09312,155.98,110年=100
營業額指數,453,農產原料及活動物批發業,09401,136.58,110年=100
營業額指數,453,農產原料及活動物批發業,09402,128.38,110年=100
營業額指數,453,農產原料及活動物批發業,09403,133.69,110年=100
營業額指數,453,農產原料及活動物批發業,09404,131.55,110年=100
營業額指數,453,農產原料及活動物批發業,09405,126.66,110年=100
營業額指數,453,農產原料及活動物批發業,09406,121.24,110年=100
營業額指數,453,農產原料及活動物批發業,09407,127.88,110年=100
營業額指數,453,農產原料及活動物批發業,09408,124.10,110年=100
營業額指數,453,農產原料及活動物批發業,09409,119.99,110年=100
營業額指數,453,農產原料及活動物批發業,09410,119.77,110年=100
營業額指數,453,農產原料及活動物批發業,09411,130.05,110年=100
營業額指數,453,農產原料及活動物批發業,09412,136.02,110年=100
營業額指數,453,農產原料及活動物批發業,09501,130.31,110年=100
營業額指數,453,農產原料及活動物批發業,09502,131.47,110年=100
營業額指數,453,農產原料及活動物批發業,09503,141.00,110年=100
營業額指數,453,農產原料及活動物批發業,09504,144.50,110年=100
營業額指數,453,農產原料及活動物批發業,09505,122.17,110年=100
營業額指數,453,農產原料及活動物批發業,09506,139.82,110年=100
營業額指數,453,農產原料及活動物批發業,09507,146.76,110年=100
營業額指數,453,農產原料及活動物批發業,09508,145.13,110年=100
營業額指數,453,農產原料及活動物批發業,09509,144.06,110年=100
營業額指數,453,農產原料及活動物批發業,09510,146.50,110年=100
營業額指數,453,農產原料及活動物批發業,09511,134.81,110年=100
營業額指數,453,農產原料及活動物批發業,09512,136.97,110年=100
營業額指數,453,農產原料及活動物批發業,09601,137.16,110年=100
營業額指數,453,農產原料及活動物批發業,09602,116.09,110年=100
營業額指數,453,農產原料及活動物批發業,09603,142.02,110年=100
營業額指數,453,農產原料及活動物批發業,09604,138.55,110年=100
營業額指數,453,農產原料及活動物批發業,09605,144.63,110年=100
營業額指數,453,農產原料及活動物批發業,09606,141.55,110年=100
營業額指數,453,農產原料及活動物批發業,09607,147.15,110年=100
營業額指數,453,農產原料及活動物批發業,09608,139.26,110年=100
營業額指數,453,農產原料及活動物批發業,09609,120.54,110年=100
營業額指數,453,農產原料及活動物批發業,09610,120.63,110年=100
營業額指數,453,農產原料及活動物批發業,09611,115.38,110年=100
營業額指數,453,農產原料及活動物批發業,09612,125.62,110年=100
營業額指數,453,農產原料及活動物批發業,09701,119.15,110年=100
營業額指數,453,農產原料及活動物批發業,09702,97.27,110年=100
營業額指數,453,農產原料及活動物批發業,09703,118.10,110年=100
營業額指數,453,農產原料及活動物批發業,09704,119.87,110年=100
營業額指數,453,農產原料及活動物批發業,09705,121.63,110年=100
營業額指數,453,農產原料及活動物批發業,09706,106.20,110年=100
營業額指數,453,農產原料及活動物批發業,09707,122.49,110年=100
營業額指數,453,農產原料及活動物批發業,09708,116.07,110年=100
營業額指數,453,農產原料及活動物批發業,09709,107.88,110年=100
營業額指數,453,農產原料及活動物批發業,09710,102.43,110年=100
營業額指數,453,農產原料及活動物批發業,09711,96.42,110年=100
營業額指數,453,農產原料及活動物批發業,09712,117.27,110年=100
營業額指數,453,農產原料及活動物批發業,09801,101.76,110年=100
營業額指數,453,農產原料及活動物批發業,09802,102.09,110年=100
營業額指數,453,農產原料及活動物批發業,09803,104.54,110年=100
營業額指數,453,農產原料及活動物批發業,09804,98.90,110年=100
營業額指數,453,農產原料及活動物批發業,09805,92.68,110年=100
營業額指數,453,農產原料及活動物批發業,09806,102.15,110年=100
營業額指數,453,農產原料及活動物批發業,09807,104.14,110年=100
營業額指數,453,農產原料及活動物批發業,09808,97.07,110年=100
營業額指數,453,農產原料及活動物批發業,09809,99.47,110年=100
營業額指數,453,農產原料及活動物批發業,09810,100.17,110年=100
營業額指數,453,農產原料及活動物批發業,09811,107.60,110年=100
營業額指數,453,農產原料及活動物批發業,09812,121.94,110年=100
營業額指數,453,農產原料及活動物批發業,09901,109.42,110年=100
營業額指數,453,農產原料及活動物批發業,09902,101.28,110年=100
營業額指數,453,農產原料及活動物批發業,09903,105.60,110年=100
營業額指數,453,農產原料及活動物批發業,09904,103.05,110年=100
營業額指數,453,農產原料及活動物批發業,09905,104.32,110年=100
營業額指數,453,農產原料及活動物批發業,09906,99.57,110年=100
營業額指數,453,農產原料及活動物批發業,09907,98.89,110年=100
營業額指數,453,農產原料及活動物批發業,09908,104.99,110年=100
營業額指數,453,農產原料及活動物批發業,09909,110.29,110年=100
營業額指數,453,農產原料及活動物批發業,09910,105.39,110年=100
營業額指數,453,農產原料及活動物批發業,09911,112.47,110年=100
營業額指數,453,農產原料及活動物批發業,09912,118.18,110年=100
營業額指數,453,農產原料及活動物批發業,10001,109.27,110年=100
營業額指數,453,農產原料及活動物批發業,10002,99.02,110年=100
營業額指數,453,農產原料及活動物批發業,10003,99.89,110年=100
營業額指數,453,農產原料及活動物批發業,10004,98.33,110年=100
營業額指數,453,農產原料及活動物批發業,10005,93.09,110年=100
營業額指數,453,農產原料及活動物批發業,10006,93.53,110年=100
營業額指數,453,農產原料及活動物批發業,10007,94.22,110年=100
營業額指數,453,農產原料及活動物批發業,10008,100.01,110年=100
營業額指數,453,農產原料及活動物批發業,10009,100.08,110年=100
營業額指數,453,農產原料及活動物批發業,10010,100.62,110年=100
營業額指數,453,農產原料及活動物批發業,10011,107.87,110年=100
營業額指數,453,農產原料及活動物批發業,10012,108.38,110年=100
營業額指數,453,農產原料及活動物批發業,10101,97.86,110年=100
營業額指數,453,農產原料及活動物批發業,10102,98.88,110年=100
營業額指數,453,農產原料及活動物批發業,10103,105.03,110年=100
營業額指數,453,農產原料及活動物批發業,10104,102.08,110年=100
營業額指數,453,農產原料及活動物批發業,10105,91.50,110年=100
營業額指數,453,農產原料及活動物批發業,10106,90.65,110年=100
營業額指數,453,農產原料及活動物批發業,10107,89.65,110年=100
營業額指數,453,農產原料及活動物批發業,10108,90.87,110年=100
營業額指數,453,農產原料及活動物批發業,10109,89.69,110年=100
營業額指數,453,農產原料及活動物批發業,10110,99.79,110年=100
營業額指數,453,農產原料及活動物批發業,10111,106.33,110年=100
營業額指數,453,農產原料及活動物批發業,10112,101.14,110年=100
營業額指數,453,農產原料及活動物批發業,10201,95.80,110年=100
營業額指數,453,農產原料及活動物批發業,10202,94.89,110年=100
營業額指數,453,農產原料及活動物批發業,10203,106.45,110年=100
營業額指數,453,農產原料及活動物批發業,10204,99.34,110年=100
營業額指數,453,農產原料及活動物批發業,10205,99.00,110年=100
營業額指數,453,農產原料及活動物批發業,10206,98.19,110年=100
營業額指數,453,農產原料及活動物批發業,10207,99.03,110年=100
營業額指數,453,農產原料及活動物批發業,10208,93.10,110年=100
營業額指數,453,農產原料及活動物批發業,10209,88.01,110年=100
營業額指數,453,農產原料及活動物批發業,10210,98.42,110年=100
營業額指數,453,農產原料及活動物批發業,10211,101.26,110年=100
營業額指數,453,農產原料及活動物批發業,10212,104.12,110年=100
營業額指數,453,農產原料及活動物批發業,10301,95.11,110年=100
營業額指數,453,農產原料及活動物批發業,10302,75.82,110年=100
營業額指數,453,農產原料及活動物批發業,10303,89.85,110年=100
營業額指數,453,農產原料及活動物批發業,10304,88.02,110年=100
營業額指數,453,農產原料及活動物批發業,10305,88.86,110年=100
營業額指數,453,農產原料及活動物批發業,10306,89.96,110年=100
營業額指數,453,農產原料及活動物批發業,10307,93.32,110年=100
營業額指數,453,農產原料及活動物批發業,10308,82.35,110年=100
營業額指數,453,農產原料及活動物批發業,10309,84.35,110年=100
營業額指數,453,農產原料及活動物批發業,10310,86.60,110年=100
營業額指數,453,農產原料及活動物批發業,10311,91.07,110年=100
營業額指數,453,農產原料及活動物批發業,10312,96.69,110年=100
營業額指數,453,農產原料及活動物批發業,10401,90.63,110年=100
營業額指數,453,農產原料及活動物批發業,10402,79.43,110年=100
營業額指數,453,農產原料及活動物批發業,10403,94.15,110年=100
營業額指數,453,農產原料及活動物批發業,10404,92.39,110年=100
營業額指數,453,農產原料及活動物批發業,10405,89.25,110年=100
營業額指數,453,農產原料及活動物批發業,10406,85.05,110年=100
營業額指數,453,農產原料及活動物批發業,10407,94.21,110年=100
營業額指數,453,農產原料及活動物批發業,10408,84.89,110年=100
營業額指數,453,農產原料及活動物批發業,10409,79.14,110年=100
營業額指數,453,農產原料及活動物批發業,10410,80.91,110年=100
營業額指數,453,農產原料及活動物批發業,10411,86.65,110年=100
營業額指數,453,農產原料及活動物批發業,10412,100.87,110年=100
營業額指數,453,農產原料及活動物批發業,10501,93.20,110年=100
營業額指數,453,農產原料及活動物批發業,10502,68.33,110年=100
營業額指數,453,農產原料及活動物批發業,10503,84.82,110年=100
營業額指數,453,農產原料及活動物批發業,10504,79.69,110年=100
營業額指數,453,農產原料及活動物批發業,10505,85.33,110年=100
營業額指數,453,農產原料及活動物批發業,10506,88.32,110年=100
營業額指數,453,農產原料及活動物批發業,10507,84.11,110年=100
營業額指數,453,農產原料及活動物批發業,10508,87.93,110年=100
營業額指數,453,農產原料及活動物批發業,10509,79.41,110年=100
營業額指數,453,農產原料及活動物批發業,10510,75.41,110年=100
營業額指數,453,農產原料及活動物批發業,10511,77.92,110年=100
營業額指數,453,農產原料及活動物批發業,10512,90.35,110年=100
營業額指數,453,農產原料及活動物批發業,10601,95.52,110年=100
營業額指數,453,農產原料及活動物批發業,10602,77.85,110年=100
營業額指數,453,農產原料及活動物批發業,10603,104.11,110年=100
營業額指數,453,農產原料及活動物批發業,10604,75.07,110年=100
營業額指數,453,農產原料及活動物批發業,10605,76.53,110年=100
營業額指數,453,農產原料及活動物批發業,10606,78.69,110年=100
營業額指數,453,農產原料及活動物批發業,10607,70.28,110年=100
營業額指數,453,農產原料及活動物批發業,10608,91.51,110年=100
營業額指數,453,農產原料及活動物批發業,10609,83.04,110年=100
營業額指數,453,農產原料及活動物批發業,10610,77.86,110年=100
營業額指數,453,農產原料及活動物批發業,10611,84.73,110年=100
營業額指數,453,農產原料及活動物批發業,10612,88.40,110年=100
營業額指數,453,農產原料及活動物批發業,10701,91.88,110年=100
營業額指數,453,農產原料及活動物批發業,10702,73.81,110年=100
營業額指數,453,農產原料及活動物批發業,10703,92.13,110年=100
營業額指數,453,農產原料及活動物批發業,10704,86.96,110年=100
營業額指數,453,農產原料及活動物批發業,10705,86.88,110年=100
營業額指數,453,農產原料及活動物批發業,10706,85.23,110年=100
營業額指數,453,農產原料及活動物批發業,10707,83.68,110年=100
營業額指數,453,農產原料及活動物批發業,10708,89.93,110年=100
營業額指數,453,農產原料及活動物批發業,10709,83.65,110年=100
營業額指數,453,農產原料及活動物批發業,10710,93.25,110年=100
營業額指數,453,農產原料及活動物批發業,10711,93.42,110年=100
營業額指數,453,農產原料及活動物批發業,10712,98.54,110年=100
營業額指數,453,農產原料及活動物批發業,10801,115.44,110年=100
營業額指數,453,農產原料及活動物批發業,10802,78.31,110年=100
營業額指數,453,農產原料及活動物批發業,10803,101.82,110年=100
營業額指數,453,農產原料及活動物批發業,10804,91.91,110年=100
營業額指數,453,農產原料及活動物批發業,10805,103.00,110年=100
營業額指數,453,農產原料及活動物批發業,10806,98.37,110年=100
營業額指數,453,農產原料及活動物批發業,10807,112.06,110年=100
營業額指數,453,農產原料及活動物批發業,10808,96.70,110年=100
營業額指數,453,農產原料及活動物批發業,10809,93.05,110年=100
營業額指數,453,農產原料及活動物批發業,10810,94.41,110年=100
營業額指數,453,農產原料及活動物批發業,10811,95.53,110年=100
營業額指數,453,農產原料及活動物批發業,10812,98.39,110年=100
營業額指數,453,農產原料及活動物批發業,10901,92.45,110年=100
營業額指數,453,農產原料及活動物批發業,10902,101.06,110年=100
營業額指數,453,農產原料及活動物批發業,10903,99.00,110年=100
營業額指數,453,農產原料及活動物批發業,10904,85.94,110年=100
營業額指數,453,農產原料及活動物批發業,10905,83.89,110年=100
營業額指數,453,農產原料及活動物批發業,10906,97.95,110年=100
營業額指數,453,農產原料及活動物批發業,10907,104.26,110年=100
營業額指數,453,農產原料及活動物批發業,10908,91.60,110年=100
營業額指數,453,農產原料及活動物批發業,10909,98.61,110年=100
營業額指數,453,農產原料及活動物批發業,10910,93.41,110年=100
營業額指數,453,農產原料及活動物批發業,10911,90.91,110年=100
營業額指數,453,農產原料及活動物批發業,10912,98.56,110年=100
營業額指數,453,農產原料及活動物批發業,11001,92.31,110年=100
營業額指數,453,農產原料及活動物批發業,11002,80.29,110年=100
營業額指數,453,農產原料及活動物批發業,11003,109.52,110年=100
營業額指數,453,農產原料及活動物批發業,11004,103.29,110年=100
營業額指數,453,農產原料及活動物批發業,11005,102.09,110年=100
營業額指數,453,農產原料及活動物批發業,11006,91.52,110年=100
營業額指數,453,農產原料及活動物批發業,11007,114.02,110年=100
營業額指數,453,農產原料及活動物批發業,11008,99.63,110年=100
營業額指數,453,農產原料及活動物批發業,11009,100.47,110年=100
營業額指數,453,農產原料及活動物批發業,11010,92.44,110年=100
營業額指數,453,農產原料及活動物批發業,11011,109.71,110年=100
營業額指數,453,農產原料及活動物批發業,11012,104.70,110年=100
營業額指數,453,農產原料及活動物批發業,11101,113.10,110年=100
營業額指數,453,農產原料及活動物批發業,11102,75.86,110年=100
營業額指數,453,農產原料及活動物批發業,11103,108.68,110年=100
營業額指數,453,農產原料及活動物批發業,11104,94.83,110年=100
營業額指數,453,農產原料及活動物批發業,11105,93.98,110年=100
營業額指數,453,農產原料及活動物批發業,11106,89.15,110年=100
營業額指數,453,農產原料及活動物批發業,11107,104.92,110年=100
營業額指數,453,農產原料及活動物批發業,11108,100.72,110年=100
營業額指數,453,農產原料及活動物批發業,11109,103.78,110年=100
營業額指數,453,農產原料及活動物批發業,11110,100.59,110年=100
營業額指數,453,農產原料及活動物批發業,11111,117.63,110年=100
營業額指數,453,農產原料及活動物批發業,11112,108.17,110年=100
營業額指數,453,農產原料及活動物批發業,11201,77.60,110年=100
營業額指數,453,農產原料及活動物批發業,11202,83.78,110年=100
營業額指數,453,農產原料及活動物批發業,11203,94.62,110年=100
營業額指數,453,農產原料及活動物批發業,11204,85.37,110年=100
營業額指數,453,農產原料及活動物批發業,11205,87.54,110年=100
營業額指數,453,農產原料及活動物批發業,11206,86.78,110年=100
營業額指數,453,農產原料及活動物批發業,11207,90.72,110年=100
營業額指數,453,農產原料及活動物批發業,11208,90.64,110年=100
營業額指數,453,農產原料及活動物批發業,11209,77.70,110年=100
營業額指數,453,農產原料及活動物批發業,11210,77.59,110年=100
營業額指數,453,農產原料及活動物批發業,11211,87.24,110年=100
營業額指數,453,農產原料及活動物批發業,11212,82.68,110年=100
營業額指數,453,農產原料及活動物批發業,11301,82.29,110年=100
營業額指數,453,農產原料及活動物批發業,11302,75.11,110年=100
營業額指數,453,農產原料及活動物批發業,11303,87.77,110年=100
營業額指數,453,農產原料及活動物批發業,11304,85.42,110年=100
營業額指數,453,農產原料及活動物批發業,11305,82.12,110年=100
營業額指數,453,農產原料及活動物批發業,11306,81.47,110年=100
營業額指數,453,農產原料及活動物批發業,11307,84.29,110年=100
營業額指數,453,農產原料及活動物批發業,11308,71.82,110年=100
營業額指數,453,農產原料及活動物批發業,11309,73.65,110年=100
營業額指數,453,農產原料及活動物批發業,11310,80.17,110年=100
營業額指數,453,農產原料及活動物批發業,11311,74.15,110年=100
營業額指數,453,農產原料及活動物批發業,11312,73.83,110年=100
營業額指數,453,農產原料及活動物批發業,11401,69.31,110年=100
營業額指數,453,農產原料及活動物批發業,11402,73.72,110年=100
營業額指數,453,農產原料及活動物批發業,11403,76.07,110年=100
營業額指數,453,農產原料及活動物批發業,11404,75.29,110年=100
營業額指數,453,農產原料及活動物批發業,11405,76.04,110年=100
營業額指數,453,農產原料及活動物批發業,11406,75.76,110年=100
營業額指數,453,農產原料及活動物批發業,11407,68.94,110年=100
營業額指數,453,農產原料及活動物批發業,11408,65.07,110年=100
營業額指數,453,農產原料及活動物批發業,11409,67.83,110年=100
營業額指數,453,農產原料及活動物批發業,11410,68.42,110年=100
營業額指數,453,農產原料及活動物批發業,11411,71.26,110年=100
營業額指數,453,農產原料及活動物批發業,11412,79.66,110年=100
營業額指數,453,農產原料及活動物批發業,11501,72.53,110年=100
營業額指數,453,農產原料及活動物批發業,11502,62.47,110年=100
營業額指數,454,食品、飲料及菸草製品批發業,08801,56.13,110年=100
營業額指數,454,食品、飲料及菸草製品批發業,08802,55.85,110年=100
營業額指數,454,食品、飲料及菸草製品批發業,08803,57.61,110年=100
營業額指數,454,食品、飲料及菸草製品批發業,08804,57.68,110年=100
營業額指數,454,食品、飲料及菸草製品批發業,08805,57.95,110年=100
營業額指數,454,食品、飲料及菸草製品批發業,08806,58.99,110年=100
營業額指數,454,食品、飲料及菸草製品批發業,08807,60.77,110年=100
營業額指數,454,食品、飲料及菸草製品批發業,08808,61.23,110年=100
營業額指數,454,食品、飲料及菸草製品批發業,08809,61.45,110年=100
營業額指數,454,食品、飲料及菸草製品批發業,08810,61.38,110年=100
營業額指數,454,食品、飲料及菸草製品批發業,08811,62.04,110年=100
營業額指數,454,食品、飲料及菸草製品批發業,08812,64.52,110年=100
營業額指數,454,食品、飲料及菸草製品批發業,08901,64.34,110年=100
營業額指數,454,食品、飲料及菸草製品批發業,08902,63.57,110年=100
營業額指數,454,食品、飲料及菸草製品批發業,08903,67.98,110年=100
營業額指數,454,食品、飲料及菸草製品批發業,08904,69.54,110年=100
營業額指數,454,食品、飲料及菸草製品批發業,08905,70.30,110年=100
營業額指數,454,食品、飲料及菸草製品批發業,08906,70.38,110年=100
營業額指數,454,食品、飲料及菸草製品批發業,08907,74.97,110年=100
營業額指數,454,食品、飲料及菸草製品批發業,08908,75.31,110年=100
營業額指數,454,食品、飲料及菸草製品批發業,08909,73.81,110年=100
營業額指數,454,食品、飲料及菸草製品批發業,08910,73.68,110年=100
營業額指數,454,食品、飲料及菸草製品批發業,08911,70.79,110年=100
營業額指數,454,食品、飲料及菸草製品批發業,08912,71.77,110年=100
營業額指數,454,食品、飲料及菸草製品批發業,09001,71.21,110年=100
營業額指數,454,食品、飲料及菸草製品批發業,09002,66.72,110年=100
營業額指數,454,食品、飲料及菸草製品批發業,09003,70.54,110年=100
營業額指數,454,食品、飲料及菸草製品批發業,09004,68.37,110年=100
營業額指數,454,食品、飲料及菸草製品批發業,09005,68.45,110年=100
營業額指數,454,食品、飲料及菸草製品批發業,09006,67.78,110年=100
營業額指數,454,食品、飲料及菸草製品批發業,09007,68.33,110年=100
營業額指數,454,食品、飲料及菸草製品批發業,09008,72.19,110年=100
營業額指數,454,食品、飲料及菸草製品批發業,09009,66.03,110年=100
營業額指數,454,食品、飲料及菸草製品批發業,09010,67.82,110年=100
營業額指數,454,食品、飲料及菸草製品批發業,09011,69.12,110年=100
營業額指數,454,食品、飲料及菸草製品批發業,09012,72.79,110年=100
營業額指數,454,食品、飲料及菸草製品批發業,09101,68.24,110年=100
營業額指數,454,食品、飲料及菸草製品批發業,09102,63.80,110年=100
營業額指數,454,食品、飲料及菸草製品批發業,09103,68.95,110年=100
營業額指數,454,食品、飲料及菸草製品批發業,09104,69.36,110年=100
營業額指數,454,食品、飲料及菸草製品批發業,09105,70.70,110年=100
營業額指數,454,食品、飲料及菸草製品批發業,09106,71.33,110年=100
營業額指數,454,食品、飲料及菸草製品批發業,09107,72.07,110年=100
營業額指數,454,食品、飲料及菸草製品批發業,09108,73.31,110年=100
營業額指數,454,食品、飲料及菸草製品批發業,09109,71.39,110年=100
營業額指數,454,食品、飲料及菸草製品批發業,09110,73.62,110年=100
營業額指數,454,食品、飲料及菸草製品批發業,09111,71.14,110年=100
營業額指數,454,食品、飲料及菸草製品批發業,09112,73.67,110年=100
營業額指數,454,食品、飲料及菸草製品批發業,09201,75.52,110年=100
營業額指數,454,食品、飲料及菸草製品批發業,09202,66.87,110年=100
營業額指數,454,食品、飲料及菸草製品批發業,09203,75.05,110年=100
營業額指數,454,食品、飲料及菸草製品批發業,09204,74.94,110年=100
營業額指數,454,食品、飲料及菸草製品批發業,09205,71.35,110年=100
營業額指數,454,食品、飲料及菸草製品批發業,09206,73.04,110年=100
營業額指數,454,食品、飲料及菸草製品批發業,09207,76.40,110年=100
營業額指數,454,食品、飲料及菸草製品批發業,09208,76.49,110年=100
營業額指數,454,食品、飲料及菸草製品批發業,09209,73.75,110年=100
營業額指數,454,食品、飲料及菸草製品批發業,09210,75.28,110年=100
營業額指數,454,食品、飲料及菸草製品批發業,09211,72.25,110年=100
營業額指數,454,食品、飲料及菸草製品批發業,09212,75.20,110年=100
營業額指數,454,食品、飲料及菸草製品批發業,09301,74.44,110年=100
營業額指數,454,食品、飲料及菸草製品批發業,09302,67.92,110年=100
營業額指數,454,食品、飲料及菸草製品批發業,09303,72.07,110年=100
營業額指數,454,食品、飲料及菸草製品批發業,09304,74.46,110年=100
營業額指數,454,食品、飲料及菸草製品批發業,09305,72.08,110年=100
營業額指數,454,食品、飲料及菸草製品批發業,09306,74.09,110年=100
營業額指數,454,食品、飲料及菸草製品批發業,09307,75.21,110年=100
營業額指數,454,食品、飲料及菸草製品批發業,09308,79.70,110年=100
營業額指數,454,食品、飲料及菸草製品批發業,09309,77.64,110年=100
營業額指數,454,食品、飲料及菸草製品批發業,09310,75.36,110年=100
營業額指數,454,食品、飲料及菸草製品批發業,09311,74.87,110年=100
營業額指數,454,食品、飲料及菸草製品批發業,09312,77.45,110年=100
營業額指數,454,食品、飲料及菸草製品批發業,09401,79.76,110年=100
營業額指數,454,食品、飲料及菸草製品批發業,09402,66.39,110年=100
營業額指數,454,食品、飲料及菸草製品批發業,09403,83.11,110年=100
營業額指數,454,食品、飲料及菸草製品批發業,09404,78.31,110年=100
營業額指數,454,食品、飲料及菸草製品批發業,09405,75.95,110年=100
營業額指數,454,食品、飲料及菸草製品批發業,09406,79.80,110年=100
營業額指數,454,食品、飲料及菸草製品批發業,09407,83.95,110年=100
營業額指數,454,食品、飲料及菸草製品批發業,09408,86.06,110年=100
營業額指數,454,食品、飲料及菸草製品批發業,09409,79.07,110年=100
營業額指數,454,食品、飲料及菸草製品批發業,09410,79.54,110年=100
營業額指數,454,食品、飲料及菸草製品批發業,09411,79.40,110年=100
營業額指數,454,食品、飲料及菸草製品批發業,09412,80.23,110年=100
營業額指數,454,食品、飲料及菸草製品批發業,09501,81.13,110年=100
營業額指數,454,食品、飲料及菸草製品批發業,09502,75.03,110年=100
營業額指數,454,食品、飲料及菸草製品批發業,09503,78.47,110年=100
營業額指數,454,食品、飲料及菸草製品批發業,09504,82.58,110年=100
營業額指數,454,食品、飲料及菸草製品批發業,09505,76.90,110年=100
營業額指數,454,食品、飲料及菸草製品批發業,09506,81.59,110年=100
營業額指數,454,食品、飲料及菸草製品批發業,09507,85.16,110年=100
營業額指數,454,食品、飲料及菸草製品批發業,09508,84.65,110年=100
營業額指數,454,食品、飲料及菸草製品批發業,09509,83.15,110年=100
營業額指數,454,食品、飲料及菸草製品批發業,09510,80.70,110年=100
營業額指數,454,食品、飲料及菸草製品批發業,09511,77.93,110年=100
營業額指數,454,食品、飲料及菸草製品批發業,09512,79.74,110年=100
營業額指數,454,食品、飲料及菸草製品批發業,09601,87.15,110年=100
營業額指數,454,食品、飲料及菸草製品批發業,09602,77.91,110年=100
營業額指數,454,食品、飲料及菸草製品批發業,09603,81.17,110年=100
營業額指數,454,食品、飲料及菸草製品批發業,09604,79.07,110年=100
營業額指數,454,食品、飲料及菸草製品批發業,09605,80.50,110年=100
營業額指數,454,食品、飲料及菸草製品批發業,09606,76.84,110年=100
營業額指數,454,食品、飲料及菸草製品批發業,09607,80.37,110年=100
營業額指數,454,食品、飲料及菸草製品批發業,09608,83.66,110年=100
營業額指數,454,食品、飲料及菸草製品批發業,09609,77.07,110年=100
營業額指數,454,食品、飲料及菸草製品批發業,09610,79.34,110年=100
營業額指數,454,食品、飲料及菸草製品批發業,09611,75.37,110年=100
營業額指數,454,食品、飲料及菸草製品批發業,09612,79.32,110年=100
營業額指數,454,食品、飲料及菸草製品批發業,09701,89.80,110年=100
營業額指數,454,食品、飲料及菸草製品批發業,09702,68.30,110年=100
營業額指數,454,食品、飲料及菸草製品批發業,09703,78.71,110年=100
營業額指數,454,食品、飲料及菸草製品批發業,09704,77.51,110年=100
營業額指數,454,食品、飲料及菸草製品批發業,09705,79.23,110年=100
營業額指數,454,食品、飲料及菸草製品批發業,09706,77.53,110年=100
營業額指數,454,食品、飲料及菸草製品批發業,09707,83.13,110年=100
營業額指數,454,食品、飲料及菸草製品批發業,09708,79.52,110年=100
營業額指數,454,食品、飲料及菸草製品批發業,09709,71.71,110年=100
營業額指數,454,食品、飲料及菸草製品批發業,09710,73.74,110年=100
營業額指數,454,食品、飲料及菸草製品批發業,09711,68.57,110年=100
營業額指數,454,食品、飲料及菸草製品批發業,09712,74.05,110年=100
營業額指數,454,食品、飲料及菸草製品批發業,09801,78.28,110年=100
營業額指數,454,食品、飲料及菸草製品批發業,09802,67.05,110年=100
營業額指數,454,食品、飲料及菸草製品批發業,09803,72.11,110年=100
營業額指數,454,食品、飲料及菸草製品批發業,09804,69.85,110年=100
營業額指數,454,食品、飲料及菸草製品批發業,09805,75.26,110年=100
營業額指數,454,食品、飲料及菸草製品批發業,09806,76.62,110年=100
營業額指數,454,食品、飲料及菸草製品批發業,09807,76.83,110年=100
營業額指數,454,食品、飲料及菸草製品批發業,09808,79.78,110年=100
營業額指數,454,食品、飲料及菸草製品批發業,09809,79.50,110年=100
營業額指數,454,食品、飲料及菸草製品批發業,09810,72.90,110年=100
營業額指數,454,食品、飲料及菸草製品批發業,09811,69.42,110年=100
營業額指數,454,食品、飲料及菸草製品批發業,09812,79.94,110年=100
營業額指數,454,食品、飲料及菸草製品批發業,09901,80.58,110年=100
營業額指數,454,食品、飲料及菸草製品批發業,09902,68.72,110年=100
營業額指數,454,食品、飲料及菸草製品批發業,09903,70.53,110年=100
營業額指數,454,食品、飲料及菸草製品批發業,09904,69.00,110年=100
營業額指數,454,食品、飲料及菸草製品批發業,09905,71.79,110年=100
營業額指數,454,食品、飲料及菸草製品批發業,09906,74.48,110年=100
營業額指數,454,食品、飲料及菸草製品批發業,09907,81.90,110年=100
營業額指數,454,食品、飲料及菸草製品批發業,09908,86.14,110年=100
營業額指數,454,食品、飲料及菸草製品批發業,09909,79.83,110年=100
營業額指數,454,食品、飲料及菸草製品批發業,09910,79.60,110年=100
營業額指數,454,食品、飲料及菸草製品批發業,09911,75.54,110年=100
營業額指數,454,食品、飲料及菸草製品批發業,09912,84.27,110年=100
營業額指數,454,食品、飲料及菸草製品批發業,10001,84.10,110年=100
營業額指數,454,食品、飲料及菸草製品批發業,10002,71.59,110年=100
營業額指數,454,食品、飲料及菸草製品批發業,10003,75.88,110年=100
營業額指數,454,食品、飲料及菸草製品批發業,10004,71.98,110年=100
營業額指數,454,食品、飲料及菸草製品批發業,10005,71.83,110年=100
營業額指數,454,食品、飲料及菸草製品批發業,10006,76.75,110年=100
營業額指數,454,食品、飲料及菸草製品批發業,10007,80.97,110年=100
營業額指數,454,食品、飲料及菸草製品批發業,10008,82.94,110年=100
營業額指數,454,食品、飲料及菸草製品批發業,10009,79.99,110年=100
營業額指數,454,食品、飲料及菸草製品批發業,10010,78.85,110年=100
營業額指數,454,食品、飲料及菸草製品批發業,10011,77.34,110年=100
營業額指數,454,食品、飲料及菸草製品批發業,10012,80.47,110年=100
營業額指數,454,食品、飲料及菸草製品批發業,10101,77.06,110年=100
營業額指數,454,食品、飲料及菸草製品批發業,10102,74.30,110年=100
營業額指數,454,食品、飲料及菸草製品批發業,10103,76.37,110年=100
營業額指數,454,食品、飲料及菸草製品批發業,10104,74.31,110年=100
營業額指數,454,食品、飲料及菸草製品批發業,10105,76.75,110年=100
營業額指數,454,食品、飲料及菸草製品批發業,10106,77.83,110年=100
營業額指數,454,食品、飲料及菸草製品批發業,10107,81.59,110年=100
營業額指數,454,食品、飲料及菸草製品批發業,10108,85.86,110年=100
營業額指數,454,食品、飲料及菸草製品批發業,10109,79.43,110年=100
營業額指數,454,食品、飲料及菸草製品批發業,10110,82.65,110年=100
營業額指數,454,食品、飲料及菸草製品批發業,10111,83.26,110年=100
營業額指數,454,食品、飲料及菸草製品批發業,10112,85.67,110年=100
營業額指數,454,食品、飲料及菸草製品批發業,10201,88.53,110年=100
營業額指數,454,食品、飲料及菸草製品批發業,10202,79.50,110年=100
營業額指數,454,食品、飲料及菸草製品批發業,10203,82.97,110年=100
營業額指數,454,食品、飲料及菸草製品批發業,10204,79.97,110年=100
營業額指數,454,食品、飲料及菸草製品批發業,10205,85.91,110年=100
營業額指數,454,食品、飲料及菸草製品批發業,10206,84.50,110年=100
營業額指數,454,食品、飲料及菸草製品批發業,10207,93.21,110年=100
營業額指數,454,食品、飲料及菸草製品批發業,10208,87.67,110年=100
營業額指數,454,食品、飲料及菸草製品批發業,10209,83.09,110年=100
營業額指數,454,食品、飲料及菸草製品批發業,10210,84.45,110年=100
營業額指數,454,食品、飲料及菸草製品批發業,10211,80.20,110年=100
營業額指數,454,食品、飲料及菸草製品批發業,10212,88.11,110年=100
營業額指數,454,食品、飲料及菸草製品批發業,10301,90.08,110年=100
營業額指數,454,食品、飲料及菸草製品批發業,10302,70.93,110年=100
營業額指數,454,食品、飲料及菸草製品批發業,10303,79.79,110年=100
營業額指數,454,食品、飲料及菸草製品批發業,10304,80.36,110年=100
營業額指數,454,食品、飲料及菸草製品批發業,10305,81.96,110年=100
營業額指數,454,食品、飲料及菸草製品批發業,10306,82.18,110年=100
營業額指數,454,食品、飲料及菸草製品批發業,10307,90.33,110年=100
營業額指數,454,食品、飲料及菸草製品批發業,10308,87.88,110年=100
營業額指數,454,食品、飲料及菸草製品批發業,10309,84.96,110年=100
營業額指數,454,食品、飲料及菸草製品批發業,10310,83.65,110年=100
營業額指數,454,食品、飲料及菸草製品批發業,10311,82.29,110年=100
營業額指數,454,食品、飲料及菸草製品批發業,10312,92.85,110年=100
營業額指數,454,食品、飲料及菸草製品批發業,10401,90.56,110年=100
營業額指數,454,食品、飲料及菸草製品批發業,10402,80.22,110年=100
營業額指數,454,食品、飲料及菸草製品批發業,10403,81.00,110年=100
營業額指數,454,食品、飲料及菸草製品批發業,10404,79.43,110年=100
營業額指數,454,食品、飲料及菸草製品批發業,10405,83.55,110年=100
營業額指數,454,食品、飲料及菸草製品批發業,10406,86.43,110年=100
營業額指數,454,食品、飲料及菸草製品批發業,10407,90.78,110年=100
營業額指數,454,食品、飲料及菸草製品批發業,10408,91.06,110年=100
營業額指數,454,食品、飲料及菸草製品批發業,10409,86.51,110年=100
營業額指數,454,食品、飲料及菸草製品批發業,10410,83.41,110年=100
營業額指數,454,食品、飲料及菸草製品批發業,10411,84.13,110年=100
營業額指數,454,食品、飲料及菸草製品批發業,10412,92.52,110年=100
營業額指數,454,食品、飲料及菸草製品批發業,10501,91.97,110年=100
營業額指數,454,食品、飲料及菸草製品批發業,10502,78.17,110年=100
營業額指數,454,食品、飲料及菸草製品批發業,10503,82.29,110年=100
營業額指數,454,食品、飲料及菸草製品批發業,10504,82.93,110年=100
營業額指數,454,食品、飲料及菸草製品批發業,10505,86.05,110年=100
營業額指數,454,食品、飲料及菸草製品批發業,10506,89.71,110年=100
營業額指數,454,食品、飲料及菸草製品批發業,10507,93.23,110年=100
營業額指數,454,食品、飲料及菸草製品批發業,10508,99.32,110年=100
營業額指數,454,食品、飲料及菸草製品批發業,10509,86.80,110年=100
營業額指數,454,食品、飲料及菸草製品批發業,10510,88.03,110年=100
營業額指數,454,食品、飲料及菸草製品批發業,10511,87.71,110年=100
營業額指數,454,食品、飲料及菸草製品批發業,10512,94.56,110年=100
營業額指數,454,食品、飲料及菸草製品批發業,10601,98.08,110年=100
營業額指數,454,食品、飲料及菸草製品批發業,10602,75.19,110年=100
營業額指數,454,食品、飲料及菸草製品批發業,10603,90.15,110年=100
營業額指數,454,食品、飲料及菸草製品批發業,10604,84.65,110年=100
營業額指數,454,食品、飲料及菸草製品批發業,10605,98.16,110年=100
營業額指數,454,食品、飲料及菸草製品批發業,10606,96.86,110年=100
營業額指數,454,食品、飲料及菸草製品批發業,10607,91.56,110年=100
營業額指數,454,食品、飲料及菸草製品批發業,10608,98.50,110年=100
營業額指數,454,食品、飲料及菸草製品批發業,10609,96.57,110年=100
營業額指數,454,食品、飲料及菸草製品批發業,10610,87.81,110年=100
營業額指數,454,食品、飲料及菸草製品批發業,10611,92.81,110年=100
營業額指數,454,食品、飲料及菸草製品批發業,10612,96.53,110年=100
營業額指數,454,食品、飲料及菸草製品批發業,10701,99.40,110年=100
營業額指數,454,食品、飲料及菸草製品批發業,10702,81.53,110年=100
營業額指數,454,食品、飲料及菸草製品批發業,10703,90.41,110年=100
營業額指數,454,食品、飲料及菸草製品批發業,10704,84.23,110年=100
營業額指數,454,食品、飲料及菸草製品批發業,10705,96.61,110年=100
營業額指數,454,食品、飲料及菸草製品批發業,10706,100.29,110年=100
營業額指數,454,食品、飲料及菸草製品批發業,10707,102.01,110年=100
營業額指數,454,食品、飲料及菸草製品批發業,10708,108.77,110年=100
營業額指數,454,食品、飲料及菸草製品批發業,10709,95.88,110年=100
營業額指數,454,食品、飲料及菸草製品批發業,10710,92.01,110年=100
營業額指數,454,食品、飲料及菸草製品批發業,10711,91.38,110年=100
營業額指數,454,食品、飲料及菸草製品批發業,10712,92.17,110年=100
營業額指數,454,食品、飲料及菸草製品批發業,10801,111.17,110年=100
營業額指數,454,食品、飲料及菸草製品批發業,10802,76.38,110年=100
營業額指數,454,食品、飲料及菸草製品批發業,10803,92.80,110年=100
營業額指數,454,食品、飲料及菸草製品批發業,10804,90.53,110年=100
營業額指數,454,食品、飲料及菸草製品批發業,10805,98.83,110年=100
營業額指數,454,食品、飲料及菸草製品批發業,10806,92.75,110年=100
營業額指數,454,食品、飲料及菸草製品批發業,10807,104.38,110年=100
營業額指數,454,食品、飲料及菸草製品批發業,10808,104.18,110年=100
營業額指數,454,食品、飲料及菸草製品批發業,10809,101.61,110年=100
營業額指數,454,食品、飲料及菸草製品批發業,10810,95.95,110年=100
營業額指數,454,食品、飲料及菸草製品批發業,10811,94.66,110年=100
營業額指數,454,食品、飲料及菸草製品批發業,10812,99.55,110年=100
營業額指數,454,食品、飲料及菸草製品批發業,10901,100.73,110年=100
營業額指數,454,食品、飲料及菸草製品批發業,10902,82.34,110年=100
營業額指數,454,食品、飲料及菸草製品批發業,10903,94.58,110年=100
營業額指數,454,食品、飲料及菸草製品批發業,10904,87.89,110年=100
營業額指數,454,食品、飲料及菸草製品批發業,10905,95.72,110年=100
營業額指數,454,食品、飲料及菸草製品批發業,10906,99.86,110年=100
營業額指數,454,食品、飲料及菸草製品批發業,10907,110.45,110年=100
營業額指數,454,食品、飲料及菸草製品批發業,10908,107.98,110年=100
營業額指數,454,食品、飲料及菸草製品批發業,10909,108.04,110年=100
營業額指數,454,食品、飲料及菸草製品批發業,10910,96.15,110年=100
營業額指數,454,食品、飲料及菸草製品批發業,10911,92.88,110年=100
營業額指數,454,食品、飲料及菸草製品批發業,10912,101.65,110年=100
營業額指數,454,食品、飲料及菸草製品批發業,11001,108.87,110年=100
營業額指數,454,食品、飲料及菸草製品批發業,11002,89.90,110年=100
營業額指數,454,食品、飲料及菸草製品批發業,11003,98.79,110年=100
營業額指數,454,食品、飲料及菸草製品批發業,11004,96.43,110年=100
營業額指數,454,食品、飲料及菸草製品批發業,11005,97.84,110年=100
營業額指數,454,食品、飲料及菸草製品批發業,11006,92.65,110年=100
營業額指數,454,食品、飲料及菸草製品批發業,11007,100.58,110年=100
營業額指數,454,食品、飲料及菸草製品批發業,11008,106.04,110年=100
營業額指數,454,食品、飲料及菸草製品批發業,11009,104.19,110年=100
營業額指數,454,食品、飲料及菸草製品批發業,11010,100.82,110年=100
營業額指數,454,食品、飲料及菸草製品批發業,11011,99.54,110年=100
營業額指數,454,食品、飲料及菸草製品批發業,11012,104.37,110年=100
營業額指數,454,食品、飲料及菸草製品批發業,11101,115.82,110年=100
營業額指數,454,食品、飲料及菸草製品批發業,11102,80.81,110年=100
營業額指數,454,食品、飲料及菸草製品批發業,11103,104.02,110年=100
營業額指數,454,食品、飲料及菸草製品批發業,11104,93.16,110年=100
營業額指數,454,食品、飲料及菸草製品批發業,11105,95.54,110年=100
營業額指數,454,食品、飲料及菸草製品批發業,11106,97.41,110年=100
營業額指數,454,食品、飲料及菸草製品批發業,11107,105.86,110年=100
營業額指數,454,食品、飲料及菸草製品批發業,11108,108.83,110年=100
營業額指數,454,食品、飲料及菸草製品批發業,11109,101.50,110年=100
營業額指數,454,食品、飲料及菸草製品批發業,11110,95.88,110年=100
營業額指數,454,食品、飲料及菸草製品批發業,11111,98.59,110年=100
營業額指數,454,食品、飲料及菸草製品批發業,11112,105.37,110年=100
營業額指數,454,食品、飲料及菸草製品批發業,11201,102.07,110年=100
營業額指數,454,食品、飲料及菸草製品批發業,11202,85.71,110年=100
營業額指數,454,食品、飲料及菸草製品批發業,11203,101.21,110年=100
營業額指數,454,食品、飲料及菸草製品批發業,11204,88.82,110年=100
營業額指數,454,食品、飲料及菸草製品批發業,11205,98.96,110年=100
營業額指數,454,食品、飲料及菸草製品批發業,11206,101.49,110年=100
營業額指數,454,食品、飲料及菸草製品批發業,11207,102.93,110年=100
營業額指數,454,食品、飲料及菸草製品批發業,11208,109.57,110年=100
營業額指數,454,食品、飲料及菸草製品批發業,11209,106.22,110年=100
營業額指數,454,食品、飲料及菸草製品批發業,11210,99.41,110年=100
營業額指數,454,食品、飲料及菸草製品批發業,11211,99.88,110年=100
營業額指數,454,食品、飲料及菸草製品批發業,11212,104.05,110年=100
營業額指數,454,食品、飲料及菸草製品批發業,11301,109.81,110年=100
營業額指數,454,食品、飲料及菸草製品批發業,11302,87.99,110年=100
營業額指數,454,食品、飲料及菸草製品批發業,11303,97.23,110年=100
營業額指數,454,食品、飲料及菸草製品批發業,11304,92.21,110年=100
營業額指數,454,食品、飲料及菸草製品批發業,11305,101.42,110年=100
營業額指數,454,食品、飲料及菸草製品批發業,11306,101.01,110年=100
營業額指數,454,食品、飲料及菸草製品批發業,11307,108.66,110年=100
營業額指數,454,食品、飲料及菸草製品批發業,11308,111.60,110年=100
營業額指數,454,食品、飲料及菸草製品批發業,11309,107.07,110年=100
營業額指數,454,食品、飲料及菸草製品批發業,11310,104.90,110年=100
營業額指數,454,食品、飲料及菸草製品批發業,11311,101.84,110年=100
營業額指數,454,食品、飲料及菸草製品批發業,11312,106.61,110年=100
營業額指數,454,食品、飲料及菸草製品批發業,11401,105.87,110年=100
營業額指數,454,食品、飲料及菸草製品批發業,11402,86.58,110年=100
營業額指數,454,食品、飲料及菸草製品批發業,11403,94.57,110年=100
營業額指數,454,食品、飲料及菸草製品批發業,11404,94.49,110年=100
營業額指數,454,食品、飲料及菸草製品批發業,11405,100.39,110年=100
營業額指數,454,食品、飲料及菸草製品批發業,11406,102.57,110年=100
營業額指數,454,食品、飲料及菸草製品批發業,11407,107.66,110年=100
營業額指數,454,食品、飲料及菸草製品批發業,11408,109.17,110年=100
營業額指數,454,食品、飲料及菸草製品批發業,11409,109.58,110年=100
營業額指數,454,食品、飲料及菸草製品批發業,11410,106.87,110年=100
營業額指數,454,食品、飲料及菸草製品批發業,11411,100.59,110年=100
營業額指數,454,食品、飲料及菸草製品批發業,11412,105.61,110年=100
營業額指數,454,食品、飲料及菸草製品批發業,11501,111.32,110年=100
營業額指數,454,食品、飲料及菸草製品批發業,11502,89.61,110年=100
營業額指數,455,布疋及服飾品批發業,08801,188.70,110年=100
營業額指數,455,布疋及服飾品批發業,08802,196.69,110年=100
營業額指數,455,布疋及服飾品批發業,08803,200.28,110年=100
營業額指數,455,布疋及服飾品批發業,08804,203.70,110年=100
營業額指數,455,布疋及服飾品批發業,08805,203.68,110年=100
營業額指數,455,布疋及服飾品批發業,08806,199.27,110年=100
營業額指數,455,布疋及服飾品批發業,08807,207.20,110年=100
營業額指數,455,布疋及服飾品批發業,08808,204.42,110年=100
營業額指數,455,布疋及服飾品批發業,08809,200.41,110年=100
營業額指數,455,布疋及服飾品批發業,08810,194.50,110年=100
營業額指數,455,布疋及服飾品批發業,08811,196.58,110年=100
營業額指數,455,布疋及服飾品批發業,08812,211.71,110年=100
營業額指數,455,布疋及服飾品批發業,08901,217.07,110年=100
營業額指數,455,布疋及服飾品批發業,08902,205.51,110年=100
營業額指數,455,布疋及服飾品批發業,08903,216.59,110年=100
營業額指數,455,布疋及服飾品批發業,08904,217.94,110年=100
營業額指數,455,布疋及服飾品批發業,08905,226.89,110年=100
營業額指數,455,布疋及服飾品批發業,08906,224.39,110年=100
營業額指數,455,布疋及服飾品批發業,08907,226.68,110年=100
營業額指數,455,布疋及服飾品批發業,08908,223.40,110年=100
營業額指數,455,布疋及服飾品批發業,08909,221.71,110年=100
營業額指數,455,布疋及服飾品批發業,08910,217.15,110年=100
營業額指數,455,布疋及服飾品批發業,08911,216.76,110年=100
營業額指數,455,布疋及服飾品批發業,08912,213.78,110年=100
營業額指數,455,布疋及服飾品批發業,09001,196.44,110年=100
營業額指數,455,布疋及服飾品批發業,09002,193.17,110年=100
營業額指數,455,布疋及服飾品批發業,09003,206.13,110年=100
營業額指數,455,布疋及服飾品批發業,09004,198.47,110年=100
營業額指數,455,布疋及服飾品批發業,09005,190.94,110年=100
營業額指數,455,布疋及服飾品批發業,09006,187.62,110年=100
營業額指數,455,布疋及服飾品批發業,09007,187.27,110年=100
營業額指數,455,布疋及服飾品批發業,09008,194.63,110年=100
營業額指數,455,布疋及服飾品批發業,09009,179.40,110年=100
營業額指數,455,布疋及服飾品批發業,09010,193.01,110年=100
營業額指數,455,布疋及服飾品批發業,09011,200.29,110年=100
營業額指數,455,布疋及服飾品批發業,09012,207.40,110年=100
營業額指數,455,布疋及服飾品批發業,09101,195.30,110年=100
營業額指數,455,布疋及服飾品批發業,09102,177.55,110年=100
營業額指數,455,布疋及服飾品批發業,09103,209.32,110年=100
營業額指數,455,布疋及服飾品批發業,09104,207.51,110年=100
營業額指數,455,布疋及服飾品批發業,09105,201.25,110年=100
營業額指數,455,布疋及服飾品批發業,09106,204.73,110年=100
營業額指數,455,布疋及服飾品批發業,09107,207.34,110年=100
營業額指數,455,布疋及服飾品批發業,09108,204.47,110年=100
營業額指數,455,布疋及服飾品批發業,09109,208.99,110年=100
營業額指數,455,布疋及服飾品批發業,09110,216.44,110年=100
營業額指數,455,布疋及服飾品批發業,09111,214.44,110年=100
營業額指數,455,布疋及服飾品批發業,09112,214.54,110年=100
營業額指數,455,布疋及服飾品批發業,09201,203.26,110年=100
營業額指數,455,布疋及服飾品批發業,09202,180.80,110年=100
營業額指數,455,布疋及服飾品批發業,09203,203.65,110年=100
營業額指數,455,布疋及服飾品批發業,09204,199.39,110年=100
營業額指數,455,布疋及服飾品批發業,09205,189.97,110年=100
營業額指數,455,布疋及服飾品批發業,09206,191.41,110年=100
營業額指數,455,布疋及服飾品批發業,09207,199.68,110年=100
營業額指數,455,布疋及服飾品批發業,09208,204.64,110年=100
營業額指數,455,布疋及服飾品批發業,09209,198.96,110年=100
營業額指數,455,布疋及服飾品批發業,09210,210.69,110年=100
營業額指數,455,布疋及服飾品批發業,09211,203.25,110年=100
營業額指數,455,布疋及服飾品批發業,09212,215.19,110年=100
營業額指數,455,布疋及服飾品批發業,09301,197.56,110年=100
營業額指數,455,布疋及服飾品批發業,09302,198.34,110年=100
營業額指數,455,布疋及服飾品批發業,09303,215.12,110年=100
營業額指數,455,布疋及服飾品批發業,09304,221.31,110年=100
營業額指數,455,布疋及服飾品批發業,09305,215.87,110年=100
營業額指數,455,布疋及服飾品批發業,09306,209.59,110年=100
營業額指數,455,布疋及服飾品批發業,09307,205.96,110年=100
營業額指數,455,布疋及服飾品批發業,09308,198.08,110年=100
營業額指數,455,布疋及服飾品批發業,09309,195.77,110年=100
營業額指數,455,布疋及服飾品批發業,09310,205.89,110年=100
營業額指數,455,布疋及服飾品批發業,09311,202.31,110年=100
營業額指數,455,布疋及服飾品批發業,09312,205.60,110年=100
營業額指數,455,布疋及服飾品批發業,09401,193.59,110年=100
營業額指數,455,布疋及服飾品批發業,09402,187.02,110年=100
營業額指數,455,布疋及服飾品批發業,09403,238.50,110年=100
營業額指數,455,布疋及服飾品批發業,09404,224.56,110年=100
營業額指數,455,布疋及服飾品批發業,09405,220.34,110年=100
營業額指數,455,布疋及服飾品批發業,09406,224.21,110年=100
營業額指數,455,布疋及服飾品批發業,09407,206.53,110年=100
營業額指數,455,布疋及服飾品批發業,09408,212.82,110年=100
營業額指數,455,布疋及服飾品批發業,09409,202.66,110年=100
營業額指數,455,布疋及服飾品批發業,09410,194.01,110年=100
營業額指數,455,布疋及服飾品批發業,09411,200.87,110年=100
營業額指數,455,布疋及服飾品批發業,09412,213.33,110年=100
營業額指數,455,布疋及服飾品批發業,09501,193.01,110年=100
營業額指數,455,布疋及服飾品批發業,09502,193.90,110年=100
營業額指數,455,布疋及服飾品批發業,09503,220.37,110年=100
營業額指數,455,布疋及服飾品批發業,09504,212.69,110年=100
營業額指數,455,布疋及服飾品批發業,09505,213.10,110年=100
營業額指數,455,布疋及服飾品批發業,09506,214.88,110年=100
營業額指數,455,布疋及服飾品批發業,09507,212.60,110年=100
營業額指數,455,布疋及服飾品批發業,09508,204.45,110年=100
營業額指數,455,布疋及服飾品批發業,09509,202.97,110年=100
營業額指數,455,布疋及服飾品批發業,09510,203.05,110年=100
營業額指數,455,布疋及服飾品批發業,09511,212.14,110年=100
營業額指數,455,布疋及服飾品批發業,09512,210.96,110年=100
營業額指數,455,布疋及服飾品批發業,09601,187.13,110年=100
營業額指數,455,布疋及服飾品批發業,09602,172.10,110年=100
營業額指數,455,布疋及服飾品批發業,09603,201.20,110年=100
營業額指數,455,布疋及服飾品批發業,09604,191.11,110年=100
營業額指數,455,布疋及服飾品批發業,09605,196.42,110年=100
營業額指數,455,布疋及服飾品批發業,09606,187.09,110年=100
營業額指數,455,布疋及服飾品批發業,09607,182.77,110年=100
營業額指數,455,布疋及服飾品批發業,09608,186.09,110年=100
營業額指數,455,布疋及服飾品批發業,09609,175.03,110年=100
營業額指數,455,布疋及服飾品批發業,09610,192.22,110年=100
營業額指數,455,布疋及服飾品批發業,09611,197.39,110年=100
營業額指數,455,布疋及服飾品批發業,09612,194.69,110年=100
營業額指數,455,布疋及服飾品批發業,09701,176.95,110年=100
營業額指數,455,布疋及服飾品批發業,09702,173.91,110年=100
營業額指數,455,布疋及服飾品批發業,09703,185.71,110年=100
營業額指數,455,布疋及服飾品批發業,09704,188.14,110年=100
營業額指數,455,布疋及服飾品批發業,09705,196.07,110年=100
營業額指數,455,布疋及服飾品批發業,09706,177.15,110年=100
營業額指數,455,布疋及服飾品批發業,09707,173.23,110年=100
營業額指數,455,布疋及服飾品批發業,09708,175.69,110年=100
營業額指數,455,布疋及服飾品批發業,09709,164.87,110年=100
營業額指數,455,布疋及服飾品批發業,09710,172.47,110年=100
營業額指數,455,布疋及服飾品批發業,09711,160.98,110年=100
營業額指數,455,布疋及服飾品批發業,09712,153.92,110年=100
營業額指數,455,布疋及服飾品批發業,09801,146.63,110年=100
營業額指數,455,布疋及服飾品批發業,09802,152.42,110年=100
營業額指數,455,布疋及服飾品批發業,09803,154.46,110年=100
營業額指數,455,布疋及服飾品批發業,09804,169.17,110年=100
營業額指數,455,布疋及服飾品批發業,09805,155.59,110年=100
營業額指數,455,布疋及服飾品批發業,09806,157.28,110年=100
營業額指數,455,布疋及服飾品批發業,09807,160.08,110年=100
營業額指數,455,布疋及服飾品批發業,09808,150.23,110年=100
營業額指數,455,布疋及服飾品批發業,09809,154.12,110年=100
營業額指數,455,布疋及服飾品批發業,09810,167.97,110年=100
營業額指數,455,布疋及服飾品批發業,09811,159.05,110年=100
營業額指數,455,布疋及服飾品批發業,09812,163.17,110年=100
營業額指數,455,布疋及服飾品批發業,09901,142.98,110年=100
營業額指數,455,布疋及服飾品批發業,09902,135.19,110年=100
營業額指數,455,布疋及服飾品批發業,09903,153.25,110年=100
營業額指數,455,布疋及服飾品批發業,09904,159.24,110年=100
營業額指數,455,布疋及服飾品批發業,09905,147.55,110年=100
營業額指數,455,布疋及服飾品批發業,09906,144.46,110年=100
營業額指數,455,布疋及服飾品批發業,09907,151.37,110年=100
營業額指數,455,布疋及服飾品批發業,09908,144.31,110年=100
營業額指數,455,布疋及服飾品批發業,09909,150.98,110年=100
營業額指數,455,布疋及服飾品批發業,09910,162.53,110年=100
營業額指數,455,布疋及服飾品批發業,09911,147.36,110年=100
營業額指數,455,布疋及服飾品批發業,09912,148.69,110年=100
營業額指數,455,布疋及服飾品批發業,10001,136.99,110年=100
營業額指數,455,布疋及服飾品批發業,10002,127.13,110年=100
營業額指數,455,布疋及服飾品批發業,10003,136.90,110年=100
營業額指數,455,布疋及服飾品批發業,10004,135.23,110年=100
營業額指數,455,布疋及服飾品批發業,10005,132.42,110年=100
營業額指數,455,布疋及服飾品批發業,10006,131.59,110年=100
營業額指數,455,布疋及服飾品批發業,10007,134.93,110年=100
營業額指數,455,布疋及服飾品批發業,10008,136.17,110年=100
營業額指數,455,布疋及服飾品批發業,10009,127.82,110年=100
營業額指數,455,布疋及服飾品批發業,10010,123.53,110年=100
營業額指數,455,布疋及服飾品批發業,10011,116.20,110年=100
營業額指數,455,布疋及服飾品批發業,10012,123.60,110年=100
營業額指數,455,布疋及服飾品批發業,10101,113.80,110年=100
營業額指數,455,布疋及服飾品批發業,10102,122.97,110年=100
營業額指數,455,布疋及服飾品批發業,10103,129.38,110年=100
營業額指數,455,布疋及服飾品批發業,10104,128.97,110年=100
營業額指數,455,布疋及服飾品批發業,10105,123.84,110年=100
營業額指數,455,布疋及服飾品批發業,10106,119.85,110年=100
營業額指數,455,布疋及服飾品批發業,10107,123.01,110年=100
營業額指數,455,布疋及服飾品批發業,10108,127.44,110年=100
營業額指數,455,布疋及服飾品批發業,10109,122.84,110年=100
營業額指數,455,布疋及服飾品批發業,10110,126.09,110年=100
營業額指數,455,布疋及服飾品批發業,10111,122.33,110年=100
營業額指數,455,布疋及服飾品批發業,10112,120.02,110年=100
營業額指數,455,布疋及服飾品批發業,10201,130.34,110年=100
營業額指數,455,布疋及服飾品批發業,10202,105.91,110年=100
營業額指數,455,布疋及服飾品批發業,10203,124.19,110年=100
營業額指數,455,布疋及服飾品批發業,10204,127.32,110年=100
營業額指數,455,布疋及服飾品批發業,10205,128.24,110年=100
營業額指數,455,布疋及服飾品批發業,10206,122.93,110年=100
營業額指數,455,布疋及服飾品批發業,10207,126.96,110年=100
營業額指數,455,布疋及服飾品批發業,10208,125.16,110年=100
營業額指數,455,布疋及服飾品批發業,10209,126.40,110年=100
營業額指數,455,布疋及服飾品批發業,10210,131.37,110年=100
營業額指數,455,布疋及服飾品批發業,10211,121.27,110年=100
營業額指數,455,布疋及服飾品批發業,10212,118.00,110年=100
營業額指數,455,布疋及服飾品批發業,10301,121.84,110年=100
營業額指數,455,布疋及服飾品批發業,10302,102.06,110年=100
營業額指數,455,布疋及服飾品批發業,10303,113.90,110年=100
營業額指數,455,布疋及服飾品批發業,10304,123.58,110年=100
營業額指數,455,布疋及服飾品批發業,10305,113.03,110年=100
營業額指數,455,布疋及服飾品批發業,10306,113.06,110年=100
營業額指數,455,布疋及服飾品批發業,10307,123.87,110年=100
營業額指數,455,布疋及服飾品批發業,10308,120.26,110年=100
營業額指數,455,布疋及服飾品批發業,10309,119.99,110年=100
營業額指數,455,布疋及服飾品批發業,10310,129.22,110年=100
營業額指數,455,布疋及服飾品批發業,10311,113.15,110年=100
營業額指數,455,布疋及服飾品批發業,10312,120.99,110年=100
營業額指數,455,布疋及服飾品批發業,10401,115.95,110年=100
營業額指數,455,布疋及服飾品批發業,10402,99.42,110年=100
營業額指數,455,布疋及服飾品批發業,10403,116.97,110年=100
營業額指數,455,布疋及服飾品批發業,10404,125.37,110年=100
營業額指數,455,布疋及服飾品批發業,10405,116.04,110年=100
營業額指數,455,布疋及服飾品批發業,10406,112.14,110年=100
營業額指數,455,布疋及服飾品批發業,10407,126.67,110年=100
營業額指數,455,布疋及服飾品批發業,10408,120.69,110年=100
營業額指數,455,布疋及服飾品批發業,10409,121.37,110年=100
營業額指數,455,布疋及服飾品批發業,10410,132.24,110年=100
營業額指數,455,布疋及服飾品批發業,10411,108.33,110年=100
營業額指數,455,布疋及服飾品批發業,10412,115.72,110年=100
營業額指數,455,布疋及服飾品批發業,10501,113.32,110年=100
營業額指數,455,布疋及服飾品批發業,10502,97.35,110年=100
營業額指數,455,布疋及服飾品批發業,10503,110.30,110年=100
營業額指數,455,布疋及服飾品批發業,10504,109.69,110年=100
營業額指數,455,布疋及服飾品批發業,10505,104.77,110年=100
營業額指數,455,布疋及服飾品批發業,10506,101.53,110年=100
營業額指數,455,布疋及服飾品批發業,10507,117.44,110年=100
營業額指數,455,布疋及服飾品批發業,10508,117.63,110年=100
營業額指數,455,布疋及服飾品批發業,10509,119.72,110年=100
營業額指數,455,布疋及服飾品批發業,10510,124.74,110年=100
營業額指數,455,布疋及服飾品批發業,10511,114.36,110年=100
營業額指數,455,布疋及服飾品批發業,10512,113.29,110年=100
營業額指數,455,布疋及服飾品批發業,10601,122.33,110年=100
營業額指數,455,布疋及服飾品批發業,10602,101.15,110年=100
營業額指數,455,布疋及服飾品批發業,10603,126.01,110年=100
營業額指數,455,布疋及服飾品批發業,10604,120.73,110年=100
營業額指數,455,布疋及服飾品批發業,10605,113.37,110年=100
營業額指數,455,布疋及服飾品批發業,10606,106.58,110年=100
營業額指數,455,布疋及服飾品批發業,10607,111.98,110年=100
營業額指數,455,布疋及服飾品批發業,10608,115.55,110年=100
營業額指數,455,布疋及服飾品批發業,10609,116.45,110年=100
營業額指數,455,布疋及服飾品批發業,10610,116.89,110年=100
營業額指數,455,布疋及服飾品批發業,10611,114.02,110年=100
營業額指數,455,布疋及服飾品批發業,10612,112.40,110年=100
營業額指數,455,布疋及服飾品批發業,10701,130.78,110年=100
營業額指數,455,布疋及服飾品批發業,10702,99.55,110年=100
營業額指數,455,布疋及服飾品批發業,10703,123.09,110年=100
營業額指數,455,布疋及服飾品批發業,10704,119.65,110年=100
營業額指數,455,布疋及服飾品批發業,10705,114.33,110年=100
營業額指數,455,布疋及服飾品批發業,10706,102.42,110年=100
營業額指數,455,布疋及服飾品批發業,10707,106.95,110年=100
營業額指數,455,布疋及服飾品批發業,10708,118.62,110年=100
營業額指數,455,布疋及服飾品批發業,10709,105.09,110年=100
營業額指數,455,布疋及服飾品批發業,10710,113.90,110年=100
營業額指數,455,布疋及服飾品批發業,10711,113.09,110年=100
營業額指數,455,布疋及服飾品批發業,10712,107.65,110年=100
營業額指數,455,布疋及服飾品批發業,10801,127.34,110年=100
營業額指數,455,布疋及服飾品批發業,10802,95.25,110年=100
營業額指數,455,布疋及服飾品批發業,10803,107.14,110年=100
營業額指數,455,布疋及服飾品批發業,10804,107.51,110年=100
營業額指數,455,布疋及服飾品批發業,10805,100.36,110年=100
營業額指數,455,布疋及服飾品批發業,10806,97.40,110年=100
營業額指數,455,布疋及服飾品批發業,10807,103.31,110年=100
營業額指數,455,布疋及服飾品批發業,10808,110.72,110年=100
營業額指數,455,布疋及服飾品批發業,10809,103.49,110年=100
營業額指數,455,布疋及服飾品批發業,10810,112.13,110年=100
營業額指數,455,布疋及服飾品批發業,10811,108.64,110年=100
營業額指數,455,布疋及服飾品批發業,10812,111.18,110年=100
營業額指數,455,布疋及服飾品批發業,10901,116.81,110年=100
營業額指數,455,布疋及服飾品批發業,10902,93.40,110年=100
營業額指數,455,布疋及服飾品批發業,10903,99.77,110年=100
營業額指數,455,布疋及服飾品批發業,10904,74.21,110年=100
營業額指數,455,布疋及服飾品批發業,10905,71.59,110年=100
營業額指數,455,布疋及服飾品批發業,10906,76.89,110年=100
營業額指數,455,布疋及服飾品批發業,10907,98.66,110年=100
營業額指數,455,布疋及服飾品批發業,10908,96.04,110年=100
營業額指數,455,布疋及服飾品批發業,10909,106.12,110年=100
營業額指數,455,布疋及服飾品批發業,10910,108.80,110年=100
營業額指數,455,布疋及服飾品批發業,10911,104.82,110年=100
營業額指數,455,布疋及服飾品批發業,10912,109.46,110年=100
營業額指數,455,布疋及服飾品批發業,11001,117.68,110年=100
營業額指數,455,布疋及服飾品批發業,11002,101.18,110年=100
營業額指數,455,布疋及服飾品批發業,11003,104.72,110年=100
營業額指數,455,布疋及服飾品批發業,11004,101.97,110年=100
營業額指數,455,布疋及服飾品批發業,11005,86.22,110年=100
營業額指數,455,布疋及服飾品批發業,11006,75.33,110年=100
營業額指數,455,布疋及服飾品批發業,11007,86.63,110年=100
營業額指數,455,布疋及服飾品批發業,11008,97.88,110年=100
營業額指數,455,布疋及服飾品批發業,11009,98.58,110年=100
營業額指數,455,布疋及服飾品批發業,11010,110.76,110年=100
營業額指數,455,布疋及服飾品批發業,11011,104.13,110年=100
營業額指數,455,布疋及服飾品批發業,11012,114.90,110年=100
營業額指數,455,布疋及服飾品批發業,11101,133.65,110年=100
營業額指數,455,布疋及服飾品批發業,11102,91.10,110年=100
營業額指數,455,布疋及服飾品批發業,11103,113.88,110年=100
營業額指數,455,布疋及服飾品批發業,11104,101.36,110年=100
營業額指數,455,布疋及服飾品批發業,11105,90.70,110年=100
營業額指數,455,布疋及服飾品批發業,11106,92.17,110年=100
營業額指數,455,布疋及服飾品批發業,11107,102.03,110年=100
營業額指數,455,布疋及服飾品批發業,11108,103.98,110年=100
營業額指數,455,布疋及服飾品批發業,11109,96.21,110年=100
營業額指數,455,布疋及服飾品批發業,11110,100.85,110年=100
營業額指數,455,布疋及服飾品批發業,11111,97.02,110年=100
營業額指數,455,布疋及服飾品批發業,11112,106.16,110年=100
營業額指數,455,布疋及服飾品批發業,11201,112.35,110年=100
營業額指數,455,布疋及服飾品批發業,11202,83.99,110年=100
營業額指數,455,布疋及服飾品批發業,11203,94.47,110年=100
營業額指數,455,布疋及服飾品批發業,11204,92.74,110年=100
營業額指數,455,布疋及服飾品批發業,11205,82.81,110年=100
營業額指數,455,布疋及服飾品批發業,11206,86.14,110年=100
營業額指數,455,布疋及服飾品批發業,11207,94.62,110年=100
營業額指數,455,布疋及服飾品批發業,11208,90.74,110年=100
營業額指數,455,布疋及服飾品批發業,11209,92.60,110年=100
營業額指數,455,布疋及服飾品批發業,11210,91.70,110年=100
營業額指數,455,布疋及服飾品批發業,11211,91.68,110年=100
營業額指數,455,布疋及服飾品批發業,11212,100.28,110年=100
營業額指數,455,布疋及服飾品批發業,11301,126.14,110年=100
營業額指數,455,布疋及服飾品批發業,11302,83.44,110年=100
營業額指數,455,布疋及服飾品批發業,11303,92.00,110年=100
營業額指數,455,布疋及服飾品批發業,11304,95.47,110年=100
營業額指數,455,布疋及服飾品批發業,11305,94.80,110年=100
營業額指數,455,布疋及服飾品批發業,11306,86.30,110年=100
營業額指數,455,布疋及服飾品批發業,11307,102.39,110年=100
營業額指數,455,布疋及服飾品批發業,11308,101.55,110年=100
營業額指數,455,布疋及服飾品批發業,11309,86.97,110年=100
營業額指數,455,布疋及服飾品批發業,11310,98.56,110年=100
營業額指數,455,布疋及服飾品批發業,11311,94.15,110年=100
營業額指數,455,布疋及服飾品批發業,11312,99.70,110年=100
營業額指數,455,布疋及服飾品批發業,11401,115.84,110年=100
營業額指數,455,布疋及服飾品批發業,11402,89.91,110年=100
營業額指數,455,布疋及服飾品批發業,11403,94.41,110年=100
營業額指數,455,布疋及服飾品批發業,11404,103.27,110年=100
營業額指數,455,布疋及服飾品批發業,11405,97.69,110年=100
營業額指數,455,布疋及服飾品批發業,11406,89.17,110年=100
營業額指數,455,布疋及服飾品批發業,11407,95.64,110年=100
營業額指數,455,布疋及服飾品批發業,11408,88.64,110年=100
營業額指數,455,布疋及服飾品批發業,11409,90.12,110年=100
營業額指數,455,布疋及服飾品批發業,11410,100.49,110年=100
營業額指數,455,布疋及服飾品批發業,11411,88.79,110年=100
營業額指數,455,布疋及服飾品批發業,11412,92.77,110年=100
營業額指數,455,布疋及服飾品批發業,11501,106.32,110年=100
營業額指數,455,布疋及服飾品批發業,11502,82.17,110年=100
營業額指數,456,家用器具及用品批發業,08801,72.90,110年=100
營業額指數,456,家用器具及用品批發業,08802,74.04,110年=100
營業額指數,456,家用器具及用品批發業,08803,74.80,110年=100
營業額指數,456,家用器具及用品批發業,08804,74.61,110年=100
營業額指數,456,家用器具及用品批發業,08805,74.75,110年=100
營業額指數,456,家用器具及用品批發業,08806,75.93,110年=100
營業額指數,456,家用器具及用品批發業,08807,78.87,110年=100
營業額指數,456,家用器具及用品批發業,08808,78.54,110年=100
營業額指數,456,家用器具及用品批發業,08809,78.52,110年=100
營業額指數,456,家用器具及用品批發業,08810,78.67,110年=100
營業額指數,456,家用器具及用品批發業,08811,78.92,110年=100
營業額指數,456,家用器具及用品批發業,08812,82.02,110年=100
營業額指數,456,家用器具及用品批發業,08901,84.74,110年=100
營業額指數,456,家用器具及用品批發業,08902,82.23,110年=100
營業額指數,456,家用器具及用品批發業,08903,86.92,110年=100
營業額指數,456,家用器具及用品批發業,08904,86.71,110年=100
營業額指數,456,家用器具及用品批發業,08905,88.69,110年=100
營業額指數,456,家用器具及用品批發業,08906,88.93,110年=100
營業額指數,456,家用器具及用品批發業,08907,91.18,110年=100
營業額指數,456,家用器具及用品批發業,08908,91.96,110年=100
營業額指數,456,家用器具及用品批發業,08909,92.38,110年=100
營業額指數,456,家用器具及用品批發業,08910,87.69,110年=100
營業額指數,456,家用器具及用品批發業,08911,86.34,110年=100
營業額指數,456,家用器具及用品批發業,08912,85.99,110年=100
營業額指數,456,家用器具及用品批發業,09001,79.65,110年=100
營業額指數,456,家用器具及用品批發業,09002,77.92,110年=100
營業額指數,456,家用器具及用品批發業,09003,81.95,110年=100
營業額指數,456,家用器具及用品批發業,09004,78.47,110年=100
營業額指數,456,家用器具及用品批發業,09005,76.51,110年=100
營業額指數,456,家用器具及用品批發業,09006,76.03,110年=100
營業額指數,456,家用器具及用品批發業,09007,75.67,110年=100
營業額指數,456,家用器具及用品批發業,09008,77.97,110年=100
營業額指數,456,家用器具及用品批發業,09009,75.09,110年=100
營業額指數,456,家用器具及用品批發業,09010,80.25,110年=100
營業額指數,456,家用器具及用品批發業,09011,82.08,110年=100
營業額指數,456,家用器具及用品批發業,09012,84.68,110年=100
營業額指數,456,家用器具及用品批發業,09101,79.63,110年=100
營業額指數,456,家用器具及用品批發業,09102,73.24,110年=100
營業額指數,456,家用器具及用品批發業,09103,83.24,110年=100
營業額指數,456,家用器具及用品批發業,09104,80.98,110年=100
營業額指數,456,家用器具及用品批發業,09105,82.73,110年=100
營業額指數,456,家用器具及用品批發業,09106,83.93,110年=100
營業額指數,456,家用器具及用品批發業,09107,85.48,110年=100
營業額指數,456,家用器具及用品批發業,09108,84.66,110年=100
營業額指數,456,家用器具及用品批發業,09109,87.82,110年=100
營業額指數,456,家用器具及用品批發業,09110,88.82,110年=100
營業額指數,456,家用器具及用品批發業,09111,90.14,110年=100
營業額指數,456,家用器具及用品批發業,09112,90.05,110年=100
營業額指數,456,家用器具及用品批發業,09201,86.72,110年=100
營業額指數,456,家用器具及用品批發業,09202,76.82,110年=100
營業額指數,456,家用器具及用品批發業,09203,86.74,110年=100
營業額指數,456,家用器具及用品批發業,09204,83.76,110年=100
營業額指數,456,家用器具及用品批發業,09205,75.66,110年=100
營業額指數,456,家用器具及用品批發業,09206,77.04,110年=100
營業額指數,456,家用器具及用品批發業,09207,80.59,110年=100
營業額指數,456,家用器具及用品批發業,09208,82.29,110年=100
營業額指數,456,家用器具及用品批發業,09209,87.00,110年=100
營業額指數,456,家用器具及用品批發業,09210,87.12,110年=100
營業額指數,456,家用器具及用品批發業,09211,84.55,110年=100
營業額指數,456,家用器具及用品批發業,09212,87.30,110年=100
營業額指數,456,家用器具及用品批發業,09301,80.28,110年=100
營業額指數,456,家用器具及用品批發業,09302,82.21,110年=100
營業額指數,456,家用器具及用品批發業,09303,88.54,110年=100
營業額指數,456,家用器具及用品批發業,09304,88.99,110年=100
營業額指數,456,家用器具及用品批發業,09305,90.63,110年=100
營業額指數,456,家用器具及用品批發業,09306,90.71,110年=100
營業額指數,456,家用器具及用品批發業,09307,90.18,110年=100
營業額指數,456,家用器具及用品批發業,09308,89.15,110年=100
營業額指數,456,家用器具及用品批發業,09309,94.91,110年=100
營業額指數,456,家用器具及用品批發業,09310,96.96,110年=100
營業額指數,456,家用器具及用品批發業,09311,98.06,110年=100
營業額指數,456,家用器具及用品批發業,09312,99.99,110年=100
營業額指數,456,家用器具及用品批發業,09401,95.56,110年=100
營業額指數,456,家用器具及用品批發業,09402,83.60,110年=100
營業額指數,456,家用器具及用品批發業,09403,97.84,110年=100
營業額指數,456,家用器具及用品批發業,09404,97.89,110年=100
營業額指數,456,家用器具及用品批發業,09405,92.96,110年=100
營業額指數,456,家用器具及用品批發業,09406,95.22,110年=100
營業額指數,456,家用器具及用品批發業,09407,98.06,110年=100
營業額指數,456,家用器具及用品批發業,09408,100.66,110年=100
營業額指數,456,家用器具及用品批發業,09409,101.02,110年=100
營業額指數,456,家用器具及用品批發業,09410,102.16,110年=100
營業額指數,456,家用器具及用品批發業,09411,107.53,110年=100
營業額指數,456,家用器具及用品批發業,09412,103.85,110年=100
營業額指數,456,家用器具及用品批發業,09501,108.99,110年=100
營業額指數,456,家用器具及用品批發業,09502,88.54,110年=100
營業額指數,456,家用器具及用品批發業,09503,111.83,110年=100
營業額指數,456,家用器具及用品批發業,09504,115.92,110年=100
營業額指數,456,家用器具及用品批發業,09505,107.13,110年=100
營業額指數,456,家用器具及用品批發業,09506,112.05,110年=100
營業額指數,456,家用器具及用品批發業,09507,111.54,110年=100
營業額指數,456,家用器具及用品批發業,09508,108.25,110年=100
營業額指數,456,家用器具及用品批發業,09509,112.30,110年=100
營業額指數,456,家用器具及用品批發業,09510,108.43,110年=100
營業額指數,456,家用器具及用品批發業,09511,112.69,110年=100
營業額指數,456,家用器具及用品批發業,09512,112.16,110年=100
營業額指數,456,家用器具及用品批發業,09601,105.49,110年=100
營業額指數,456,家用器具及用品批發業,09602,90.25,110年=100
營業額指數,456,家用器具及用品批發業,09603,106.33,110年=100
營業額指數,456,家用器具及用品批發業,09604,107.01,110年=100
營業額指數,456,家用器具及用品批發業,09605,110.90,110年=100
營業額指數,456,家用器具及用品批發業,09606,111.65,110年=100
營業額指數,456,家用器具及用品批發業,09607,115.94,110年=100
營業額指數,456,家用器具及用品批發業,09608,114.66,110年=100
營業額指數,456,家用器具及用品批發業,09609,115.54,110年=100
營業額指數,456,家用器具及用品批發業,09610,113.73,110年=100
營業額指數,456,家用器具及用品批發業,09611,112.91,110年=100
營業額指數,456,家用器具及用品批發業,09612,113.05,110年=100
營業額指數,456,家用器具及用品批發業,09701,114.16,110年=100
營業額指數,456,家用器具及用品批發業,09702,89.22,110年=100
營業額指數,456,家用器具及用品批發業,09703,108.34,110年=100
營業額指數,456,家用器具及用品批發業,09704,113.08,110年=100
營業額指數,456,家用器具及用品批發業,09705,113.04,110年=100
營業額指數,456,家用器具及用品批發業,09706,109.34,110年=100
營業額指數,456,家用器具及用品批發業,09707,109.52,110年=100
營業額指數,456,家用器具及用品批發業,09708,108.43,110年=100
營業額指數,456,家用器具及用品批發業,09709,110.50,110年=100
營業額指數,456,家用器具及用品批發業,09710,101.03,110年=100
營業額指數,456,家用器具及用品批發業,09711,85.42,110年=100
營業額指數,456,家用器具及用品批發業,09712,81.99,110年=100
營業額指數,456,家用器具及用品批發業,09801,78.17,110年=100
營業額指數,456,家用器具及用品批發業,09802,76.43,110年=100
營業額指數,456,家用器具及用品批發業,09803,87.87,110年=100
營業額指數,456,家用器具及用品批發業,09804,91.13,110年=100
營業額指數,456,家用器具及用品批發業,09805,88.80,110年=100
營業額指數,456,家用器具及用品批發業,09806,95.17,110年=100
營業額指數,456,家用器具及用品批發業,09807,99.71,110年=100
營業額指數,456,家用器具及用品批發業,09808,97.57,110年=100
營業額指數,456,家用器具及用品批發業,09809,106.14,110年=100
營業額指數,456,家用器具及用品批發業,09810,102.86,110年=100
營業額指數,456,家用器具及用品批發業,09811,92.43,110年=100
營業額指數,456,家用器具及用品批發業,09812,96.35,110年=100
營業額指數,456,家用器具及用品批發業,09901,93.31,110年=100
營業額指數,456,家用器具及用品批發業,09902,82.02,110年=100
營業額指數,456,家用器具及用品批發業,09903,92.06,110年=100
營業額指數,456,家用器具及用品批發業,09904,101.10,110年=100
營業額指數,456,家用器具及用品批發業,09905,94.62,110年=100
營業額指數,456,家用器具及用品批發業,09906,95.46,110年=100
營業額指數,456,家用器具及用品批發業,09907,102.51,110年=100
營業額指數,456,家用器具及用品批發業,09908,100.69,110年=100
營業額指數,456,家用器具及用品批發業,09909,109.54,110年=100
營業額指數,456,家用器具及用品批發業,09910,104.96,110年=100
營業額指數,456,家用器具及用品批發業,09911,103.77,110年=100
營業額指數,456,家用器具及用品批發業,09912,105.30,110年=100
營業額指數,456,家用器具及用品批發業,10001,101.31,110年=100
營業額指數,456,家用器具及用品批發業,10002,86.54,110年=100
營業額指數,456,家用器具及用品批發業,10003,96.91,110年=100
營業額指數,456,家用器具及用品批發業,10004,104.31,110年=100
營業額指數,456,家用器具及用品批發業,10005,101.76,110年=100
營業額指數,456,家用器具及用品批發業,10006,104.92,110年=100
營業額指數,456,家用器具及用品批發業,10007,110.16,110年=100
營業額指數,456,家用器具及用品批發業,10008,106.28,110年=100
營業額指數,456,家用器具及用品批發業,10009,110.68,110年=100
營業額指數,456,家用器具及用品批發業,10010,104.03,110年=100
營業額指數,456,家用器具及用品批發業,10011,99.00,110年=100
營業額指數,456,家用器具及用品批發業,10012,95.84,110年=100
營業額指數,456,家用器具及用品批發業,10101,83.90,110年=100
營業額指數,456,家用器具及用品批發業,10102,87.29,110年=100
營業額指數,456,家用器具及用品批發業,10103,91.54,110年=100
營業額指數,456,家用器具及用品批發業,10104,93.45,110年=100
營業額指數,456,家用器具及用品批發業,10105,92.40,110年=100
營業額指數,456,家用器具及用品批發業,10106,92.76,110年=100
營業額指數,456,家用器具及用品批發業,10107,97.91,110年=100
營業額指數,456,家用器具及用品批發業,10108,95.77,110年=100
營業額指數,456,家用器具及用品批發業,10109,100.02,110年=100
營業額指數,456,家用器具及用品批發業,10110,96.38,110年=100
營業額指數,456,家用器具及用品批發業,10111,96.36,110年=100
營業額指數,456,家用器具及用品批發業,10112,97.30,110年=100
營業額指數,456,家用器具及用品批發業,10201,88.91,110年=100
營業額指數,456,家用器具及用品批發業,10202,83.94,110年=100
營業額指數,456,家用器具及用品批發業,10203,84.76,110年=100
營業額指數,456,家用器具及用品批發業,10204,91.55,110年=100
營業額指數,456,家用器具及用品批發業,10205,90.07,110年=100
營業額指數,456,家用器具及用品批發業,10206,90.91,110年=100
營業額指數,456,家用器具及用品批發業,10207,88.44,110年=100
營業額指數,456,家用器具及用品批發業,10208,86.55,110年=100
營業額指數,456,家用器具及用品批發業,10209,101.50,110年=100
營業額指數,456,家用器具及用品批發業,10210,97.66,110年=100
營業額指數,456,家用器具及用品批發業,10211,91.91,110年=100
營業額指數,456,家用器具及用品批發業,10212,93.56,110年=100
營業額指數,456,家用器具及用品批發業,10301,89.71,110年=100
營業額指數,456,家用器具及用品批發業,10302,78.53,110年=100
營業額指數,456,家用器具及用品批發業,10303,82.94,110年=100
營業額指數,456,家用器具及用品批發業,10304,90.79,110年=100
營業額指數,456,家用器具及用品批發業,10305,88.94,110年=100
營業額指數,456,家用器具及用品批發業,10306,91.42,110年=100
營業額指數,456,家用器具及用品批發業,10307,93.42,110年=100
營業額指數,456,家用器具及用品批發業,10308,87.96,110年=100
營業額指數,456,家用器具及用品批發業,10309,100.06,110年=100
營業額指數,456,家用器具及用品批發業,10310,100.81,110年=100
營業額指數,456,家用器具及用品批發業,10311,98.50,110年=100
營業額指數,456,家用器具及用品批發業,10312,97.32,110年=100
營業額指數,456,家用器具及用品批發業,10401,89.28,110年=100
營業額指數,456,家用器具及用品批發業,10402,75.71,110年=100
營業額指數,456,家用器具及用品批發業,10403,82.53,110年=100
營業額指數,456,家用器具及用品批發業,10404,87.81,110年=100
營業額指數,456,家用器具及用品批發業,10405,82.40,110年=100
營業額指數,456,家用器具及用品批發業,10406,86.63,110年=100
營業額指數,456,家用器具及用品批發業,10407,86.66,110年=100
營業額指數,456,家用器具及用品批發業,10408,78.68,110年=100
營業額指數,456,家用器具及用品批發業,10409,89.37,110年=100
營業額指數,456,家用器具及用品批發業,10410,93.48,110年=100
營業額指數,456,家用器具及用品批發業,10411,94.99,110年=100
營業額指數,456,家用器具及用品批發業,10412,105.18,110年=100
營業額指數,456,家用器具及用品批發業,10501,83.98,110年=100
營業額指數,456,家用器具及用品批發業,10502,71.54,110年=100
營業額指數,456,家用器具及用品批發業,10503,76.50,110年=100
營業額指數,456,家用器具及用品批發業,10504,81.38,110年=100
營業額指數,456,家用器具及用品批發業,10505,78.23,110年=100
營業額指數,456,家用器具及用品批發業,10506,80.46,110年=100
營業額指數,456,家用器具及用品批發業,10507,78.52,110年=100
營業額指數,456,家用器具及用品批發業,10508,79.12,110年=100
營業額指數,456,家用器具及用品批發業,10509,87.16,110年=100
營業額指數,456,家用器具及用品批發業,10510,91.00,110年=100
營業額指數,456,家用器具及用品批發業,10511,93.29,110年=100
營業額指數,456,家用器具及用品批發業,10512,94.55,110年=100
營業額指數,456,家用器具及用品批發業,10601,84.39,110年=100
營業額指數,456,家用器具及用品批發業,10602,82.88,110年=100
營業額指數,456,家用器具及用品批發業,10603,83.51,110年=100
營業額指數,456,家用器具及用品批發業,10604,96.41,110年=100
營業額指數,456,家用器具及用品批發業,10605,80.86,110年=100
營業額指數,456,家用器具及用品批發業,10606,78.98,110年=100
營業額指數,456,家用器具及用品批發業,10607,82.09,110年=100
營業額指數,456,家用器具及用品批發業,10608,75.02,110年=100
營業額指數,456,家用器具及用品批發業,10609,75.09,110年=100
營業額指數,456,家用器具及用品批發業,10610,82.47,110年=100
營業額指數,456,家用器具及用品批發業,10611,82.17,110年=100
營業額指數,456,家用器具及用品批發業,10612,90.85,110年=100
營業額指數,456,家用器具及用品批發業,10701,90.90,110年=100
營業額指數,456,家用器具及用品批發業,10702,88.18,110年=100
營業額指數,456,家用器具及用品批發業,10703,94.02,110年=100
營業額指數,456,家用器具及用品批發業,10704,98.86,110年=100
營業額指數,456,家用器具及用品批發業,10705,91.99,110年=100
營業額指數,456,家用器具及用品批發業,10706,84.93,110年=100
營業額指數,456,家用器具及用品批發業,10707,80.41,110年=100
營業額指數,456,家用器具及用品批發業,10708,76.11,110年=100
營業額指數,456,家用器具及用品批發業,10709,68.88,110年=100
營業額指數,456,家用器具及用品批發業,10710,82.24,110年=100
營業額指數,456,家用器具及用品批發業,10711,78.82,110年=100
營業額指數,456,家用器具及用品批發業,10712,83.18,110年=100
營業額指數,456,家用器具及用品批發業,10801,94.08,110年=100
營業額指數,456,家用器具及用品批發業,10802,81.18,110年=100
營業額指數,456,家用器具及用品批發業,10803,85.12,110年=100
營業額指數,456,家用器具及用品批發業,10804,97.15,110年=100
營業額指數,456,家用器具及用品批發業,10805,83.88,110年=100
營業額指數,456,家用器具及用品批發業,10806,76.49,110年=100
營業額指數,456,家用器具及用品批發業,10807,76.72,110年=100
營業額指數,456,家用器具及用品批發業,10808,71.04,110年=100
營業額指數,456,家用器具及用品批發業,10809,69.66,110年=100
營業額指數,456,家用器具及用品批發業,10810,83.45,110年=100
營業額指數,456,家用器具及用品批發業,10811,82.12,110年=100
營業額指數,456,家用器具及用品批發業,10812,91.47,110年=100
營業額指數,456,家用器具及用品批發業,10901,86.32,110年=100
營業額指數,456,家用器具及用品批發業,10902,99.26,110年=100
營業額指數,456,家用器具及用品批發業,10903,90.43,110年=100
營業額指數,456,家用器具及用品批發業,10904,100.24,110年=100
營業額指數,456,家用器具及用品批發業,10905,92.98,110年=100
營業額指數,456,家用器具及用品批發業,10906,86.69,110年=100
營業額指數,456,家用器具及用品批發業,10907,98.30,110年=100
營業額指數,456,家用器具及用品批發業,10908,83.03,110年=100
營業額指數,456,家用器具及用品批發業,10909,84.08,110年=100
營業額指數,456,家用器具及用品批發業,10910,89.30,110年=100
營業額指數,456,家用器具及用品批發業,10911,90.87,110年=100
營業額指數,456,家用器具及用品批發業,10912,102.01,110年=100
營業額指數,456,家用器具及用品批發業,11001,103.26,110年=100
營業額指數,456,家用器具及用品批發業,11002,103.36,110年=100
營業額指數,456,家用器具及用品批發業,11003,110.96,110年=100
營業額指數,456,家用器具及用品批發業,11004,116.36,110年=100
營業額指數,456,家用器具及用品批發業,11005,111.21,110年=100
營業額指數,456,家用器具及用品批發業,11006,91.90,110年=100
營業額指數,456,家用器具及用品批發業,11007,94.35,110年=100
營業額指數,456,家用器具及用品批發業,11008,83.24,110年=100
營業額指數,456,家用器具及用品批發業,11009,88.86,110年=100
營業額指數,456,家用器具及用品批發業,11010,94.60,110年=100
營業額指數,456,家用器具及用品批發業,11011,96.80,110年=100
營業額指數,456,家用器具及用品批發業,11012,105.11,110年=100
營業額指數,456,家用器具及用品批發業,11101,110.52,110年=100
營業額指數,456,家用器具及用品批發業,11102,101.58,110年=100
營業額指數,456,家用器具及用品批發業,11103,123.67,110年=100
營業額指數,456,家用器具及用品批發業,11104,125.10,110年=100
營業額指數,456,家用器具及用品批發業,11105,110.10,110年=100
營業額指數,456,家用器具及用品批發業,11106,99.90,110年=100
營業額指數,456,家用器具及用品批發業,11107,96.45,110年=100
營業額指數,456,家用器具及用品批發業,11108,82.22,110年=100
營業額指數,456,家用器具及用品批發業,11109,80.44,110年=100
營業額指數,456,家用器具及用品批發業,11110,82.32,110年=100
營業額指數,456,家用器具及用品批發業,11111,86.83,110年=100
營業額指數,456,家用器具及用品批發業,11112,88.80,110年=100
營業額指數,456,家用器具及用品批發業,11201,81.85,110年=100
營業額指數,456,家用器具及用品批發業,11202,97.39,110年=100
營業額指數,456,家用器具及用品批發業,11203,109.58,110年=100
營業額指數,456,家用器具及用品批發業,11204,109.61,110年=100
營業額指數,456,家用器具及用品批發業,11205,110.90,110年=100
營業額指數,456,家用器具及用品批發業,11206,95.08,110年=100
營業額指數,456,家用器具及用品批發業,11207,87.96,110年=100
營業額指數,456,家用器具及用品批發業,11208,77.57,110年=100
營業額指數,456,家用器具及用品批發業,11209,74.17,110年=100
營業額指數,456,家用器具及用品批發業,11210,82.16,110年=100
營業額指數,456,家用器具及用品批發業,11211,87.64,110年=100
營業額指數,456,家用器具及用品批發業,11212,88.33,110年=100
營業額指數,456,家用器具及用品批發業,11301,92.02,110年=100
營業額指數,456,家用器具及用品批發業,11302,81.70,110年=100
營業額指數,456,家用器具及用品批發業,11303,101.76,110年=100
營業額指數,456,家用器具及用品批發業,11304,107.24,110年=100
營業額指數,456,家用器具及用品批發業,11305,103.93,110年=100
營業額指數,456,家用器具及用品批發業,11306,93.45,110年=100
營業額指數,456,家用器具及用品批發業,11307,95.03,110年=100
營業額指數,456,家用器具及用品批發業,11308,87.80,110年=100
營業額指數,456,家用器具及用品批發業,11309,83.50,110年=100
營業額指數,456,家用器具及用品批發業,11310,89.17,110年=100
營業額指數,456,家用器具及用品批發業,11311,90.62,110年=100
營業額指數,456,家用器具及用品批發業,11312,93.27,110年=100
營業額指數,456,家用器具及用品批發業,11401,82.36,110年=100
營業額指數,456,家用器具及用品批發業,11402,81.80,110年=100
營業額指數,456,家用器具及用品批發業,11403,101.26,110年=100
營業額指數,456,家用器具及用品批發業,11404,108.70,110年=100
營業額指數,456,家用器具及用品批發業,11405,111.36,110年=100
營業額指數,456,家用器具及用品批發業,11406,97.78,110年=100
營業額指數,456,家用器具及用品批發業,11407,94.00,110年=100
營業額指數,456,家用器具及用品批發業,11408,83.79,110年=100
營業額指數,456,家用器具及用品批發業,11409,84.99,110年=100
營業額指數,456,家用器具及用品批發業,11410,88.51,110年=100
營業額指數,456,家用器具及用品批發業,11411,88.07,110年=100
營業額指數,456,家用器具及用品批發業,11412,94.67,110年=100
營業額指數,456,家用器具及用品批發業,11501,95.74,110年=100
營業額指數,456,家用器具及用品批發業,11502,70.62,110年=100
營業額指數,457,藥品、醫療用品及化粧品批發業,08801,28.83,110年=100
營業額指數,457,藥品、醫療用品及化粧品批發業,08802,28.72,110年=100
營業額指數,457,藥品、醫療用品及化粧品批發業,08803,29.54,110年=100
營業額指數,457,藥品、醫療用品及化粧品批發業,08804,30.02,110年=100
營業額指數,457,藥品、醫療用品及化粧品批發業,08805,30.39,110年=100
營業額指數,457,藥品、醫療用品及化粧品批發業,08806,31.10,110年=100
營業額指數,457,藥品、醫療用品及化粧品批發業,08807,31.37,110年=100
營業額指數,457,藥品、醫療用品及化粧品批發業,08808,31.63,110年=100
營業額指數,457,藥品、醫療用品及化粧品批發業,08809,32.00,110年=100
營業額指數,457,藥品、醫療用品及化粧品批發業,08810,31.55,110年=100
營業額指數,457,藥品、醫療用品及化粧品批發業,08811,31.06,110年=100
營業額指數,457,藥品、醫療用品及化粧品批發業,08812,32.41,110年=100
營業額指數,457,藥品、醫療用品及化粧品批發業,08901,33.63,110年=100
營業額指數,457,藥品、醫療用品及化粧品批發業,08902,32.62,110年=100
營業額指數,457,藥品、醫療用品及化粧品批發業,08903,34.28,110年=100
營業額指數,457,藥品、醫療用品及化粧品批發業,08904,33.72,110年=100
營業額指數,457,藥品、醫療用品及化粧品批發業,08905,34.97,110年=100
營業額指數,457,藥品、醫療用品及化粧品批發業,08906,34.70,110年=100
營業額指數,457,藥品、醫療用品及化粧品批發業,08907,35.06,110年=100
營業額指數,457,藥品、醫療用品及化粧品批發業,08908,35.92,110年=100
營業額指數,457,藥品、醫療用品及化粧品批發業,08909,36.31,110年=100
營業額指數,457,藥品、醫療用品及化粧品批發業,08910,35.17,110年=100
營業額指數,457,藥品、醫療用品及化粧品批發業,08911,34.22,110年=100
營業額指數,457,藥品、醫療用品及化粧品批發業,08912,33.67,110年=100
營業額指數,457,藥品、醫療用品及化粧品批發業,09001,31.48,110年=100
營業額指數,457,藥品、醫療用品及化粧品批發業,09002,30.81,110年=100
營業額指數,457,藥品、醫療用品及化粧品批發業,09003,32.94,110年=100
營業額指數,457,藥品、醫療用品及化粧品批發業,09004,31.57,110年=100
營業額指數,457,藥品、醫療用品及化粧品批發業,09005,31.39,110年=100
營業額指數,457,藥品、醫療用品及化粧品批發業,09006,32.11,110年=100
營業額指數,457,藥品、醫療用品及化粧品批發業,09007,31.00,110年=100
營業額指數,457,藥品、醫療用品及化粧品批發業,09008,32.64,110年=100
營業額指數,457,藥品、醫療用品及化粧品批發業,09009,30.74,110年=100
營業額指數,457,藥品、醫療用品及化粧品批發業,09010,32.92,110年=100
營業額指數,457,藥品、醫療用品及化粧品批發業,09011,32.37,110年=100
營業額指數,457,藥品、醫療用品及化粧品批發業,09012,33.26,110年=100
營業額指數,457,藥品、醫療用品及化粧品批發業,09101,32.34,110年=100
營業額指數,457,藥品、醫療用品及化粧品批發業,09102,29.72,110年=100
營業額指數,457,藥品、醫療用品及化粧品批發業,09103,33.89,110年=100
營業額指數,457,藥品、醫療用品及化粧品批發業,09104,33.82,110年=100
營業額指數,457,藥品、醫療用品及化粧品批發業,09105,33.32,110年=100
營業額指數,457,藥品、醫療用品及化粧品批發業,09106,33.63,110年=100
營業額指數,457,藥品、醫療用品及化粧品批發業,09107,34.52,110年=100
營業額指數,457,藥品、醫療用品及化粧品批發業,09108,34.75,110年=100
營業額指數,457,藥品、醫療用品及化粧品批發業,09109,35.45,110年=100
營業額指數,457,藥品、醫療用品及化粧品批發業,09110,36.94,110年=100
營業額指數,457,藥品、醫療用品及化粧品批發業,09111,35.75,110年=100
營業額指數,457,藥品、醫療用品及化粧品批發業,09112,36.25,110年=100
營業額指數,457,藥品、醫療用品及化粧品批發業,09201,35.51,110年=100
營業額指數,457,藥品、醫療用品及化粧品批發業,09202,31.03,110年=100
營業額指數,457,藥品、醫療用品及化粧品批發業,09203,36.80,110年=100
營業額指數,457,藥品、醫療用品及化粧品批發業,09204,37.06,110年=100
營業額指數,457,藥品、醫療用品及化粧品批發業,09205,37.31,110年=100
營業額指數,457,藥品、醫療用品及化粧品批發業,09206,33.56,110年=100
營業額指數,457,藥品、醫療用品及化粧品批發業,09207,33.02,110年=100
營業額指數,457,藥品、醫療用品及化粧品批發業,09208,34.10,110年=100
營業額指數,457,藥品、醫療用品及化粧品批發業,09209,37.10,110年=100
營業額指數,457,藥品、醫療用品及化粧品批發業,09210,40.30,110年=100
營業額指數,457,藥品、醫療用品及化粧品批發業,09211,38.78,110年=100
營業額指數,457,藥品、醫療用品及化粧品批發業,09212,41.69,110年=100
營業額指數,457,藥品、醫療用品及化粧品批發業,09301,40.10,110年=100
營業額指數,457,藥品、醫療用品及化粧品批發業,09302,37.99,110年=100
營業額指數,457,藥品、醫療用品及化粧品批發業,09303,40.77,110年=100
營業額指數,457,藥品、醫療用品及化粧品批發業,09304,42.82,110年=100
營業額指數,457,藥品、醫療用品及化粧品批發業,09305,40.81,110年=100
營業額指數,457,藥品、醫療用品及化粧品批發業,09306,40.99,110年=100
營業額指數,457,藥品、醫療用品及化粧品批發業,09307,38.91,110年=100
營業額指數,457,藥品、醫療用品及化粧品批發業,09308,40.05,110年=100
營業額指數,457,藥品、醫療用品及化粧品批發業,09309,42.70,110年=100
營業額指數,457,藥品、醫療用品及化粧品批發業,09310,44.60,110年=100
營業額指數,457,藥品、醫療用品及化粧品批發業,09311,43.71,110年=100
營業額指數,457,藥品、醫療用品及化粧品批發業,09312,42.77,110年=100
營業額指數,457,藥品、醫療用品及化粧品批發業,09401,45.05,110年=100
營業額指數,457,藥品、醫療用品及化粧品批發業,09402,38.70,110年=100
營業額指數,457,藥品、醫療用品及化粧品批發業,09403,43.77,110年=100
營業額指數,457,藥品、醫療用品及化粧品批發業,09404,43.23,110年=100
營業額指數,457,藥品、醫療用品及化粧品批發業,09405,43.03,110年=100
營業額指數,457,藥品、醫療用品及化粧品批發業,09406,41.38,110年=100
營業額指數,457,藥品、醫療用品及化粧品批發業,09407,39.85,110年=100
營業額指數,457,藥品、醫療用品及化粧品批發業,09408,42.82,110年=100
營業額指數,457,藥品、醫療用品及化粧品批發業,09409,44.58,110年=100
營業額指數,457,藥品、醫療用品及化粧品批發業,09410,45.96,110年=100
營業額指數,457,藥品、醫療用品及化粧品批發業,09411,45.29,110年=100
營業額指數,457,藥品、醫療用品及化粧品批發業,09412,43.84,110年=100
營業額指數,457,藥品、醫療用品及化粧品批發業,09501,46.39,110年=100
營業額指數,457,藥品、醫療用品及化粧品批發業,09502,43.08,110年=100
營業額指數,457,藥品、醫療用品及化粧品批發業,09503,47.39,110年=100
營業額指數,457,藥品、醫療用品及化粧品批發業,09504,48.14,110年=100
營業額指數,457,藥品、醫療用品及化粧品批發業,09505,48.75,110年=100
營業額指數,457,藥品、醫療用品及化粧品批發業,09506,46.58,110年=100
營業額指數,457,藥品、醫療用品及化粧品批發業,09507,46.43,110年=100
營業額指數,457,藥品、醫療用品及化粧品批發業,09508,48.96,110年=100
營業額指數,457,藥品、醫療用品及化粧品批發業,09509,50.29,110年=100
營業額指數,457,藥品、醫療用品及化粧品批發業,09510,52.38,110年=100
營業額指數,457,藥品、醫療用品及化粧品批發業,09511,53.61,110年=100
營業額指數,457,藥品、醫療用品及化粧品批發業,09512,48.66,110年=100
營業額指數,457,藥品、醫療用品及化粧品批發業,09601,53.16,110年=100
營業額指數,457,藥品、醫療用品及化粧品批發業,09602,45.80,110年=100
營業額指數,457,藥品、醫療用品及化粧品批發業,09603,48.80,110年=100
營業額指數,457,藥品、醫療用品及化粧品批發業,09604,51.36,110年=100
營業額指數,457,藥品、醫療用品及化粧品批發業,09605,51.51,110年=100
營業額指數,457,藥品、醫療用品及化粧品批發業,09606,48.78,110年=100
營業額指數,457,藥品、醫療用品及化粧品批發業,09607,49.66,110年=100
營業額指數,457,藥品、醫療用品及化粧品批發業,09608,50.26,110年=100
營業額指數,457,藥品、醫療用品及化粧品批發業,09609,51.71,110年=100
營業額指數,457,藥品、醫療用品及化粧品批發業,09610,59.41,110年=100
營業額指數,457,藥品、醫療用品及化粧品批發業,09611,56.26,110年=100
營業額指數,457,藥品、醫療用品及化粧品批發業,09612,53.71,110年=100
營業額指數,457,藥品、醫療用品及化粧品批發業,09701,60.55,110年=100
營業額指數,457,藥品、醫療用品及化粧品批發業,09702,44.35,110年=100
營業額指數,457,藥品、醫療用品及化粧品批發業,09703,54.97,110年=100
營業額指數,457,藥品、醫療用品及化粧品批發業,09704,57.70,110年=100
營業額指數,457,藥品、醫療用品及化粧品批發業,09705,53.79,110年=100
營業額指數,457,藥品、醫療用品及化粧品批發業,09706,53.57,110年=100
營業額指數,457,藥品、醫療用品及化粧品批發業,09707,53.89,110年=100
營業額指數,457,藥品、醫療用品及化粧品批發業,09708,53.42,110年=100
營業額指數,457,藥品、醫療用品及化粧品批發業,09709,55.12,110年=100
營業額指數,457,藥品、醫療用品及化粧品批發業,09710,61.67,110年=100
營業額指數,457,藥品、醫療用品及化粧品批發業,09711,56.04,110年=100
營業額指數,457,藥品、醫療用品及化粧品批發業,09712,54.06,110年=100
營業額指數,457,藥品、醫療用品及化粧品批發業,09801,55.14,110年=100
營業額指數,457,藥品、醫療用品及化粧品批發業,09802,49.80,110年=100
營業額指數,457,藥品、醫療用品及化粧品批發業,09803,56.58,110年=100
營業額指數,457,藥品、醫療用品及化粧品批發業,09804,58.68,110年=100
營業額指數,457,藥品、醫療用品及化粧品批發業,09805,54.89,110年=100
營業額指數,457,藥品、醫療用品及化粧品批發業,09806,55.66,110年=100
營業額指數,457,藥品、醫療用品及化粧品批發業,09807,54.15,110年=100
營業額指數,457,藥品、醫療用品及化粧品批發業,09808,55.09,110年=100
營業額指數,457,藥品、醫療用品及化粧品批發業,09809,59.32,110年=100
營業額指數,457,藥品、醫療用品及化粧品批發業,09810,67.48,110年=100
營業額指數,457,藥品、醫療用品及化粧品批發業,09811,60.81,110年=100
營業額指數,457,藥品、醫療用品及化粧品批發業,09812,58.11,110年=100
營業額指數,457,藥品、醫療用品及化粧品批發業,09901,62.17,110年=100
營業額指數,457,藥品、醫療用品及化粧品批發業,09902,53.69,110年=100
營業額指數,457,藥品、醫療用品及化粧品批發業,09903,64.51,110年=100
營業額指數,457,藥品、醫療用品及化粧品批發業,09904,66.33,110年=100
營業額指數,457,藥品、醫療用品及化粧品批發業,09905,60.10,110年=100
營業額指數,457,藥品、醫療用品及化粧品批發業,09906,60.53,110年=100
營業額指數,457,藥品、醫療用品及化粧品批發業,09907,61.64,110年=100
營業額指數,457,藥品、醫療用品及化粧品批發業,09908,62.27,110年=100
營業額指數,457,藥品、醫療用品及化粧品批發業,09909,66.09,110年=100
營業額指數,457,藥品、醫療用品及化粧品批發業,09910,71.67,110年=100
營業額指數,457,藥品、醫療用品及化粧品批發業,09911,66.79,110年=100
營業額指數,457,藥品、醫療用品及化粧品批發業,09912,63.39,110年=100
營業額指數,457,藥品、醫療用品及化粧品批發業,10001,69.98,110年=100
營業額指數,457,藥品、醫療用品及化粧品批發業,10002,58.54,110年=100
營業額指數,457,藥品、醫療用品及化粧品批發業,10003,70.50,110年=100
營業額指數,457,藥品、醫療用品及化粧品批發業,10004,70.17,110年=100
營業額指數,457,藥品、醫療用品及化粧品批發業,10005,66.14,110年=100
營業額指數,457,藥品、醫療用品及化粧品批發業,10006,65.14,110年=100
營業額指數,457,藥品、醫療用品及化粧品批發業,10007,62.18,110年=100
營業額指數,457,藥品、醫療用品及化粧品批發業,10008,66.58,110年=100
營業額指數,457,藥品、醫療用品及化粧品批發業,10009,68.59,110年=100
營業額指數,457,藥品、醫療用品及化粧品批發業,10010,73.04,110年=100
營業額指數,457,藥品、醫療用品及化粧品批發業,10011,63.84,110年=100
營業額指數,457,藥品、醫療用品及化粧品批發業,10012,63.51,110年=100
營業額指數,457,藥品、醫療用品及化粧品批發業,10101,67.91,110年=100
營業額指數,457,藥品、醫療用品及化粧品批發業,10102,64.64,110年=100
營業額指數,457,藥品、醫療用品及化粧品批發業,10103,71.11,110年=100
營業額指數,457,藥品、醫療用品及化粧品批發業,10104,73.42,110年=100
營業額指數,457,藥品、醫療用品及化粧品批發業,10105,69.93,110年=100
營業額指數,457,藥品、醫療用品及化粧品批發業,10106,68.61,110年=100
營業額指數,457,藥品、醫療用品及化粧品批發業,10107,65.78,110年=100
營業額指數,457,藥品、醫療用品及化粧品批發業,10108,68.87,110年=100
營業額指數,457,藥品、醫療用品及化粧品批發業,10109,70.32,110年=100
營業額指數,457,藥品、醫療用品及化粧品批發業,10110,77.59,110年=100
營業額指數,457,藥品、醫療用品及化粧品批發業,10111,69.81,110年=100
營業額指數,457,藥品、醫療用品及化粧品批發業,10112,61.48,110年=100
營業額指數,457,藥品、醫療用品及化粧品批發業,10201,66.90,110年=100
營業額指數,457,藥品、醫療用品及化粧品批發業,10202,53.71,110年=100
營業額指數,457,藥品、醫療用品及化粧品批發業,10203,73.97,110年=100
營業額指數,457,藥品、醫療用品及化粧品批發業,10204,77.67,110年=100
營業額指數,457,藥品、醫療用品及化粧品批發業,10205,72.47,110年=100
營業額指數,457,藥品、醫療用品及化粧品批發業,10206,73.72,110年=100
營業額指數,457,藥品、醫療用品及化粧品批發業,10207,75.26,110年=100
營業額指數,457,藥品、醫療用品及化粧品批發業,10208,76.79,110年=100
營業額指數,457,藥品、醫療用品及化粧品批發業,10209,78.95,110年=100
營業額指數,457,藥品、醫療用品及化粧品批發業,10210,80.34,110年=100
營業額指數,457,藥品、醫療用品及化粧品批發業,10211,74.24,110年=100
營業額指數,457,藥品、醫療用品及化粧品批發業,10212,64.14,110年=100
營業額指數,457,藥品、醫療用品及化粧品批發業,10301,71.43,110年=100
營業額指數,457,藥品、醫療用品及化粧品批發業,10302,54.09,110年=100
營業額指數,457,藥品、醫療用品及化粧品批發業,10303,70.09,110年=100
營業額指數,457,藥品、醫療用品及化粧品批發業,10304,75.61,110年=100
營業額指數,457,藥品、醫療用品及化粧品批發業,10305,72.73,110年=100
營業額指數,457,藥品、醫療用品及化粧品批發業,10306,68.17,110年=100
營業額指數,457,藥品、醫療用品及化粧品批發業,10307,76.22,110年=100
營業額指數,457,藥品、醫療用品及化粧品批發業,10308,75.17,110年=100
營業額指數,457,藥品、醫療用品及化粧品批發業,10309,86.96,110年=100
營業額指數,457,藥品、醫療用品及化粧品批發業,10310,87.85,110年=100
營業額指數,457,藥品、醫療用品及化粧品批發業,10311,72.44,110年=100
營業額指數,457,藥品、醫療用品及化粧品批發業,10312,74.01,110年=100
營業額指數,457,藥品、醫療用品及化粧品批發業,10401,72.15,110年=100
營業額指數,457,藥品、醫療用品及化粧品批發業,10402,58.16,110年=100
營業額指數,457,藥品、醫療用品及化粧品批發業,10403,78.80,110年=100
營業額指數,457,藥品、醫療用品及化粧品批發業,10404,79.42,110年=100
營業額指數,457,藥品、醫療用品及化粧品批發業,10405,71.64,110年=100
營業額指數,457,藥品、醫療用品及化粧品批發業,10406,76.26,110年=100
營業額指數,457,藥品、醫療用品及化粧品批發業,10407,76.68,110年=100
營業額指數,457,藥品、醫療用品及化粧品批發業,10408,77.34,110年=100
營業額指數,457,藥品、醫療用品及化粧品批發業,10409,85.19,110年=100
營業額指數,457,藥品、醫療用品及化粧品批發業,10410,98.00,110年=100
營業額指數,457,藥品、醫療用品及化粧品批發業,10411,72.71,110年=100
營業額指數,457,藥品、醫療用品及化粧品批發業,10412,79.71,110年=100
營業額指數,457,藥品、醫療用品及化粧品批發業,10501,82.16,110年=100
營業額指數,457,藥品、醫療用品及化粧品批發業,10502,56.29,110年=100
營業額指數,457,藥品、醫療用品及化粧品批發業,10503,84.59,110年=100
營業額指數,457,藥品、醫療用品及化粧品批發業,10504,79.65,110年=100
營業額指數,457,藥品、醫療用品及化粧品批發業,10505,78.00,110年=100
營業額指數,457,藥品、醫療用品及化粧品批發業,10506,80.73,110年=100
營業額指數,457,藥品、醫療用品及化粧品批發業,10507,77.00,110年=100
營業額指數,457,藥品、醫療用品及化粧品批發業,10508,85.33,110年=100
營業額指數,457,藥品、醫療用品及化粧品批發業,10509,96.85,110年=100
營業額指數,457,藥品、醫療用品及化粧品批發業,10510,99.01,110年=100
營業額指數,457,藥品、醫療用品及化粧品批發業,10511,90.13,110年=100
營業額指數,457,藥品、醫療用品及化粧品批發業,10512,84.77,110年=100
營業額指數,457,藥品、醫療用品及化粧品批發業,10601,92.14,110年=100
營業額指數,457,藥品、醫療用品及化粧品批發業,10602,67.28,110年=100
營業額指數,457,藥品、醫療用品及化粧品批發業,10603,94.85,110年=100
營業額指數,457,藥品、醫療用品及化粧品批發業,10604,85.00,110年=100
營業額指數,457,藥品、醫療用品及化粧品批發業,10605,85.70,110年=100
營業額指數,457,藥品、醫療用品及化粧品批發業,10606,89.37,110年=100
營業額指數,457,藥品、醫療用品及化粧品批發業,10607,82.65,110年=100
營業額指數,457,藥品、醫療用品及化粧品批發業,10608,89.78,110年=100
營業額指數,457,藥品、醫療用品及化粧品批發業,10609,97.10,110年=100
營業額指數,457,藥品、醫療用品及化粧品批發業,10610,97.30,110年=100
營業額指數,457,藥品、醫療用品及化粧品批發業,10611,91.15,110年=100
營業額指數,457,藥品、醫療用品及化粧品批發業,10612,89.17,110年=100
營業額指數,457,藥品、醫療用品及化粧品批發業,10701,99.56,110年=100
營業額指數,457,藥品、醫療用品及化粧品批發業,10702,72.91,110年=100
營業額指數,457,藥品、醫療用品及化粧品批發業,10703,97.79,110年=100
營業額指數,457,藥品、醫療用品及化粧品批發業,10704,86.43,110年=100
營業額指數,457,藥品、醫療用品及化粧品批發業,10705,92.25,110年=100
營業額指數,457,藥品、醫療用品及化粧品批發業,10706,86.55,110年=100
營業額指數,457,藥品、醫療用品及化粧品批發業,10707,84.33,110年=100
營業額指數,457,藥品、醫療用品及化粧品批發業,10708,88.51,110年=100
營業額指數,457,藥品、醫療用品及化粧品批發業,10709,92.84,110年=100
營業額指數,457,藥品、醫療用品及化粧品批發業,10710,99.78,110年=100
營業額指數,457,藥品、醫療用品及化粧品批發業,10711,86.58,110年=100
營業額指數,457,藥品、醫療用品及化粧品批發業,10712,85.51,110年=100
營業額指數,457,藥品、醫療用品及化粧品批發業,10801,112.07,110年=100
營業額指數,457,藥品、醫療用品及化粧品批發業,10802,65.89,110年=100
營業額指數,457,藥品、醫療用品及化粧品批發業,10803,97.34,110年=100
營業額指數,457,藥品、醫療用品及化粧品批發業,10804,97.01,110年=100
營業額指數,457,藥品、醫療用品及化粧品批發業,10805,90.83,110年=100
營業額指數,457,藥品、醫療用品及化粧品批發業,10806,87.20,110年=100
營業額指數,457,藥品、醫療用品及化粧品批發業,10807,92.22,110年=100
營業額指數,457,藥品、醫療用品及化粧品批發業,10808,87.80,110年=100
營業額指數,457,藥品、醫療用品及化粧品批發業,10809,93.62,110年=100
營業額指數,457,藥品、醫療用品及化粧品批發業,10810,99.71,110年=100
營業額指數,457,藥品、醫療用品及化粧品批發業,10811,90.71,110年=100
營業額指數,457,藥品、醫療用品及化粧品批發業,10812,92.76,110年=100
營業額指數,457,藥品、醫療用品及化粧品批發業,10901,99.79,110年=100
營業額指數,457,藥品、醫療用品及化粧品批發業,10902,85.40,110年=100
營業額指數,457,藥品、醫療用品及化粧品批發業,10903,111.10,110年=100
營業額指數,457,藥品、醫療用品及化粧品批發業,10904,92.49,110年=100
營業額指數,457,藥品、醫療用品及化粧品批發業,10905,82.02,110年=100
營業額指數,457,藥品、醫療用品及化粧品批發業,10906,87.75,110年=100
營業額指數,457,藥品、醫療用品及化粧品批發業,10907,96.05,110年=100
營業額指數,457,藥品、醫療用品及化粧品批發業,10908,93.44,110年=100
營業額指數,457,藥品、醫療用品及化粧品批發業,10909,107.51,110年=100
營業額指數,457,藥品、醫療用品及化粧品批發業,10910,109.51,110年=100
營業額指數,457,藥品、醫療用品及化粧品批發業,10911,97.79,110年=100
營業額指數,457,藥品、醫療用品及化粧品批發業,10912,102.32,110年=100
營業額指數,457,藥品、醫療用品及化粧品批發業,11001,109.03,110年=100
營業額指數,457,藥品、醫療用品及化粧品批發業,11002,79.66,110年=100
營業額指數,457,藥品、醫療用品及化粧品批發業,11003,105.01,110年=100
營業額指數,457,藥品、醫療用品及化粧品批發業,11004,96.16,110年=100
營業額指數,457,藥品、醫療用品及化粧品批發業,11005,97.86,110年=100
營業額指數,457,藥品、醫療用品及化粧品批發業,11006,92.94,110年=100
營業額指數,457,藥品、醫療用品及化粧品批發業,11007,94.50,110年=100
營業額指數,457,藥品、醫療用品及化粧品批發業,11008,97.08,110年=100
營業額指數,457,藥品、醫療用品及化粧品批發業,11009,111.26,110年=100
營業額指數,457,藥品、醫療用品及化粧品批發業,11010,110.25,110年=100
營業額指數,457,藥品、醫療用品及化粧品批發業,11011,103.64,110年=100
營業額指數,457,藥品、醫療用品及化粧品批發業,11012,102.59,110年=100
營業額指數,457,藥品、醫療用品及化粧品批發業,11101,124.63,110年=100
營業額指數,457,藥品、醫療用品及化粧品批發業,11102,79.00,110年=100
營業額指數,457,藥品、醫療用品及化粧品批發業,11103,114.62,110年=100
營業額指數,457,藥品、醫療用品及化粧品批發業,11104,104.92,110年=100
營業額指數,457,藥品、醫療用品及化粧品批發業,11105,139.66,110年=100
營業額指數,457,藥品、醫療用品及化粧品批發業,11106,117.51,110年=100
營業額指數,457,藥品、醫療用品及化粧品批發業,11107,94.07,110年=100
營業額指數,457,藥品、醫療用品及化粧品批發業,11108,103.00,110年=100
營業額指數,457,藥品、醫療用品及化粧品批發業,11109,112.41,110年=100
營業額指數,457,藥品、醫療用品及化粧品批發業,11110,110.98,110年=100
營業額指數,457,藥品、醫療用品及化粧品批發業,11111,104.92,110年=100
營業額指數,457,藥品、醫療用品及化粧品批發業,11112,106.53,110年=100
營業額指數,457,藥品、醫療用品及化粧品批發業,11201,113.43,110年=100
營業額指數,457,藥品、醫療用品及化粧品批發業,11202,93.75,110年=100
營業額指數,457,藥品、醫療用品及化粧品批發業,11203,112.20,110年=100
營業額指數,457,藥品、醫療用品及化粧品批發業,11204,96.73,110年=100
營業額指數,457,藥品、醫療用品及化粧品批發業,11205,103.63,110年=100
營業額指數,457,藥品、醫療用品及化粧品批發業,11206,103.93,110年=100
營業額指數,457,藥品、醫療用品及化粧品批發業,11207,99.33,110年=100
營業額指數,457,藥品、醫療用品及化粧品批發業,11208,106.67,110年=100
營業額指數,457,藥品、醫療用品及化粧品批發業,11209,102.12,110年=100
營業額指數,457,藥品、醫療用品及化粧品批發業,11210,102.20,110年=100
營業額指數,457,藥品、醫療用品及化粧品批發業,11211,108.84,110年=100
營業額指數,457,藥品、醫療用品及化粧品批發業,11212,103.18,110年=100
營業額指數,457,藥品、醫療用品及化粧品批發業,11301,115.53,110年=100
營業額指數,457,藥品、醫療用品及化粧品批發業,11302,75.56,110年=100
營業額指數,457,藥品、醫療用品及化粧品批發業,11303,104.48,110年=100
營業額指數,457,藥品、醫療用品及化粧品批發業,11304,102.90,110年=100
營業額指數,457,藥品、醫療用品及化粧品批發業,11305,105.44,110年=100
營業額指數,457,藥品、醫療用品及化粧品批發業,11306,102.69,110年=100
營業額指數,457,藥品、醫療用品及化粧品批發業,11307,98.58,110年=100
營業額指數,457,藥品、醫療用品及化粧品批發業,11308,107.57,110年=100
營業額指數,457,藥品、醫療用品及化粧品批發業,11309,111.04,110年=100
營業額指數,457,藥品、醫療用品及化粧品批發業,11310,109.15,110年=100
營業額指數,457,藥品、醫療用品及化粧品批發業,11311,104.69,110年=100
營業額指數,457,藥品、醫療用品及化粧品批發業,11312,117.04,110年=100
營業額指數,457,藥品、醫療用品及化粧品批發業,11401,116.67,110年=100
營業額指數,457,藥品、醫療用品及化粧品批發業,11402,91.19,110年=100
營業額指數,457,藥品、醫療用品及化粧品批發業,11403,112.77,110年=100
營業額指數,457,藥品、醫療用品及化粧品批發業,11404,105.42,110年=100
營業額指數,457,藥品、醫療用品及化粧品批發業,11405,106.02,110年=100
營業額指數,457,藥品、醫療用品及化粧品批發業,11406,110.90,110年=100
營業額指數,457,藥品、醫療用品及化粧品批發業,11407,105.85,110年=100
營業額指數,457,藥品、醫療用品及化粧品批發業,11408,107.52,110年=100
營業額指數,457,藥品、醫療用品及化粧品批發業,11409,124.02,110年=100
營業額指數,457,藥品、醫療用品及化粧品批發業,11410,120.93,110年=100
營業額指數,457,藥品、醫療用品及化粧品批發業,11411,111.92,110年=100
營業額指數,457,藥品、醫療用品及化粧品批發業,11412,120.22,110年=100
營業額指數,457,藥品、醫療用品及化粧品批發業,11501,125.83,110年=100
營業額指數,457,藥品、醫療用品及化粧品批發業,11502,91.53,110年=100
營業額指數,458,文教育樂用品批發業,08801,118.64,110年=100
營業額指數,458,文教育樂用品批發業,08802,120.73,110年=100
營業額指數,458,文教育樂用品批發業,08803,121.92,110年=100
營業額指數,458,文教育樂用品批發業,08804,122.34,110年=100
營業額指數,458,文教育樂用品批發業,08805,122.07,110年=100
營業額指數,458,文教育樂用品批發業,08806,124.51,110年=100
營業額指數,458,文教育樂用品批發業,08807,125.73,110年=100
營業額指數,458,文教育樂用品批發業,08808,124.48,110年=100
營業額指數,458,文教育樂用品批發業,08809,123.65,110年=100
營業額指數,458,文教育樂用品批發業,08810,122.09,110年=100
營業額指數,458,文教育樂用品批發業,08811,121.56,110年=100
營業額指數,458,文教育樂用品批發業,08812,127.55,110年=100
營業額指數,458,文教育樂用品批發業,08901,128.37,110年=100
營業額指數,458,文教育樂用品批發業,08902,122.91,110年=100
營業額指數,458,文教育樂用品批發業,08903,126.40,110年=100
營業額指數,458,文教育樂用品批發業,08904,127.29,110年=100
營業額指數,458,文教育樂用品批發業,08905,130.53,110年=100
營業額指數,458,文教育樂用品批發業,08906,130.63,110年=100
營業額指數,458,文教育樂用品批發業,08907,133.16,110年=100
營業額指數,458,文教育樂用品批發業,08908,139.35,110年=100
營業額指數,458,文教育樂用品批發業,08909,140.47,110年=100
營業額指數,458,文教育樂用品批發業,08910,134.86,110年=100
營業額指數,458,文教育樂用品批發業,08911,133.13,110年=100
營業額指數,458,文教育樂用品批發業,08912,135.46,110年=100
營業額指數,458,文教育樂用品批發業,09001,125.54,110年=100
營業額指數,458,文教育樂用品批發業,09002,128.83,110年=100
營業額指數,458,文教育樂用品批發業,09003,135.22,110年=100
營業額指數,458,文教育樂用品批發業,09004,129.40,110年=100
營業額指數,458,文教育樂用品批發業,09005,127.51,110年=100
營業額指數,458,文教育樂用品批發業,09006,127.74,110年=100
營業額指數,458,文教育樂用品批發業,09007,129.88,110年=100
營業額指數,458,文教育樂用品批發業,09008,133.87,110年=100
營業額指數,458,文教育樂用品批發業,09009,126.68,110年=100
營業額指數,458,文教育樂用品批發業,09010,134.19,110年=100
營業額指數,458,文教育樂用品批發業,09011,138.13,110年=100
營業額指數,458,文教育樂用品批發業,09012,144.53,110年=100
營業額指數,458,文教育樂用品批發業,09101,135.98,110年=100
營業額指數,458,文教育樂用品批發業,09102,122.53,110年=100
營業額指數,458,文教育樂用品批發業,09103,142.08,110年=100
營業額指數,458,文教育樂用品批發業,09104,138.41,110年=100
營業額指數,458,文教育樂用品批發業,09105,137.09,110年=100
營業額指數,458,文教育樂用品批發業,09106,136.51,110年=100
營業額指數,458,文教育樂用品批發業,09107,135.70,110年=100
營業額指數,458,文教育樂用品批發業,09108,134.41,110年=100
營業額指數,458,文教育樂用品批發業,09109,135.40,110年=100
營業額指數,458,文教育樂用品批發業,09110,141.50,110年=100
營業額指數,458,文教育樂用品批發業,09111,143.00,110年=100
營業額指數,458,文教育樂用品批發業,09112,148.52,110年=100
營業額指數,458,文教育樂用品批發業,09201,146.84,110年=100
營業額指數,458,文教育樂用品批發業,09202,129.18,110年=100
營業額指數,458,文教育樂用品批發業,09203,136.86,110年=100
營業額指數,458,文教育樂用品批發業,09204,132.23,110年=100
營業額指數,458,文教育樂用品批發業,09205,129.13,110年=100
營業額指數,458,文教育樂用品批發業,09206,128.94,110年=100
營業額指數,458,文教育樂用品批發業,09207,145.18,110年=100
營業額指數,458,文教育樂用品批發業,09208,140.75,110年=100
營業額指數,458,文教育樂用品批發業,09209,150.82,110年=100
營業額指數,458,文教育樂用品批發業,09210,160.01,110年=100
營業額指數,458,文教育樂用品批發業,09211,145.65,110年=100
營業額指數,458,文教育樂用品批發業,09212,156.24,110年=100
營業額指數,458,文教育樂用品批發業,09301,140.11,110年=100
營業額指數,458,文教育樂用品批發業,09302,143.35,110年=100
營業額指數,458,文教育樂用品批發業,09303,149.54,110年=100
營業額指數,458,文教育樂用品批發業,09304,155.99,110年=100
營業額指數,458,文教育樂用品批發業,09305,145.52,110年=100
營業額指數,458,文教育樂用品批發業,09306,145.02,110年=100
營業額指數,458,文教育樂用品批發業,09307,152.41,110年=100
營業額指數,458,文教育樂用品批發業,09308,154.18,110年=100
營業額指數,458,文教育樂用品批發業,09309,163.97,110年=100
營業額指數,458,文教育樂用品批發業,09310,166.32,110年=100
營業額指數,458,文教育樂用品批發業,09311,168.71,110年=100
營業額指數,458,文教育樂用品批發業,09312,180.02,110年=100
營業額指數,458,文教育樂用品批發業,09401,162.62,110年=100
營業額指數,458,文教育樂用品批發業,09402,132.50,110年=100
營業額指數,458,文教育樂用品批發業,09403,159.08,110年=100
營業額指數,458,文教育樂用品批發業,09404,155.19,110年=100
營業額指數,458,文教育樂用品批發業,09405,148.46,110年=100
營業額指數,458,文教育樂用品批發業,09406,151.51,110年=100
營業額指數,458,文教育樂用品批發業,09407,147.20,110年=100
營業額指數,458,文教育樂用品批發業,09408,157.62,110年=100
營業額指數,458,文教育樂用品批發業,09409,159.39,110年=100
營業額指數,458,文教育樂用品批發業,09410,160.19,110年=100
營業額指數,458,文教育樂用品批發業,09411,166.54,110年=100
營業額指數,458,文教育樂用品批發業,09412,179.53,110年=100
營業額指數,458,文教育樂用品批發業,09501,181.22,110年=100
營業額指數,458,文教育樂用品批發業,09502,143.81,110年=100
營業額指數,458,文教育樂用品批發業,09503,160.86,110年=100
營業額指數,458,文教育樂用品批發業,09504,156.45,110年=100
營業額指數,458,文教育樂用品批發業,09505,151.75,110年=100
營業額指數,458,文教育樂用品批發業,09506,151.45,110年=100
營業額指數,458,文教育樂用品批發業,09507,152.02,110年=100
營業額指數,458,文教育樂用品批發業,09508,152.24,110年=100
營業額指數,458,文教育樂用品批發業,09509,155.79,110年=100
營業額指數,458,文教育樂用品批發業,09510,160.05,110年=100
營業額指數,458,文教育樂用品批發業,09511,159.17,110年=100
營業額指數,458,文教育樂用品批發業,09512,170.18,110年=100
營業額指數,458,文教育樂用品批發業,09601,154.99,110年=100
營業額指數,458,文教育樂用品批發業,09602,143.80,110年=100
營業額指數,458,文教育樂用品批發業,09603,154.59,110年=100
營業額指數,458,文教育樂用品批發業,09604,147.56,110年=100
營業額指數,458,文教育樂用品批發業,09605,143.32,110年=100
營業額指數,458,文教育樂用品批發業,09606,141.35,110年=100
營業額指數,458,文教育樂用品批發業,09607,151.25,110年=100
營業額指數,458,文教育樂用品批發業,09608,151.25,110年=100
營業額指數,458,文教育樂用品批發業,09609,141.51,110年=100
營業額指數,458,文教育樂用品批發業,09610,158.55,110年=100
營業額指數,458,文教育樂用品批發業,09611,151.34,110年=100
營業額指數,458,文教育樂用品批發業,09612,165.59,110年=100
營業額指數,458,文教育樂用品批發業,09701,146.32,110年=100
營業額指數,458,文教育樂用品批發業,09702,129.43,110年=100
營業額指數,458,文教育樂用品批發業,09703,145.53,110年=100
營業額指數,458,文教育樂用品批發業,09704,145.98,110年=100
營業額指數,458,文教育樂用品批發業,09705,136.76,110年=100
營業額指數,458,文教育樂用品批發業,09706,131.63,110年=100
營業額指數,458,文教育樂用品批發業,09707,136.58,110年=100
營業額指數,458,文教育樂用品批發業,09708,128.94,110年=100
營業額指數,458,文教育樂用品批發業,09709,126.88,110年=100
營業額指數,458,文教育樂用品批發業,09710,142.26,110年=100
營業額指數,458,文教育樂用品批發業,09711,127.11,110年=100
營業額指數,458,文教育樂用品批發業,09712,137.52,110年=100
營業額指數,458,文教育樂用品批發業,09801,108.52,110年=100
營業額指數,458,文教育樂用品批發業,09802,101.96,110年=100
營業額指數,458,文教育樂用品批發業,09803,121.58,110年=100
營業額指數,458,文教育樂用品批發業,09804,120.97,110年=100
營業額指數,458,文教育樂用品批發業,09805,111.97,110年=100
營業額指數,458,文教育樂用品批發業,09806,119.49,110年=100
營業額指數,458,文教育樂用品批發業,09807,132.52,110年=100
營業額指數,458,文教育樂用品批發業,09808,121.25,110年=100
營業額指數,458,文教育樂用品批發業,09809,123.48,110年=100
營業額指數,458,文教育樂用品批發業,09810,124.08,110年=100
營業額指數,458,文教育樂用品批發業,09811,125.27,110年=100
營業額指數,458,文教育樂用品批發業,09812,134.75,110年=100
營業額指數,458,文教育樂用品批發業,09901,116.33,110年=100
營業額指數,458,文教育樂用品批發業,09902,102.70,110年=100
營業額指數,458,文教育樂用品批發業,09903,112.96,110年=100
營業額指數,458,文教育樂用品批發業,09904,113.12,110年=100
營業額指數,458,文教育樂用品批發業,09905,108.77,110年=100
營業額指數,458,文教育樂用品批發業,09906,108.76,110年=100
營業額指數,458,文教育樂用品批發業,09907,116.95,110年=100
營業額指數,458,文教育樂用品批發業,09908,111.58,110年=100
營業額指數,458,文教育樂用品批發業,09909,118.43,110年=100
營業額指數,458,文教育樂用品批發業,09910,124.38,110年=100
營業額指數,458,文教育樂用品批發業,09911,115.12,110年=100
營業額指數,458,文教育樂用品批發業,09912,128.01,110年=100
營業額指數,458,文教育樂用品批發業,10001,114.85,110年=100
營業額指數,458,文教育樂用品批發業,10002,99.82,110年=100
營業額指數,458,文教育樂用品批發業,10003,110.61,110年=100
營業額指數,458,文教育樂用品批發業,10004,108.50,110年=100
營業額指數,458,文教育樂用品批發業,10005,108.83,110年=100
營業額指數,458,文教育樂用品批發業,10006,107.17,110年=100
營業額指數,458,文教育樂用品批發業,10007,108.11,110年=100
營業額指數,458,文教育樂用品批發業,10008,108.87,110年=100
營業額指數,458,文教育樂用品批發業,10009,113.61,110年=100
營業額指數,458,文教育樂用品批發業,10010,114.91,110年=100
營業額指數,458,文教育樂用品批發業,10011,112.74,110年=100
營業額指數,458,文教育樂用品批發業,10012,120.75,110年=100
營業額指數,458,文教育樂用品批發業,10101,105.50,110年=100
營業額指數,458,文教育樂用品批發業,10102,103.25,110年=100
營業額指數,458,文教育樂用品批發業,10103,107.05,110年=100
營業額指數,458,文教育樂用品批發業,10104,97.71,110年=100
營業額指數,458,文教育樂用品批發業,10105,104.00,110年=100
營業額指數,458,文教育樂用品批發業,10106,103.91,110年=100
營業額指數,458,文教育樂用品批發業,10107,106.08,110年=100
營業額指數,458,文教育樂用品批發業,10108,110.19,110年=100
營業額指數,458,文教育樂用品批發業,10109,107.01,110年=100
營業額指數,458,文教育樂用品批發業,10110,119.26,110年=100
營業額指數,458,文教育樂用品批發業,10111,115.76,110年=100
營業額指數,458,文教育樂用品批發業,10112,115.61,110年=100
營業額指數,458,文教育樂用品批發業,10201,118.06,110年=100
營業額指數,458,文教育樂用品批發業,10202,96.26,110年=100
營業額指數,458,文教育樂用品批發業,10203,105.76,110年=100
營業額指數,458,文教育樂用品批發業,10204,97.79,110年=100
營業額指數,458,文教育樂用品批發業,10205,97.85,110年=100
營業額指數,458,文教育樂用品批發業,10206,97.92,110年=100
營業額指數,458,文教育樂用品批發業,10207,104.00,110年=100
營業額指數,458,文教育樂用品批發業,10208,98.48,110年=100
營業額指數,458,文教育樂用品批發業,10209,99.43,110年=100
營業額指數,458,文教育樂用品批發業,10210,109.41,110年=100
營業額指數,458,文教育樂用品批發業,10211,111.26,110年=100
營業額指數,458,文教育樂用品批發業,10212,119.22,110年=100
營業額指數,458,文教育樂用品批發業,10301,105.54,110年=100
營業額指數,458,文教育樂用品批發業,10302,91.90,110年=100
營業額指數,458,文教育樂用品批發業,10303,96.79,110年=100
營業額指數,458,文教育樂用品批發業,10304,104.97,110年=100
營業額指數,458,文教育樂用品批發業,10305,96.00,110年=100
營業額指數,458,文教育樂用品批發業,10306,97.98,110年=100
營業額指數,458,文教育樂用品批發業,10307,103.40,110年=100
營業額指數,458,文教育樂用品批發業,10308,98.83,110年=100
營業額指數,458,文教育樂用品批發業,10309,97.48,110年=100
營業額指數,458,文教育樂用品批發業,10310,96.91,110年=100
營業額指數,458,文教育樂用品批發業,10311,97.92,110年=100
營業額指數,458,文教育樂用品批發業,10312,109.43,110年=100
營業額指數,458,文教育樂用品批發業,10401,96.83,110年=100
營業額指數,458,文教育樂用品批發業,10402,86.32,110年=100
營業額指數,458,文教育樂用品批發業,10403,97.11,110年=100
營業額指數,458,文教育樂用品批發業,10404,99.26,110年=100
營業額指數,458,文教育樂用品批發業,10405,89.39,110年=100
營業額指數,458,文教育樂用品批發業,10406,90.37,110年=100
營業額指數,458,文教育樂用品批發業,10407,97.04,110年=100
營業額指數,458,文教育樂用品批發業,10408,89.78,110年=100
營業額指數,458,文教育樂用品批發業,10409,93.62,110年=100
營業額指數,458,文教育樂用品批發業,10410,95.73,110年=100
營業額指數,458,文教育樂用品批發業,10411,94.44,110年=100
營業額指數,458,文教育樂用品批發業,10412,105.15,110年=100
營業額指數,458,文教育樂用品批發業,10501,93.64,110年=100
營業額指數,458,文教育樂用品批發業,10502,80.45,110年=100
營業額指數,458,文教育樂用品批發業,10503,91.88,110年=100
營業額指數,458,文教育樂用品批發業,10504,88.65,110年=100
營業額指數,458,文教育樂用品批發業,10505,88.13,110年=100
營業額指數,458,文教育樂用品批發業,10506,91.46,110年=100
營業額指數,458,文教育樂用品批發業,10507,88.19,110年=100
營業額指數,458,文教育樂用品批發業,10508,90.84,110年=100
營業額指數,458,文教育樂用品批發業,10509,92.08,110年=100
營業額指數,458,文教育樂用品批發業,10510,98.09,110年=100
營業額指數,458,文教育樂用品批發業,10511,92.93,110年=100
營業額指數,458,文教育樂用品批發業,10512,99.82,110年=100
營業額指數,458,文教育樂用品批發業,10601,102.39,110年=100
營業額指數,458,文教育樂用品批發業,10602,80.77,110年=100
營業額指數,458,文教育樂用品批發業,10603,91.97,110年=100
營業額指數,458,文教育樂用品批發業,10604,77.76,110年=100
營業額指數,458,文教育樂用品批發業,10605,81.07,110年=100
營業額指數,458,文教育樂用品批發業,10606,85.24,110年=100
營業額指數,458,文教育樂用品批發業,10607,89.17,110年=100
營業額指數,458,文教育樂用品批發業,10608,91.61,110年=100
營業額指數,458,文教育樂用品批發業,10609,83.36,110年=100
營業額指數,458,文教育樂用品批發業,10610,84.38,110年=100
營業額指數,458,文教育樂用品批發業,10611,91.30,110年=100
營業額指數,458,文教育樂用品批發業,10612,98.54,110年=100
營業額指數,458,文教育樂用品批發業,10701,104.56,110年=100
營業額指數,458,文教育樂用品批發業,10702,79.76,110年=100
營業額指數,458,文教育樂用品批發業,10703,84.62,110年=100
營業額指數,458,文教育樂用品批發業,10704,75.51,110年=100
營業額指數,458,文教育樂用品批發業,10705,80.97,110年=100
營業額指數,458,文教育樂用品批發業,10706,83.18,110年=100
營業額指數,458,文教育樂用品批發業,10707,79.80,110年=100
營業額指數,458,文教育樂用品批發業,10708,84.75,110年=100
營業額指數,458,文教育樂用品批發業,10709,81.49,110年=100
營業額指數,458,文教育樂用品批發業,10710,80.21,110年=100
營業額指數,458,文教育樂用品批發業,10711,84.46,110年=100
營業額指數,458,文教育樂用品批發業,10712,87.97,110年=100
營業額指數,458,文教育樂用品批發業,10801,110.08,110年=100
營業額指數,458,文教育樂用品批發業,10802,68.68,110年=100
營業額指數,458,文教育樂用品批發業,10803,85.28,110年=100
營業額指數,458,文教育樂用品批發業,10804,74.93,110年=100
營業額指數,458,文教育樂用品批發業,10805,79.43,110年=100
營業額指數,458,文教育樂用品批發業,10806,82.04,110年=100
營業額指數,458,文教育樂用品批發業,10807,84.96,110年=100
營業額指數,458,文教育樂用品批發業,10808,86.48,110年=100
營業額指數,458,文教育樂用品批發業,10809,81.62,110年=100
營業額指數,458,文教育樂用品批發業,10810,84.44,110年=100
營業額指數,458,文教育樂用品批發業,10811,80.95,110年=100
營業額指數,458,文教育樂用品批發業,10812,92.86,110年=100
營業額指數,458,文教育樂用品批發業,10901,84.45,110年=100
營業額指數,458,文教育樂用品批發業,10902,73.21,110年=100
營業額指數,458,文教育樂用品批發業,10903,79.59,110年=100
營業額指數,458,文教育樂用品批發業,10904,72.59,110年=100
營業額指數,458,文教育樂用品批發業,10905,78.08,110年=100
營業額指數,458,文教育樂用品批發業,10906,82.65,110年=100
營業額指數,458,文教育樂用品批發業,10907,101.75,110年=100
營業額指數,458,文教育樂用品批發業,10908,101.17,110年=100
營業額指數,458,文教育樂用品批發業,10909,100.55,110年=100
營業額指數,458,文教育樂用品批發業,10910,93.05,110年=100
營業額指數,458,文教育樂用品批發業,10911,95.86,110年=100
營業額指數,458,文教育樂用品批發業,10912,111.48,110年=100
營業額指數,458,文教育樂用品批發業,11001,108.87,110年=100
營業額指數,458,文教育樂用品批發業,11002,79.71,110年=100
營業額指數,458,文教育樂用品批發業,11003,111.21,110年=100
營業額指數,458,文教育樂用品批發業,11004,98.60,110年=100
營業額指數,458,文教育樂用品批發業,11005,93.04,110年=100
營業額指數,458,文教育樂用品批發業,11006,93.93,110年=100
營業額指數,458,文教育樂用品批發業,11007,102.30,110年=100
營業額指數,458,文教育樂用品批發業,11008,97.08,110年=100
營業額指數,458,文教育樂用品批發業,11009,102.28,110年=100
營業額指數,458,文教育樂用品批發業,11010,102.71,110年=100
營業額指數,458,文教育樂用品批發業,11011,101.95,110年=100
營業額指數,458,文教育樂用品批發業,11012,108.32,110年=100
營業額指數,458,文教育樂用品批發業,11101,121.50,110年=100
營業額指數,458,文教育樂用品批發業,11102,87.90,110年=100
營業額指數,458,文教育樂用品批發業,11103,113.88,110年=100
營業額指數,458,文教育樂用品批發業,11104,97.04,110年=100
營業額指數,458,文教育樂用品批發業,11105,103.61,110年=100
營業額指數,458,文教育樂用品批發業,11106,105.76,110年=100
營業額指數,458,文教育樂用品批發業,11107,102.82,110年=100
營業額指數,458,文教育樂用品批發業,11108,112.93,110年=100
營業額指數,458,文教育樂用品批發業,11109,96.22,110年=100
營業額指數,458,文教育樂用品批發業,11110,94.16,110年=100
營業額指數,458,文教育樂用品批發業,11111,101.96,110年=100
營業額指數,458,文教育樂用品批發業,11112,100.75,110年=100
營業額指數,458,文教育樂用品批發業,11201,92.92,110年=100
營業額指數,458,文教育樂用品批發業,11202,89.47,110年=100
營業額指數,458,文教育樂用品批發業,11203,100.10,110年=100
營業額指數,458,文教育樂用品批發業,11204,68.28,110年=100
營業額指數,458,文教育樂用品批發業,11205,82.07,110年=100
營業額指數,458,文教育樂用品批發業,11206,83.76,110年=100
營業額指數,458,文教育樂用品批發業,11207,83.98,110年=100
營業額指數,458,文教育樂用品批發業,11208,82.71,110年=100
營業額指數,458,文教育樂用品批發業,11209,74.36,110年=100
營業額指數,458,文教育樂用品批發業,11210,69.86,110年=100
營業額指數,458,文教育樂用品批發業,11211,71.93,110年=100
營業額指數,458,文教育樂用品批發業,11212,80.56,110年=100
營業額指數,458,文教育樂用品批發業,11301,87.91,110年=100
營業額指數,458,文教育樂用品批發業,11302,61.22,110年=100
營業額指數,458,文教育樂用品批發業,11303,87.17,110年=100
營業額指數,458,文教育樂用品批發業,11304,79.14,110年=100
營業額指數,458,文教育樂用品批發業,11305,79.91,110年=100
營業額指數,458,文教育樂用品批發業,11306,82.73,110年=100
營業額指數,458,文教育樂用品批發業,11307,79.37,110年=100
營業額指數,458,文教育樂用品批發業,11308,74.40,110年=100
營業額指數,458,文教育樂用品批發業,11309,70.46,110年=100
營業額指數,458,文教育樂用品批發業,11310,72.85,110年=100
營業額指數,458,文教育樂用品批發業,11311,76.98,110年=100
營業額指數,458,文教育樂用品批發業,11312,86.38,110年=100
營業額指數,458,文教育樂用品批發業,11401,85.28,110年=100
營業額指數,458,文教育樂用品批發業,11402,67.58,110年=100
營業額指數,458,文教育樂用品批發業,11403,74.43,110年=100
營業額指數,458,文教育樂用品批發業,11404,81.40,110年=100
營業額指數,458,文教育樂用品批發業,11405,80.43,110年=100
營業額指數,458,文教育樂用品批發業,11406,81.07,110年=100
營業額指數,458,文教育樂用品批發業,11407,84.56,110年=100
營業額指數,458,文教育樂用品批發業,11408,77.92,110年=100
營業額指數,458,文教育樂用品批發業,11409,73.33,110年=100
營業額指數,458,文教育樂用品批發業,11410,72.52,110年=100
營業額指數,458,文教育樂用品批發業,11411,68.63,110年=100
營業額指數,458,文教育樂用品批發業,11412,79.07,110年=100
營業額指數,458,文教育樂用品批發業,11501,83.38,110年=100
營業額指數,458,文教育樂用品批發業,11502,63.68,110年=100
營業額指數,461,建材批發業,08801,78.28,110年=100
營業額指數,461,建材批發業,08802,79.00,110年=100
營業額指數,461,建材批發業,08803,80.69,110年=100
營業額指數,461,建材批發業,08804,80.24,110年=100
營業額指數,461,建材批發業,08805,80.09,110年=100
營業額指數,461,建材批發業,08806,83.49,110年=100
營業額指數,461,建材批發業,08807,86.31,110年=100
營業額指數,461,建材批發業,08808,86.49,110年=100
營業額指數,461,建材批發業,08809,84.24,110年=100
營業額指數,461,建材批發業,08810,84.54,110年=100
營業額指數,461,建材批發業,08811,86.58,110年=100
營業額指數,461,建材批發業,08812,91.40,110年=100
營業額指數,461,建材批發業,08901,91.86,110年=100
營業額指數,461,建材批發業,08902,89.31,110年=100
營業額指數,461,建材批發業,08903,92.68,110年=100
營業額指數,461,建材批發業,08904,91.76,110年=100
營業額指數,461,建材批發業,08905,95.19,110年=100
營業額指數,461,建材批發業,08906,94.87,110年=100
營業額指數,461,建材批發業,08907,96.05,110年=100
營業額指數,461,建材批發業,08908,94.76,110年=100
營業額指數,461,建材批發業,08909,93.90,110年=100
營業額指數,461,建材批發業,08910,94.56,110年=100
營業額指數,461,建材批發業,08911,92.30,110年=100
營業額指數,461,建材批發業,08912,93.18,110年=100
營業額指數,461,建材批發業,09001,87.59,110年=100
營業額指數,461,建材批發業,09002,85.86,110年=100
營業額指數,461,建材批發業,09003,90.71,110年=100
營業額指數,461,建材批發業,09004,86.44,110年=100
營業額指數,461,建材批發業,09005,84.25,110年=100
營業額指數,461,建材批發業,09006,83.00,110年=100
營業額指數,461,建材批發業,09007,83.91,110年=100
營業額指數,461,建材批發業,09008,86.96,110年=100
營業額指數,461,建材批發業,09009,81.30,110年=100
營業額指數,461,建材批發業,09010,88.66,110年=100
營業額指數,461,建材批發業,09011,93.21,110年=100
營業額指數,461,建材批發業,09012,95.03,110年=100
營業額指數,461,建材批發業,09101,90.44,110年=100
營業額指數,461,建材批發業,09102,80.21,110年=100
營業額指數,461,建材批發業,09103,92.67,110年=100
營業額指數,461,建材批發業,09104,90.43,110年=100
營業額指數,461,建材批發業,09105,90.73,110年=100
營業額指數,461,建材批發業,09106,88.10,110年=100
營業額指數,461,建材批發業,09107,89.39,110年=100
營業額指數,461,建材批發業,09108,87.77,110年=100
營業額指數,461,建材批發業,09109,90.41,110年=100
營業額指數,461,建材批發業,09110,91.55,110年=100
營業額指數,461,建材批發業,09111,92.41,110年=100
營業額指數,461,建材批發業,09112,94.25,110年=100
營業額指數,461,建材批發業,09201,87.69,110年=100
營業額指數,461,建材批發業,09202,75.53,110年=100
營業額指數,461,建材批發業,09203,84.63,110年=100
營業額指數,461,建材批發業,09204,80.10,110年=100
營業額指數,461,建材批發業,09205,71.68,110年=100
營業額指數,461,建材批發業,09206,74.25,110年=100
營業額指數,461,建材批發業,09207,76.55,110年=100
營業額指數,461,建材批發業,09208,75.71,110年=100
營業額指數,461,建材批發業,09209,77.98,110年=100
營業額指數,461,建材批發業,09210,81.51,110年=100
營業額指數,461,建材批發業,09211,82.89,110年=100
營業額指數,461,建材批發業,09212,86.47,110年=100
營業額指數,461,建材批發業,09301,71.61,110年=100
營業額指數,461,建材批發業,09302,70.67,110年=100
營業額指數,461,建材批發業,09303,75.65,110年=100
營業額指數,461,建材批發業,09304,75.66,110年=100
營業額指數,461,建材批發業,09305,76.78,110年=100
營業額指數,461,建材批發業,09306,73.56,110年=100
營業額指數,461,建材批發業,09307,66.72,110年=100
營業額指數,461,建材批發業,09308,66.57,110年=100
營業額指數,461,建材批發業,09309,67.74,110年=100
營業額指數,461,建材批發業,09310,72.24,110年=100
營業額指數,461,建材批發業,09311,75.39,110年=100
營業額指數,461,建材批發業,09312,81.86,110年=100
營業額指數,461,建材批發業,09401,72.27,110年=100
營業額指數,461,建材批發業,09402,58.59,110年=100
營業額指數,461,建材批發業,09403,74.12,110年=100
營業額指數,461,建材批發業,09404,76.17,110年=100
營業額指數,461,建材批發業,09405,74.72,110年=100
營業額指數,461,建材批發業,09406,68.31,110年=100
營業額指數,461,建材批發業,09407,66.85,110年=100
營業額指數,461,建材批發業,09408,72.47,110年=100
營業額指數,461,建材批發業,09409,75.41,110年=100
營業額指數,461,建材批發業,09410,79.75,110年=100
營業額指數,461,建材批發業,09411,77.00,110年=100
營業額指數,461,建材批發業,09412,82.37,110年=100
營業額指數,461,建材批發業,09501,71.09,110年=100
營業額指數,461,建材批發業,09502,68.31,110年=100
營業額指數,461,建材批發業,09503,83.30,110年=100
營業額指數,461,建材批發業,09504,75.86,110年=100
營業額指數,461,建材批發業,09505,76.02,110年=100
營業額指數,461,建材批發業,09506,71.34,110年=100
營業額指數,461,建材批發業,09507,64.30,110年=100
營業額指數,461,建材批發業,09508,70.15,110年=100
營業額指數,461,建材批發業,09509,67.80,110年=100
營業額指數,461,建材批發業,09510,67.42,110年=100
營業額指數,461,建材批發業,09511,72.07,110年=100
營業額指數,461,建材批發業,09512,73.12,110年=100
營業額指數,461,建材批發業,09601,75.99,110年=100
營業額指數,461,建材批發業,09602,57.14,110年=100
營業額指數,461,建材批發業,09603,71.14,110年=100
營業額指數,461,建材批發業,09604,68.63,110年=100
營業額指數,461,建材批發業,09605,66.94,110年=100
營業額指數,461,建材批發業,09606,61.83,110年=100
營業額指數,461,建材批發業,09607,63.08,110年=100
營業額指數,461,建材批發業,09608,66.36,110年=100
營業額指數,461,建材批發業,09609,65.95,110年=100
營業額指數,461,建材批發業,09610,68.99,110年=100
營業額指數,461,建材批發業,09611,71.27,110年=100
營業額指數,461,建材批發業,09612,74.12,110年=100
營業額指數,461,建材批發業,09701,80.80,110年=100
營業額指數,461,建材批發業,09702,59.53,110年=100
營業額指數,461,建材批發業,09703,74.64,110年=100
營業額指數,461,建材批發業,09704,73.72,110年=100
營業額指數,461,建材批發業,09705,70.87,110年=100
營業額指數,461,建材批發業,09706,70.49,110年=100
營業額指數,461,建材批發業,09707,65.33,110年=100
營業額指數,461,建材批發業,09708,64.15,110年=100
營業額指數,461,建材批發業,09709,61.32,110年=100
營業額指數,461,建材批發業,09710,63.68,110年=100
營業額指數,461,建材批發業,09711,64.96,110年=100
營業額指數,461,建材批發業,09712,72.66,110年=100
營業額指數,461,建材批發業,09801,59.29,110年=100
營業額指數,461,建材批發業,09802,65.27,110年=100
營業額指數,461,建材批發業,09803,73.00,110年=100
營業額指數,461,建材批發業,09804,79.74,110年=100
營業額指數,461,建材批發業,09805,75.71,110年=100
營業額指數,461,建材批發業,09806,82.87,110年=100
營業額指數,461,建材批發業,09807,83.63,110年=100
營業額指數,461,建材批發業,09808,78.39,110年=100
營業額指數,461,建材批發業,09809,81.18,110年=100
營業額指數,461,建材批發業,09810,79.69,110年=100
營業額指數,461,建材批發業,09811,76.28,110年=100
營業額指數,461,建材批發業,09812,81.00,110年=100
營業額指數,461,建材批發業,09901,77.68,110年=100
營業額指數,461,建材批發業,09902,62.81,110年=100
營業額指數,461,建材批發業,09903,73.85,110年=100
營業額指數,461,建材批發業,09904,72.22,110年=100
營業額指數,461,建材批發業,09905,66.66,110年=100
營業額指數,461,建材批發業,09906,75.94,110年=100
營業額指數,461,建材批發業,09907,79.55,110年=100
營業額指數,461,建材批發業,09908,79.36,110年=100
營業額指數,461,建材批發業,09909,78.22,110年=100
營業額指數,461,建材批發業,09910,83.69,110年=100
營業額指數,461,建材批發業,09911,81.58,110年=100
營業額指數,461,建材批發業,09912,89.24,110年=100
營業額指數,461,建材批發業,10001,83.33,110年=100
營業額指數,461,建材批發業,10002,66.28,110年=100
營業額指數,461,建材批發業,10003,78.68,110年=100
營業額指數,461,建材批發業,10004,76.35,110年=100
營業額指數,461,建材批發業,10005,73.58,110年=100
營業額指數,461,建材批發業,10006,79.82,110年=100
營業額指數,461,建材批發業,10007,80.08,110年=100
營業額指數,461,建材批發業,10008,83.48,110年=100
營業額指數,461,建材批發業,10009,82.86,110年=100
營業額指數,461,建材批發業,10010,84.33,110年=100
營業額指數,461,建材批發業,10011,84.91,110年=100
營業額指數,461,建材批發業,10012,90.79,110年=100
營業額指數,461,建材批發業,10101,72.88,110年=100
營業額指數,461,建材批發業,10102,78.10,110年=100
營業額指數,461,建材批發業,10103,84.50,110年=100
營業額指數,461,建材批發業,10104,85.29,110年=100
營業額指數,461,建材批發業,10105,82.04,110年=100
營業額指數,461,建材批發業,10106,80.19,110年=100
營業額指數,461,建材批發業,10107,86.78,110年=100
營業額指數,461,建材批發業,10108,86.43,110年=100
營業額指數,461,建材批發業,10109,87.14,110年=100
營業額指數,461,建材批發業,10110,95.33,110年=100
營業額指數,461,建材批發業,10111,91.44,110年=100
營業額指數,461,建材批發業,10112,94.86,110年=100
營業額指數,461,建材批發業,10201,92.64,110年=100
營業額指數,461,建材批發業,10202,69.85,110年=100
營業額指數,461,建材批發業,10203,89.05,110年=100
營業額指數,461,建材批發業,10204,87.76,110年=100
營業額指數,461,建材批發業,10205,87.08,110年=100
營業額指數,461,建材批發業,10206,87.48,110年=100
營業額指數,461,建材批發業,10207,100.65,110年=100
營業額指數,461,建材批發業,10208,99.18,110年=100
營業額指數,461,建材批發業,10209,90.24,110年=100
營業額指數,461,建材批發業,10210,98.07,110年=100
營業額指數,461,建材批發業,10211,96.38,110年=100
營業額指數,461,建材批發業,10212,100.02,110年=100
營業額指數,461,建材批發業,10301,92.79,110年=100
營業額指數,461,建材批發業,10302,82.89,110年=100
營業額指數,461,建材批發業,10303,98.69,110年=100
營業額指數,461,建材批發業,10304,100.34,110年=100
營業額指數,461,建材批發業,10305,97.07,110年=100
營業額指數,461,建材批發業,10306,95.00,110年=100
營業額指數,461,建材批發業,10307,93.49,110年=100
營業額指數,461,建材批發業,10308,91.70,110年=100
營業額指數,461,建材批發業,10309,97.77,110年=100
營業額指數,461,建材批發業,10310,101.89,110年=100
營業額指數,461,建材批發業,10311,98.27,110年=100
營業額指數,461,建材批發業,10312,107.75,110年=100
營業額指數,461,建材批發業,10401,100.07,110年=100
營業額指數,461,建材批發業,10402,81.91,110年=100
營業額指數,461,建材批發業,10403,100.92,110年=100
營業額指數,461,建材批發業,10404,105.18,110年=100
營業額指數,461,建材批發業,10405,100.03,110年=100
營業額指數,461,建材批發業,10406,102.75,110年=100
營業額指數,461,建材批發業,10407,102.20,110年=100
營業額指數,461,建材批發業,10408,94.97,110年=100
營業額指數,461,建材批發業,10409,95.20,110年=100
營業額指數,461,建材批發業,10410,103.16,110年=100
營業額指數,461,建材批發業,10411,108.31,110年=100
營業額指數,461,建材批發業,10412,113.68,110年=100
營業額指數,461,建材批發業,10501,103.82,110年=100
營業額指數,461,建材批發業,10502,74.80,110年=100
營業額指數,461,建材批發業,10503,102.83,110年=100
營業額指數,461,建材批發業,10504,101.24,110年=100
營業額指數,461,建材批發業,10505,102.90,110年=100
營業額指數,461,建材批發業,10506,108.00,110年=100
營業額指數,461,建材批發業,10507,100.37,110年=100
營業額指數,461,建材批發業,10508,106.18,110年=100
營業額指數,461,建材批發業,10509,93.42,110年=100
營業額指數,461,建材批發業,10510,101.74,110年=100
營業額指數,461,建材批發業,10511,112.59,110年=100
營業額指數,461,建材批發業,10512,118.56,110年=100
營業額指數,461,建材批發業,10601,90.90,110年=100
營業額指數,461,建材批發業,10602,84.98,110年=100
營業額指數,461,建材批發業,10603,105.31,110年=100
營業額指數,461,建材批發業,10604,95.49,110年=100
營業額指數,461,建材批發業,10605,102.69,110年=100
營業額指數,461,建材批發業,10606,106.50,110年=100
營業額指數,461,建材批發業,10607,99.64,110年=100
營業額指數,461,建材批發業,10608,112.84,110年=100
營業額指數,461,建材批發業,10609,102.11,110年=100
營業額指數,461,建材批發業,10610,100.93,110年=100
營業額指數,461,建材批發業,10611,110.02,110年=100
營業額指數,461,建材批發業,10612,120.00,110年=100
營業額指數,461,建材批發業,10701,102.63,110年=100
營業額指數,461,建材批發業,10702,72.76,110年=100
營業額指數,461,建材批發業,10703,107.77,110年=100
營業額指數,461,建材批發業,10704,98.43,110年=100
營業額指數,461,建材批發業,10705,108.66,110年=100
營業額指數,461,建材批發業,10706,100.11,110年=100
營業額指數,461,建材批發業,10707,97.59,110年=100
營業額指數,461,建材批發業,10708,99.33,110年=100
營業額指數,461,建材批發業,10709,92.40,110年=100
營業額指數,461,建材批發業,10710,104.33,110年=100
營業額指數,461,建材批發業,10711,103.87,110年=100
營業額指數,461,建材批發業,10712,110.31,110年=100
營業額指數,461,建材批發業,10801,100.36,110年=100
營業額指數,461,建材批發業,10802,71.99,110年=100
營業額指數,461,建材批發業,10803,96.16,110年=100
營業額指數,461,建材批發業,10804,96.20,110年=100
營業額指數,461,建材批發業,10805,92.81,110年=100
營業額指數,461,建材批發業,10806,86.77,110年=100
營業額指數,461,建材批發業,10807,93.43,110年=100
營業額指數,461,建材批發業,10808,91.65,110年=100
營業額指數,461,建材批發業,10809,85.62,110年=100
營業額指數,461,建材批發業,10810,96.32,110年=100
營業額指數,461,建材批發業,10811,97.92,110年=100
營業額指數,461,建材批發業,10812,110.70,110年=100
營業額指數,461,建材批發業,10901,80.04,110年=100
營業額指數,461,建材批發業,10902,90.66,110年=100
營業額指數,461,建材批發業,10903,101.17,110年=100
營業額指數,461,建材批發業,10904,88.14,110年=100
營業額指數,461,建材批發業,10905,91.47,110年=100
營業額指數,461,建材批發業,10906,89.79,110年=100
營業額指數,461,建材批發業,10907,90.79,110年=100
營業額指數,461,建材批發業,10908,91.32,110年=100
營業額指數,461,建材批發業,10909,96.24,110年=100
營業額指數,461,建材批發業,10910,91.31,110年=100
營業額指數,461,建材批發業,10911,101.09,110年=100
營業額指數,461,建材批發業,10912,114.35,110年=100
營業額指數,461,建材批發業,11001,97.43,110年=100
營業額指數,461,建材批發業,11002,80.86,110年=100
營業額指數,461,建材批發業,11003,100.75,110年=100
營業額指數,461,建材批發業,11004,105.74,110年=100
營業額指數,461,建材批發業,11005,107.72,110年=100
營業額指數,461,建材批發業,11006,102.31,110年=100
營業額指數,461,建材批發業,11007,104.98,110年=100
營業額指數,461,建材批發業,11008,100.69,110年=100
營業額指數,461,建材批發業,11009,98.79,110年=100
營業額指數,461,建材批發業,11010,97.56,110年=100
營業額指數,461,建材批發業,11011,102.08,110年=100
營業額指數,461,建材批發業,11012,101.08,110年=100
營業額指數,461,建材批發業,11101,98.12,110年=100
營業額指數,461,建材批發業,11102,79.21,110年=100
營業額指數,461,建材批發業,11103,110.77,110年=100
營業額指數,461,建材批發業,11104,100.85,110年=100
營業額指數,461,建材批發業,11105,95.18,110年=100
營業額指數,461,建材批發業,11106,93.47,110年=100
營業額指數,461,建材批發業,11107,93.10,110年=100
營業額指數,461,建材批發業,11108,96.30,110年=100
營業額指數,461,建材批發業,11109,87.30,110年=100
營業額指數,461,建材批發業,11110,88.96,110年=100
營業額指數,461,建材批發業,11111,95.97,110年=100
營業額指數,461,建材批發業,11112,92.66,110年=100
營業額指數,461,建材批發業,11201,69.71,110年=100
營業額指數,461,建材批發業,11202,79.79,110年=100
營業額指數,461,建材批發業,11203,94.65,110年=100
營業額指數,461,建材批發業,11204,81.88,110年=100
營業額指數,461,建材批發業,11205,85.57,110年=100
營業額指數,461,建材批發業,11206,83.55,110年=100
營業額指數,461,建材批發業,11207,80.92,110年=100
營業額指數,461,建材批發業,11208,84.88,110年=100
營業額指數,461,建材批發業,11209,78.60,110年=100
營業額指數,461,建材批發業,11210,81.36,110年=100
營業額指數,461,建材批發業,11211,88.95,110年=100
營業額指數,461,建材批發業,11212,89.91,110年=100
營業額指數,461,建材批發業,11301,88.87,110年=100
營業額指數,461,建材批發業,11302,67.90,110年=100
營業額指數,461,建材批發業,11303,85.28,110年=100
營業額指數,461,建材批發業,11304,82.89,110年=100
營業額指數,461,建材批發業,11305,83.09,110年=100
營業額指數,461,建材批發業,11306,80.80,110年=100
營業額指數,461,建材批發業,11307,77.69,110年=100
營業額指數,461,建材批發業,11308,84.79,110年=100
營業額指數,461,建材批發業,11309,80.45,110年=100
營業額指數,461,建材批發業,11310,83.16,110年=100
營業額指數,461,建材批發業,11311,84.55,110年=100
營業額指數,461,建材批發業,11312,89.88,110年=100
營業額指數,461,建材批發業,11401,73.32,110年=100
營業額指數,461,建材批發業,11402,74.68,110年=100
營業額指數,461,建材批發業,11403,83.92,110年=100
營業額指數,461,建材批發業,11404,82.89,110年=100
營業額指數,461,建材批發業,11405,81.07,110年=100
營業額指數,461,建材批發業,11406,82.71,110年=100
營業額指數,461,建材批發業,11407,76.81,110年=100
營業額指數,461,建材批發業,11408,76.71,110年=100
營業額指數,461,建材批發業,11409,75.90,110年=100
營業額指數,461,建材批發業,11410,72.06,110年=100
營業額指數,461,建材批發業,11411,72.42,110年=100
營業額指數,461,建材批發業,11412,78.96,110年=100
營業額指數,461,建材批發業,11501,77.53,110年=100
營業額指數,461,建材批發業,11502,56.27,110年=100
營業額指數,462,化學原材料及其製品批發業,08801,60.01,110年=100
營業額指數,462,化學原材料及其製品批發業,08802,61.13,110年=100
營業額指數,462,化學原材料及其製品批發業,08803,61.88,110年=100
營業額指數,462,化學原材料及其製品批發業,08804,63.00,110年=100
營業額指數,462,化學原材料及其製品批發業,08805,63.15,110年=100
營業額指數,462,化學原材料及其製品批發業,08806,63.21,110年=100
營業額指數,462,化學原材料及其製品批發業,08807,63.79,110年=100
營業額指數,462,化學原材料及其製品批發業,08808,63.10,110年=100
營業額指數,462,化學原材料及其製品批發業,08809,62.17,110年=100
營業額指數,462,化學原材料及其製品批發業,08810,59.58,110年=100
營業額指數,462,化學原材料及其製品批發業,08811,59.06,110年=100
營業額指數,462,化學原材料及其製品批發業,08812,62.01,110年=100
營業額指數,462,化學原材料及其製品批發業,08901,62.34,110年=100
營業額指數,462,化學原材料及其製品批發業,08902,59.80,110年=100
營業額指數,462,化學原材料及其製品批發業,08903,61.83,110年=100
營業額指數,462,化學原材料及其製品批發業,08904,61.51,110年=100
營業額指數,462,化學原材料及其製品批發業,08905,63.69,110年=100
營業額指數,462,化學原材料及其製品批發業,08906,63.89,110年=100
營業額指數,462,化學原材料及其製品批發業,08907,65.81,110年=100
營業額指數,462,化學原材料及其製品批發業,08908,66.36,110年=100
營業額指數,462,化學原材料及其製品批發業,08909,67.06,110年=100
營業額指數,462,化學原材料及其製品批發業,08910,65.07,110年=100
營業額指數,462,化學原材料及其製品批發業,08911,64.60,110年=100
營業額指數,462,化學原材料及其製品批發業,08912,63.67,110年=100
營業額指數,462,化學原材料及其製品批發業,09001,59.16,110年=100
營業額指數,462,化學原材料及其製品批發業,09002,57.77,110年=100
營業額指數,462,化學原材料及其製品批發業,09003,61.81,110年=100
營業額指數,462,化學原材料及其製品批發業,09004,59.91,110年=100
營業額指數,462,化學原材料及其製品批發業,09005,59.05,110年=100
營業額指數,462,化學原材料及其製品批發業,09006,58.01,110年=100
營業額指數,462,化學原材料及其製品批發業,09007,57.72,110年=100
營業額指數,462,化學原材料及其製品批發業,09008,59.75,110年=100
營業額指數,462,化學原材料及其製品批發業,09009,57.68,110年=100
營業額指數,462,化學原材料及其製品批發業,09010,61.12,110年=100
營業額指數,462,化學原材料及其製品批發業,09011,62.71,110年=100
營業額指數,462,化學原材料及其製品批發業,09012,63.98,110年=100
營業額指數,462,化學原材料及其製品批發業,09101,61.32,110年=100
營業額指數,462,化學原材料及其製品批發業,09102,55.95,110年=100
營業額指數,462,化學原材料及其製品批發業,09103,63.47,110年=100
營業額指數,462,化學原材料及其製品批發業,09104,60.43,110年=100
營業額指數,462,化學原材料及其製品批發業,09105,59.03,110年=100
營業額指數,462,化學原材料及其製品批發業,09106,59.88,110年=100
營業額指數,462,化學原材料及其製品批發業,09107,61.99,110年=100
營業額指數,462,化學原材料及其製品批發業,09108,61.60,110年=100
營業額指數,462,化學原材料及其製品批發業,09109,62.11,110年=100
營業額指數,462,化學原材料及其製品批發業,09110,64.35,110年=100
營業額指數,462,化學原材料及其製品批發業,09111,63.87,110年=100
營業額指數,462,化學原材料及其製品批發業,09112,65.02,110年=100
營業額指數,462,化學原材料及其製品批發業,09201,59.97,110年=100
營業額指數,462,化學原材料及其製品批發業,09202,50.97,110年=100
營業額指數,462,化學原材料及其製品批發業,09203,56.42,110年=100
營業額指數,462,化學原材料及其製品批發業,09204,56.08,110年=100
營業額指數,462,化學原材料及其製品批發業,09205,58.16,110年=100
營業額指數,462,化學原材料及其製品批發業,09206,56.27,110年=100
營業額指數,462,化學原材料及其製品批發業,09207,56.88,110年=100
營業額指數,462,化學原材料及其製品批發業,09208,57.00,110年=100
營業額指數,462,化學原材料及其製品批發業,09209,59.93,110年=100
營業額指數,462,化學原材料及其製品批發業,09210,63.46,110年=100
營業額指數,462,化學原材料及其製品批發業,09211,61.70,110年=100
營業額指數,462,化學原材料及其製品批發業,09212,65.42,110年=100
營業額指數,462,化學原材料及其製品批發業,09301,56.92,110年=100
營業額指數,462,化學原材料及其製品批發業,09302,57.29,110年=100
營業額指數,462,化學原材料及其製品批發業,09303,61.52,110年=100
營業額指數,462,化學原材料及其製品批發業,09304,60.99,110年=100
營業額指數,462,化學原材料及其製品批發業,09305,59.21,110年=100
營業額指數,462,化學原材料及其製品批發業,09306,57.51,110年=100
營業額指數,462,化學原材料及其製品批發業,09307,58.13,110年=100
營業額指數,462,化學原材料及其製品批發業,09308,56.93,110年=100
營業額指數,462,化學原材料及其製品批發業,09309,54.41,110年=100
營業額指數,462,化學原材料及其製品批發業,09310,55.19,110年=100
營業額指數,462,化學原材料及其製品批發業,09311,54.22,110年=100
營業額指數,462,化學原材料及其製品批發業,09312,54.57,110年=100
營業額指數,462,化學原材料及其製品批發業,09401,55.93,110年=100
營業額指數,462,化學原材料及其製品批發業,09402,46.24,110年=100
營業額指數,462,化學原材料及其製品批發業,09403,59.83,110年=100
營業額指數,462,化學原材料及其製品批發業,09404,57.16,110年=100
營業額指數,462,化學原材料及其製品批發業,09405,57.57,110年=100
營業額指數,462,化學原材料及其製品批發業,09406,61.95,110年=100
營業額指數,462,化學原材料及其製品批發業,09407,56.12,110年=100
營業額指數,462,化學原材料及其製品批發業,09408,59.52,110年=100
營業額指數,462,化學原材料及其製品批發業,09409,55.29,110年=100
營業額指數,462,化學原材料及其製品批發業,09410,56.59,110年=100
營業額指數,462,化學原材料及其製品批發業,09411,55.64,110年=100
營業額指數,462,化學原材料及其製品批發業,09412,60.47,110年=100
營業額指數,462,化學原材料及其製品批發業,09501,55.82,110年=100
營業額指數,462,化學原材料及其製品批發業,09502,50.79,110年=100
營業額指數,462,化學原材料及其製品批發業,09503,63.06,110年=100
營業額指數,462,化學原材料及其製品批發業,09504,61.32,110年=100
營業額指數,462,化學原材料及其製品批發業,09505,61.65,110年=100
營業額指數,462,化學原材料及其製品批發業,09506,59.22,110年=100
營業額指數,462,化學原材料及其製品批發業,09507,58.59,110年=100
營業額指數,462,化學原材料及其製品批發業,09508,59.79,110年=100
營業額指數,462,化學原材料及其製品批發業,09509,54.41,110年=100
營業額指數,462,化學原材料及其製品批發業,09510,55.76,110年=100
營業額指數,462,化學原材料及其製品批發業,09511,55.53,110年=100
營業額指數,462,化學原材料及其製品批發業,09512,53.50,110年=100
營業額指數,462,化學原材料及其製品批發業,09601,57.13,110年=100
營業額指數,462,化學原材料及其製品批發業,09602,46.01,110年=100
營業額指數,462,化學原材料及其製品批發業,09603,64.80,110年=100
營業額指數,462,化學原材料及其製品批發業,09604,61.27,110年=100
營業額指數,462,化學原材料及其製品批發業,09605,63.94,110年=100
營業額指數,462,化學原材料及其製品批發業,09606,59.77,110年=100
營業額指數,462,化學原材料及其製品批發業,09607,64.98,110年=100
營業額指數,462,化學原材料及其製品批發業,09608,64.24,110年=100
營業額指數,462,化學原材料及其製品批發業,09609,62.43,110年=100
營業額指數,462,化學原材料及其製品批發業,09610,67.17,110年=100
營業額指數,462,化學原材料及其製品批發業,09611,65.02,110年=100
營業額指數,462,化學原材料及其製品批發業,09612,62.99,110年=100
營業額指數,462,化學原材料及其製品批發業,09701,62.52,110年=100
營業額指數,462,化學原材料及其製品批發業,09702,50.72,110年=100
營業額指數,462,化學原材料及其製品批發業,09703,63.20,110年=100
營業額指數,462,化學原材料及其製品批發業,09704,63.05,110年=100
營業額指數,462,化學原材料及其製品批發業,09705,64.18,110年=100
營業額指數,462,化學原材料及其製品批發業,09706,61.77,110年=100
營業額指數,462,化學原材料及其製品批發業,09707,57.24,110年=100
營業額指數,462,化學原材料及其製品批發業,09708,52.60,110年=100
營業額指數,462,化學原材料及其製品批發業,09709,50.46,110年=100
營業額指數,462,化學原材料及其製品批發業,09710,51.03,110年=100
營業額指數,462,化學原材料及其製品批發業,09711,50.71,110年=100
營業額指數,462,化學原材料及其製品批發業,09712,50.68,110年=100
營業額指數,462,化學原材料及其製品批發業,09801,44.44,110年=100
營業額指數,462,化學原材料及其製品批發業,09802,59.65,110年=100
營業額指數,462,化學原材料及其製品批發業,09803,61.34,110年=100
營業額指數,462,化學原材料及其製品批發業,09804,63.72,110年=100
營業額指數,462,化學原材料及其製品批發業,09805,60.12,110年=100
營業額指數,462,化學原材料及其製品批發業,09806,66.05,110年=100
營業額指數,462,化學原材料及其製品批發業,09807,64.57,110年=100
營業額指數,462,化學原材料及其製品批發業,09808,59.33,110年=100
營業額指數,462,化學原材料及其製品批發業,09809,58.59,110年=100
營業額指數,462,化學原材料及其製品批發業,09810,60.12,110年=100
營業額指數,462,化學原材料及其製品批發業,09811,58.65,110年=100
營業額指數,462,化學原材料及其製品批發業,09812,59.68,110年=100
營業額指數,462,化學原材料及其製品批發業,09901,58.13,110年=100
營業額指數,462,化學原材料及其製品批發業,09902,55.61,110年=100
營業額指數,462,化學原材料及其製品批發業,09903,68.55,110年=100
營業額指數,462,化學原材料及其製品批發業,09904,68.07,110年=100
營業額指數,462,化學原材料及其製品批發業,09905,63.79,110年=100
營業額指數,462,化學原材料及其製品批發業,09906,65.33,110年=100
營業額指數,462,化學原材料及其製品批發業,09907,67.04,110年=100
營業額指數,462,化學原材料及其製品批發業,09908,67.01,110年=100
營業額指數,462,化學原材料及其製品批發業,09909,62.55,110年=100
營業額指數,462,化學原材料及其製品批發業,09910,61.02,110年=100
營業額指數,462,化學原材料及其製品批發業,09911,60.92,110年=100
營業額指數,462,化學原材料及其製品批發業,09912,63.62,110年=100
營業額指數,462,化學原材料及其製品批發業,10001,60.62,110年=100
營業額指數,462,化學原材料及其製品批發業,10002,56.46,110年=100
營業額指數,462,化學原材料及其製品批發業,10003,65.97,110年=100
營業額指數,462,化學原材料及其製品批發業,10004,64.39,110年=100
營業額指數,462,化學原材料及其製品批發業,10005,60.91,110年=100
營業額指數,462,化學原材料及其製品批發業,10006,59.23,110年=100
營業額指數,462,化學原材料及其製品批發業,10007,58.28,110年=100
營業額指數,462,化學原材料及其製品批發業,10008,58.89,110年=100
營業額指數,462,化學原材料及其製品批發業,10009,54.12,110年=100
營業額指數,462,化學原材料及其製品批發業,10010,52.77,110年=100
營業額指數,462,化學原材料及其製品批發業,10011,55.01,110年=100
營業額指數,462,化學原材料及其製品批發業,10012,58.58,110年=100
營業額指數,462,化學原材料及其製品批發業,10101,49.11,110年=100
營業額指數,462,化學原材料及其製品批發業,10102,59.71,110年=100
營業額指數,462,化學原材料及其製品批發業,10103,65.63,110年=100
營業額指數,462,化學原材料及其製品批發業,10104,64.94,110年=100
營業額指數,462,化學原材料及其製品批發業,10105,60.64,110年=100
營業額指數,462,化學原材料及其製品批發業,10106,64.83,110年=100
營業額指數,462,化學原材料及其製品批發業,10107,69.19,110年=100
營業額指數,462,化學原材料及其製品批發業,10108,66.49,110年=100
營業額指數,462,化學原材料及其製品批發業,10109,59.94,110年=100
營業額指數,462,化學原材料及其製品批發業,10110,62.81,110年=100
營業額指數,462,化學原材料及其製品批發業,10111,62.56,110年=100
營業額指數,462,化學原材料及其製品批發業,10112,62.20,110年=100
營業額指數,462,化學原材料及其製品批發業,10201,64.21,110年=100
營業額指數,462,化學原材料及其製品批發業,10202,50.71,110年=100
營業額指數,462,化學原材料及其製品批發業,10203,64.66,110年=100
營業額指數,462,化學原材料及其製品批發業,10204,65.58,110年=100
營業額指數,462,化學原材料及其製品批發業,10205,69.80,110年=100
營業額指數,462,化學原材料及其製品批發業,10206,66.60,110年=100
營業額指數,462,化學原材料及其製品批發業,10207,71.69,110年=100
營業額指數,462,化學原材料及其製品批發業,10208,68.32,110年=100
營業額指數,462,化學原材料及其製品批發業,10209,64.97,110年=100
營業額指數,462,化學原材料及其製品批發業,10210,69.44,110年=100
營業額指數,462,化學原材料及其製品批發業,10211,67.59,110年=100
營業額指數,462,化學原材料及其製品批發業,10212,69.09,110年=100
營業額指數,462,化學原材料及其製品批發業,10301,65.04,110年=100
營業額指數,462,化學原材料及其製品批發業,10302,60.49,110年=100
營業額指數,462,化學原材料及其製品批發業,10303,72.62,110年=100
營業額指數,462,化學原材料及其製品批發業,10304,77.48,110年=100
營業額指數,462,化學原材料及其製品批發業,10305,75.30,110年=100
營業額指數,462,化學原材料及其製品批發業,10306,73.48,110年=100
營業額指數,462,化學原材料及其製品批發業,10307,75.42,110年=100
營業額指數,462,化學原材料及其製品批發業,10308,73.38,110年=100
營業額指數,462,化學原材料及其製品批發業,10309,71.39,110年=100
營業額指數,462,化學原材料及其製品批發業,10310,75.84,110年=100
營業額指數,462,化學原材料及其製品批發業,10311,72.56,110年=100
營業額指數,462,化學原材料及其製品批發業,10312,78.65,110年=100
營業額指數,462,化學原材料及其製品批發業,10401,80.66,110年=100
營業額指數,462,化學原材料及其製品批發業,10402,66.95,110年=100
營業額指數,462,化學原材料及其製品批發業,10403,85.71,110年=100
營業額指數,462,化學原材料及其製品批發業,10404,86.16,110年=100
營業額指數,462,化學原材料及其製品批發業,10405,79.15,110年=100
營業額指數,462,化學原材料及其製品批發業,10406,75.96,110年=100
營業額指數,462,化學原材料及其製品批發業,10407,78.01,110年=100
營業額指數,462,化學原材料及其製品批發業,10408,77.52,110年=100
營業額指數,462,化學原材料及其製品批發業,10409,81.94,110年=100
營業額指數,462,化學原材料及其製品批發業,10410,84.58,110年=100
營業額指數,462,化學原材料及其製品批發業,10411,82.98,110年=100
營業額指數,462,化學原材料及其製品批發業,10412,86.33,110年=100
營業額指數,462,化學原材料及其製品批發業,10501,83.86,110年=100
營業額指數,462,化學原材料及其製品批發業,10502,68.73,110年=100
營業額指數,462,化學原材料及其製品批發業,10503,90.03,110年=100
營業額指數,462,化學原材料及其製品批發業,10504,83.50,110年=100
營業額指數,462,化學原材料及其製品批發業,10505,81.04,110年=100
營業額指數,462,化學原材料及其製品批發業,10506,79.42,110年=100
營業額指數,462,化學原材料及其製品批發業,10507,80.30,110年=100
營業額指數,462,化學原材料及其製品批發業,10508,87.38,110年=100
營業額指數,462,化學原材料及其製品批發業,10509,82.28,110年=100
營業額指數,462,化學原材料及其製品批發業,10510,83.25,110年=100
營業額指數,462,化學原材料及其製品批發業,10511,89.18,110年=100
營業額指數,462,化學原材料及其製品批發業,10512,87.17,110年=100
營業額指數,462,化學原材料及其製品批發業,10601,74.48,110年=100
營業額指數,462,化學原材料及其製品批發業,10602,74.40,110年=100
營業額指數,462,化學原材料及其製品批發業,10603,91.56,110年=100
營業額指數,462,化學原材料及其製品批發業,10604,83.23,110年=100
營業額指數,462,化學原材料及其製品批發業,10605,85.16,110年=100
營業額指數,462,化學原材料及其製品批發業,10606,90.42,110年=100
營業額指數,462,化學原材料及其製品批發業,10607,85.09,110年=100
營業額指數,462,化學原材料及其製品批發業,10608,91.52,110年=100
營業額指數,462,化學原材料及其製品批發業,10609,86.82,110年=100
營業額指數,462,化學原材料及其製品批發業,10610,82.01,110年=100
營業額指數,462,化學原材料及其製品批發業,10611,90.31,110年=100
營業額指數,462,化學原材料及其製品批發業,10612,88.39,110年=100
營業額指數,462,化學原材料及其製品批發業,10701,91.66,110年=100
營業額指數,462,化學原材料及其製品批發業,10702,68.54,110年=100
營業額指數,462,化學原材料及其製品批發業,10703,96.53,110年=100
營業額指數,462,化學原材料及其製品批發業,10704,83.40,110年=100
營業額指數,462,化學原材料及其製品批發業,10705,89.88,110年=100
營業額指數,462,化學原材料及其製品批發業,10706,86.35,110年=100
營業額指數,462,化學原材料及其製品批發業,10707,86.10,110年=100
營業額指數,462,化學原材料及其製品批發業,10708,87.60,110年=100
營業額指數,462,化學原材料及其製品批發業,10709,79.42,110年=100
營業額指數,462,化學原材料及其製品批發業,10710,86.40,110年=100
營業額指數,462,化學原材料及其製品批發業,10711,87.61,110年=100
營業額指數,462,化學原材料及其製品批發業,10712,81.82,110年=100
營業額指數,462,化學原材料及其製品批發業,10801,90.32,110年=100
營業額指數,462,化學原材料及其製品批發業,10802,69.63,110年=100
營業額指數,462,化學原材料及其製品批發業,10803,85.36,110年=100
營業額指數,462,化學原材料及其製品批發業,10804,85.32,110年=100
營業額指數,462,化學原材料及其製品批發業,10805,86.90,110年=100
營業額指數,462,化學原材料及其製品批發業,10806,81.08,110年=100
營業額指數,462,化學原材料及其製品批發業,10807,89.88,110年=100
營業額指數,462,化學原材料及其製品批發業,10808,87.53,110年=100
營業額指數,462,化學原材料及其製品批發業,10809,81.79,110年=100
營業額指數,462,化學原材料及其製品批發業,10810,90.59,110年=100
營業額指數,462,化學原材料及其製品批發業,10811,89.99,110年=100
營業額指數,462,化學原材料及其製品批發業,10812,89.41,110年=100
營業額指數,462,化學原材料及其製品批發業,10901,76.46,110年=100
營業額指數,462,化學原材料及其製品批發業,10902,86.25,110年=100
營業額指數,462,化學原材料及其製品批發業,10903,101.43,110年=100
營業額指數,462,化學原材料及其製品批發業,10904,99.39,110年=100
營業額指數,462,化學原材料及其製品批發業,10905,93.63,110年=100
營業額指數,462,化學原材料及其製品批發業,10906,92.80,110年=100
營業額指數,462,化學原材料及其製品批發業,10907,95.94,110年=100
營業額指數,462,化學原材料及其製品批發業,10908,92.04,110年=100
營業額指數,462,化學原材料及其製品批發業,10909,94.79,110年=100
營業額指數,462,化學原材料及其製品批發業,10910,94.51,110年=100
營業額指數,462,化學原材料及其製品批發業,10911,100.15,110年=100
營業額指數,462,化學原材料及其製品批發業,10912,105.81,110年=100
營業額指數,462,化學原材料及其製品批發業,11001,102.21,110年=100
營業額指數,462,化學原材料及其製品批發業,11002,87.68,110年=100
營業額指數,462,化學原材料及其製品批發業,11003,109.98,110年=100
營業額指數,462,化學原材料及其製品批發業,11004,104.45,110年=100
營業額指數,462,化學原材料及其製品批發業,11005,102.55,110年=100
營業額指數,462,化學原材料及其製品批發業,11006,100.58,110年=100
營業額指數,462,化學原材料及其製品批發業,11007,100.59,110年=100
營業額指數,462,化學原材料及其製品批發業,11008,100.00,110年=100
營業額指數,462,化學原材料及其製品批發業,11009,96.06,110年=100
營業額指數,462,化學原材料及其製品批發業,11010,97.74,110年=100
營業額指數,462,化學原材料及其製品批發業,11011,100.50,110年=100
營業額指數,462,化學原材料及其製品批發業,11012,97.64,110年=100
營業額指數,462,化學原材料及其製品批發業,11101,102.61,110年=100
營業額指數,462,化學原材料及其製品批發業,11102,85.90,110年=100
營業額指數,462,化學原材料及其製品批發業,11103,107.33,110年=100
營業額指數,462,化學原材料及其製品批發業,11104,94.65,110年=100
營業額指數,462,化學原材料及其製品批發業,11105,92.55,110年=100
營業額指數,462,化學原材料及其製品批發業,11106,92.34,110年=100
營業額指數,462,化學原材料及其製品批發業,11107,85.28,110年=100
營業額指數,462,化學原材料及其製品批發業,11108,86.58,110年=100
營業額指數,462,化學原材料及其製品批發業,11109,85.98,110年=100
營業額指數,462,化學原材料及其製品批發業,11110,79.71,110年=100
營業額指數,462,化學原材料及其製品批發業,11111,82.46,110年=100
營業額指數,462,化學原材料及其製品批發業,11112,82.84,110年=100
營業額指數,462,化學原材料及其製品批發業,11201,69.27,110年=100
營業額指數,462,化學原材料及其製品批發業,11202,79.90,110年=100
營業額指數,462,化學原材料及其製品批發業,11203,91.45,110年=100
營業額指數,462,化學原材料及其製品批發業,11204,74.02,110年=100
營業額指數,462,化學原材料及其製品批發業,11205,83.10,110年=100
營業額指數,462,化學原材料及其製品批發業,11206,81.62,110年=100
營業額指數,462,化學原材料及其製品批發業,11207,86.16,110年=100
營業額指數,462,化學原材料及其製品批發業,11208,85.92,110年=100
營業額指數,462,化學原材料及其製品批發業,11209,77.54,110年=100
營業額指數,462,化學原材料及其製品批發業,11210,79.55,110年=100
營業額指數,462,化學原材料及其製品批發業,11211,83.57,110年=100
營業額指數,462,化學原材料及其製品批發業,11212,81.98,110年=100
營業額指數,462,化學原材料及其製品批發業,11301,91.18,110年=100
營業額指數,462,化學原材料及其製品批發業,11302,70.44,110年=100
營業額指數,462,化學原材料及其製品批發業,11303,88.64,110年=100
營業額指數,462,化學原材料及其製品批發業,11304,87.10,110年=100
營業額指數,462,化學原材料及其製品批發業,11305,88.20,110年=100
營業額指數,462,化學原材料及其製品批發業,11306,85.47,110年=100
營業額指數,462,化學原材料及其製品批發業,11307,90.32,110年=100
營業額指數,462,化學原材料及其製品批發業,11308,93.83,110年=100
營業額指數,462,化學原材料及其製品批發業,11309,83.24,110年=100
營業額指數,462,化學原材料及其製品批發業,11310,88.79,110年=100
營業額指數,462,化學原材料及其製品批發業,11311,85.79,110年=100
營業額指數,462,化學原材料及其製品批發業,11312,93.31,110年=100
營業額指數,462,化學原材料及其製品批發業,11401,78.83,110年=100
營業額指數,462,化學原材料及其製品批發業,11402,79.78,110年=100
營業額指數,462,化學原材料及其製品批發業,11403,89.32,110年=100
營業額指數,462,化學原材料及其製品批發業,11404,90.36,110年=100
營業額指數,462,化學原材料及其製品批發業,11405,91.72,110年=100
營業額指數,462,化學原材料及其製品批發業,11406,94.06,110年=100
營業額指數,462,化學原材料及其製品批發業,11407,93.63,110年=100
營業額指數,462,化學原材料及其製品批發業,11408,93.49,110年=100
營業額指數,462,化學原材料及其製品批發業,11409,90.88,110年=100
營業額指數,462,化學原材料及其製品批發業,11410,89.47,110年=100
營業額指數,462,化學原材料及其製品批發業,11411,94.62,110年=100
營業額指數,462,化學原材料及其製品批發業,11412,92.23,110年=100
營業額指數,462,化學原材料及其製品批發業,11501,98.94,110年=100
營業額指數,462,化學原材料及其製品批發業,11502,78.20,110年=100
營業額指數,463,燃料及相關產品批發業,08801,100.47,110年=100
營業額指數,463,燃料及相關產品批發業,08802,103.22,110年=100
營業額指數,463,燃料及相關產品批發業,08803,105.19,110年=100
營業額指數,463,燃料及相關產品批發業,08804,101.34,110年=100
營業額指數,463,燃料及相關產品批發業,08805,97.90,110年=100
營業額指數,463,燃料及相關產品批發業,08806,99.31,110年=100
營業額指數,463,燃料及相關產品批發業,08807,102.29,110年=100
營業額指數,463,燃料及相關產品批發業,08808,96.91,110年=100
營業額指數,463,燃料及相關產品批發業,08809,94.81,110年=100
營業額指數,463,燃料及相關產品批發業,08810,93.81,110年=100
營業額指數,463,燃料及相關產品批發業,08811,88.49,110年=100
營業額指數,463,燃料及相關產品批發業,08812,89.85,110年=100
營業額指數,463,燃料及相關產品批發業,08901,90.61,110年=100
營業額指數,463,燃料及相關產品批發業,08902,84.24,110年=100
營業額指數,463,燃料及相關產品批發業,08903,87.48,110年=100
營業額指數,463,燃料及相關產品批發業,08904,82.70,110年=100
營業額指數,463,燃料及相關產品批發業,08905,83.26,110年=100
營業額指數,463,燃料及相關產品批發業,08906,83.77,110年=100
營業額指數,463,燃料及相關產品批發業,08907,84.28,110年=100
營業額指數,463,燃料及相關產品批發業,08908,86.91,110年=100
營業額指數,463,燃料及相關產品批發業,08909,85.93,110年=100
營業額指數,463,燃料及相關產品批發業,08910,80.22,110年=100
營業額指數,463,燃料及相關產品批發業,08911,79.89,110年=100
營業額指數,463,燃料及相關產品批發業,08912,79.04,110年=100
營業額指數,463,燃料及相關產品批發業,09001,74.60,110年=100
營業額指數,463,燃料及相關產品批發業,09002,72.96,110年=100
營業額指數,463,燃料及相關產品批發業,09003,78.26,110年=100
營業額指數,463,燃料及相關產品批發業,09004,75.27,110年=100
營業額指數,463,燃料及相關產品批發業,09005,71.94,110年=100
營業額指數,463,燃料及相關產品批發業,09006,72.17,110年=100
營業額指數,463,燃料及相關產品批發業,09007,71.93,110年=100
營業額指數,463,燃料及相關產品批發業,09008,74.19,110年=100
營業額指數,463,燃料及相關產品批發業,09009,72.03,110年=100
營業額指數,463,燃料及相關產品批發業,09010,76.88,110年=100
營業額指數,463,燃料及相關產品批發業,09011,80.96,110年=100
營業額指數,463,燃料及相關產品批發業,09012,86.37,110年=100
營業額指數,463,燃料及相關產品批發業,09101,80.60,110年=100
營業額指數,463,燃料及相關產品批發業,09102,72.48,110年=100
營業額指數,463,燃料及相關產品批發業,09103,83.46,110年=100
營業額指數,463,燃料及相關產品批發業,09104,77.31,110年=100
營業額指數,463,燃料及相關產品批發業,09105,77.12,110年=100
營業額指數,463,燃料及相關產品批發業,09106,80.55,110年=100
營業額指數,463,燃料及相關產品批發業,09107,81.03,110年=100
營業額指數,463,燃料及相關產品批發業,09108,79.63,110年=100
營業額指數,463,燃料及相關產品批發業,09109,78.85,110年=100
營業額指數,463,燃料及相關產品批發業,09110,79.16,110年=100
營業額指數,463,燃料及相關產品批發業,09111,76.47,110年=100
營業額指數,463,燃料及相關產品批發業,09112,77.48,110年=100
營業額指數,463,燃料及相關產品批發業,09201,72.26,110年=100
營業額指數,463,燃料及相關產品批發業,09202,64.62,110年=100
營業額指數,463,燃料及相關產品批發業,09203,69.01,110年=100
營業額指數,463,燃料及相關產品批發業,09204,73.55,110年=100
營業額指數,463,燃料及相關產品批發業,09205,68.95,110年=100
營業額指數,463,燃料及相關產品批發業,09206,66.12,110年=100
營業額指數,463,燃料及相關產品批發業,09207,70.58,110年=100
營業額指數,463,燃料及相關產品批發業,09208,67.53,110年=100
營業額指數,463,燃料及相關產品批發業,09209,67.90,110年=100
營業額指數,463,燃料及相關產品批發業,09210,72.82,110年=100
營業額指數,463,燃料及相關產品批發業,09211,72.37,110年=100
營業額指數,463,燃料及相關產品批發業,09212,75.40,110年=100
營業額指數,463,燃料及相關產品批發業,09301,73.17,110年=100
營業額指數,463,燃料及相關產品批發業,09302,71.97,110年=100
營業額指數,463,燃料及相關產品批發業,09303,73.03,110年=100
營業額指數,463,燃料及相關產品批發業,09304,73.45,110年=100
營業額指數,463,燃料及相關產品批發業,09305,73.01,110年=100
營業額指數,463,燃料及相關產品批發業,09306,69.06,110年=100
營業額指數,463,燃料及相關產品批發業,09307,65.63,110年=100
營業額指數,463,燃料及相關產品批發業,09308,66.16,110年=100
營業額指數,463,燃料及相關產品批發業,09309,67.93,110年=100
營業額指數,463,燃料及相關產品批發業,09310,68.83,110年=100
營業額指數,463,燃料及相關產品批發業,09311,70.89,110年=100
營業額指數,463,燃料及相關產品批發業,09312,73.26,110年=100
營業額指數,463,燃料及相關產品批發業,09401,74.49,110年=100
營業額指數,463,燃料及相關產品批發業,09402,64.08,110年=100
營業額指數,463,燃料及相關產品批發業,09403,67.54,110年=100
營業額指數,463,燃料及相關產品批發業,09404,67.94,110年=100
營業額指數,463,燃料及相關產品批發業,09405,64.68,110年=100
營業額指數,463,燃料及相關產品批發業,09406,65.07,110年=100
營業額指數,463,燃料及相關產品批發業,09407,64.43,110年=100
營業額指數,463,燃料及相關產品批發業,09408,61.71,110年=100
營業額指數,463,燃料及相關產品批發業,09409,60.09,110年=100
營業額指數,463,燃料及相關產品批發業,09410,57.48,110年=100
營業額指數,463,燃料及相關產品批發業,09411,58.81,110年=100
營業額指數,463,燃料及相關產品批發業,09412,60.53,110年=100
營業額指數,463,燃料及相關產品批發業,09501,60.83,110年=100
營業額指數,463,燃料及相關產品批發業,09502,50.51,110年=100
營業額指數,463,燃料及相關產品批發業,09503,58.76,110年=100
營業額指數,463,燃料及相關產品批發業,09504,55.23,110年=100
營業額指數,463,燃料及相關產品批發業,09505,56.78,110年=100
營業額指數,463,燃料及相關產品批發業,09506,54.63,110年=100
營業額指數,463,燃料及相關產品批發業,09507,52.55,110年=100
營業額指數,463,燃料及相關產品批發業,09508,52.65,110年=100
營業額指數,463,燃料及相關產品批發業,09509,51.73,110年=100
營業額指數,463,燃料及相關產品批發業,09510,52.46,110年=100
營業額指數,463,燃料及相關產品批發業,09511,56.06,110年=100
營業額指數,463,燃料及相關產品批發業,09512,54.17,110年=100
營業額指數,463,燃料及相關產品批發業,09601,62.89,110年=100
營業額指數,463,燃料及相關產品批發業,09602,49.26,110年=100
營業額指數,463,燃料及相關產品批發業,09603,60.96,110年=100
營業額指數,463,燃料及相關產品批發業,09604,58.42,110年=100
營業額指數,463,燃料及相關產品批發業,09605,58.72,110年=100
營業額指數,463,燃料及相關產品批發業,09606,58.73,110年=100
營業額指數,463,燃料及相關產品批發業,09607,56.58,110年=100
營業額指數,463,燃料及相關產品批發業,09608,55.54,110年=100
營業額指數,463,燃料及相關產品批發業,09609,56.36,110年=100
營業額指數,463,燃料及相關產品批發業,09610,55.83,110年=100
營業額指數,463,燃料及相關產品批發業,09611,55.43,110年=100
營業額指數,463,燃料及相關產品批發業,09612,56.62,110年=100
營業額指數,463,燃料及相關產品批發業,09701,55.44,110年=100
營業額指數,463,燃料及相關產品批發業,09702,46.54,110年=100
營業額指數,463,燃料及相關產品批發業,09703,55.16,110年=100
營業額指數,463,燃料及相關產品批發業,09704,54.24,110年=100
營業額指數,463,燃料及相關產品批發業,09705,54.04,110年=100
營業額指數,463,燃料及相關產品批發業,09706,53.67,110年=100
營業額指數,463,燃料及相關產品批發業,09707,47.53,110年=100
營業額指數,463,燃料及相關產品批發業,09708,50.25,110年=100
營業額指數,463,燃料及相關產品批發業,09709,49.52,110年=100
營業額指數,463,燃料及相關產品批發業,09710,54.98,110年=100
營業額指數,463,燃料及相關產品批發業,09711,59.99,110年=100
營業額指數,463,燃料及相關產品批發業,09712,73.02,110年=100
營業額指數,463,燃料及相關產品批發業,09801,63.85,110年=100
營業額指數,463,燃料及相關產品批發業,09802,58.45,110年=100
營業額指數,463,燃料及相關產品批發業,09803,64.40,110年=100
營業額指數,463,燃料及相關產品批發業,09804,63.30,110年=100
營業額指數,463,燃料及相關產品批發業,09805,64.66,110年=100
營業額指數,463,燃料及相關產品批發業,09806,63.57,110年=100
營業額指數,463,燃料及相關產品批發業,09807,63.61,110年=100
營業額指數,463,燃料及相關產品批發業,09808,63.72,110年=100
營業額指數,463,燃料及相關產品批發業,09809,66.43,110年=100
營業額指數,463,燃料及相關產品批發業,09810,71.97,110年=100
營業額指數,463,燃料及相關產品批發業,09811,61.52,110年=100
營業額指數,463,燃料及相關產品批發業,09812,62.25,110年=100
營業額指數,463,燃料及相關產品批發業,09901,60.94,110年=100
營業額指數,463,燃料及相關產品批發業,09902,48.74,110年=100
營業額指數,463,燃料及相關產品批發業,09903,61.93,110年=100
營業額指數,463,燃料及相關產品批發業,09904,64.10,110年=100
營業額指數,463,燃料及相關產品批發業,09905,58.53,110年=100
營業額指數,463,燃料及相關產品批發業,09906,64.82,110年=100
營業額指數,463,燃料及相關產品批發業,09907,65.79,110年=100
營業額指數,463,燃料及相關產品批發業,09908,64.84,110年=100
營業額指數,463,燃料及相關產品批發業,09909,65.23,110年=100
營業額指數,463,燃料及相關產品批發業,09910,65.52,110年=100
營業額指數,463,燃料及相關產品批發業,09911,66.44,110年=100
營業額指數,463,燃料及相關產品批發業,09912,66.84,110年=100
營業額指數,463,燃料及相關產品批發業,10001,68.15,110年=100
營業額指數,463,燃料及相關產品批發業,10002,53.02,110年=100
營業額指數,463,燃料及相關產品批發業,10003,64.85,110年=100
營業額指數,463,燃料及相關產品批發業,10004,56.23,110年=100
營業額指數,463,燃料及相關產品批發業,10005,51.56,110年=100
營業額指數,463,燃料及相關產品批發業,10006,54.78,110年=100
營業額指數,463,燃料及相關產品批發業,10007,52.55,110年=100
營業額指數,463,燃料及相關產品批發業,10008,53.52,110年=100
營業額指數,463,燃料及相關產品批發業,10009,56.99,110年=100
營業額指數,463,燃料及相關產品批發業,10010,58.82,110年=100
營業額指數,463,燃料及相關產品批發業,10011,60.99,110年=100
營業額指數,463,燃料及相關產品批發業,10012,62.92,110年=100
營業額指數,463,燃料及相關產品批發業,10101,55.94,110年=100
營業額指數,463,燃料及相關產品批發業,10102,60.95,110年=100
營業額指數,463,燃料及相關產品批發業,10103,55.44,110年=100
營業額指數,463,燃料及相關產品批發業,10104,50.26,110年=100
營業額指數,463,燃料及相關產品批發業,10105,53.37,110年=100
營業額指數,463,燃料及相關產品批發業,10106,49.88,110年=100
營業額指數,463,燃料及相關產品批發業,10107,55.92,110年=100
營業額指數,463,燃料及相關產品批發業,10108,51.21,110年=100
營業額指數,463,燃料及相關產品批發業,10109,47.24,110年=100
營業額指數,463,燃料及相關產品批發業,10110,51.28,110年=100
營業額指數,463,燃料及相關產品批發業,10111,54.36,110年=100
營業額指數,463,燃料及相關產品批發業,10112,51.75,110年=100
營業額指數,463,燃料及相關產品批發業,10201,56.86,110年=100
營業額指數,463,燃料及相關產品批發業,10202,47.53,110年=100
營業額指數,463,燃料及相關產品批發業,10203,58.08,110年=100
營業額指數,463,燃料及相關產品批發業,10204,52.77,110年=100
營業額指數,463,燃料及相關產品批發業,10205,58.69,110年=100
營業額指數,463,燃料及相關產品批發業,10206,57.81,110年=100
營業額指數,463,燃料及相關產品批發業,10207,60.71,110年=100
營業額指數,463,燃料及相關產品批發業,10208,62.21,110年=100
營業額指數,463,燃料及相關產品批發業,10209,61.86,110年=100
營業額指數,463,燃料及相關產品批發業,10210,82.50,110年=100
營業額指數,463,燃料及相關產品批發業,10211,70.00,110年=100
營業額指數,463,燃料及相關產品批發業,10212,70.43,110年=100
營業額指數,463,燃料及相關產品批發業,10301,64.79,110年=100
營業額指數,463,燃料及相關產品批發業,10302,55.80,110年=100
營業額指數,463,燃料及相關產品批發業,10303,65.90,110年=100
營業額指數,463,燃料及相關產品批發業,10304,61.49,110年=100
營業額指數,463,燃料及相關產品批發業,10305,59.32,110年=100
營業額指數,463,燃料及相關產品批發業,10306,61.08,110年=100
營業額指數,463,燃料及相關產品批發業,10307,60.78,110年=100
營業額指數,463,燃料及相關產品批發業,10308,65.32,110年=100
營業額指數,463,燃料及相關產品批發業,10309,60.98,110年=100
營業額指數,463,燃料及相關產品批發業,10310,69.52,110年=100
營業額指數,463,燃料及相關產品批發業,10311,81.45,110年=100
營業額指數,463,燃料及相關產品批發業,10312,82.87,110年=100
營業額指數,463,燃料及相關產品批發業,10401,87.30,110年=100
營業額指數,463,燃料及相關產品批發業,10402,71.67,110年=100
營業額指數,463,燃料及相關產品批發業,10403,69.69,110年=100
營業額指數,463,燃料及相關產品批發業,10404,68.26,110年=100
營業額指數,463,燃料及相關產品批發業,10405,62.15,110年=100
營業額指數,463,燃料及相關產品批發業,10406,66.29,110年=100
營業額指數,463,燃料及相關產品批發業,10407,68.99,110年=100
營業額指數,463,燃料及相關產品批發業,10408,68.43,110年=100
營業額指數,463,燃料及相關產品批發業,10409,76.47,110年=100
營業額指數,463,燃料及相關產品批發業,10410,76.50,110年=100
營業額指數,463,燃料及相關產品批發業,10411,77.75,110年=100
營業額指數,463,燃料及相關產品批發業,10412,77.90,110年=100
營業額指數,463,燃料及相關產品批發業,10501,79.12,110年=100
營業額指數,463,燃料及相關產品批發業,10502,70.03,110年=100
營業額指數,463,燃料及相關產品批發業,10503,93.16,110年=100
營業額指數,463,燃料及相關產品批發業,10504,82.55,110年=100
營業額指數,463,燃料及相關產品批發業,10505,78.40,110年=100
營業額指數,463,燃料及相關產品批發業,10506,76.69,110年=100
營業額指數,463,燃料及相關產品批發業,10507,74.55,110年=100
營業額指數,463,燃料及相關產品批發業,10508,79.57,110年=100
營業額指數,463,燃料及相關產品批發業,10509,75.53,110年=100
營業額指數,463,燃料及相關產品批發業,10510,75.61,110年=100
營業額指數,463,燃料及相關產品批發業,10511,78.03,110年=100
營業額指數,463,燃料及相關產品批發業,10512,71.97,110年=100
營業額指數,463,燃料及相關產品批發業,10601,76.81,110年=100
營業額指數,463,燃料及相關產品批發業,10602,74.67,110年=100
營業額指數,463,燃料及相關產品批發業,10603,91.67,110年=100
營業額指數,463,燃料及相關產品批發業,10604,86.00,110年=100
營業額指數,463,燃料及相關產品批發業,10605,89.02,110年=100
營業額指數,463,燃料及相關產品批發業,10606,95.78,110年=100
營業額指數,463,燃料及相關產品批發業,10607,91.85,110年=100
營業額指數,463,燃料及相關產品批發業,10608,91.87,110年=100
營業額指數,463,燃料及相關產品批發業,10609,91.93,110年=100
營業額指數,463,燃料及相關產品批發業,10610,91.54,110年=100
營業額指數,463,燃料及相關產品批發業,10611,94.01,110年=100
營業額指數,463,燃料及相關產品批發業,10612,94.92,110年=100
營業額指數,463,燃料及相關產品批發業,10701,104.30,110年=100
營業額指數,463,燃料及相關產品批發業,10702,91.76,110年=100
營業額指數,463,燃料及相關產品批發業,10703,103.98,110年=100
營業額指數,463,燃料及相關產品批發業,10704,95.25,110年=100
營業額指數,463,燃料及相關產品批發業,10705,104.37,110年=100
營業額指數,463,燃料及相關產品批發業,10706,101.68,110年=100
營業額指數,463,燃料及相關產品批發業,10707,104.51,110年=100
營業額指數,463,燃料及相關產品批發業,10708,94.30,110年=100
營業額指數,463,燃料及相關產品批發業,10709,93.00,110年=100
營業額指數,463,燃料及相關產品批發業,10710,97.72,110年=100
營業額指數,463,燃料及相關產品批發業,10711,104.32,110年=100
營業額指數,463,燃料及相關產品批發業,10712,109.81,110年=100
營業額指數,463,燃料及相關產品批發業,10801,113.86,110年=100
營業額指數,463,燃料及相關產品批發業,10802,86.75,110年=100
營業額指數,463,燃料及相關產品批發業,10803,102.96,110年=100
營業額指數,463,燃料及相關產品批發業,10804,100.10,110年=100
營業額指數,463,燃料及相關產品批發業,10805,100.93,110年=100
營業額指數,463,燃料及相關產品批發業,10806,107.07,110年=100
營業額指數,463,燃料及相關產品批發業,10807,106.82,110年=100
營業額指數,463,燃料及相關產品批發業,10808,107.71,110年=100
營業額指數,463,燃料及相關產品批發業,10809,102.68,110年=100
營業額指數,463,燃料及相關產品批發業,10810,111.45,110年=100
營業額指數,463,燃料及相關產品批發業,10811,99.62,110年=100
營業額指數,463,燃料及相關產品批發業,10812,102.49,110年=100
營業額指數,463,燃料及相關產品批發業,10901,94.28,110年=100
營業額指數,463,燃料及相關產品批發業,10902,91.99,110年=100
營業額指數,463,燃料及相關產品批發業,10903,106.80,110年=100
營業額指數,463,燃料及相關產品批發業,10904,124.14,110年=100
營業額指數,463,燃料及相關產品批發業,10905,114.24,110年=100
營業額指數,463,燃料及相關產品批發業,10906,101.76,110年=100
營業額指數,463,燃料及相關產品批發業,10907,102.84,110年=100
營業額指數,463,燃料及相關產品批發業,10908,97.12,110年=100
營業額指數,463,燃料及相關產品批發業,10909,94.61,110年=100
營業額指數,463,燃料及相關產品批發業,10910,98.47,110年=100
營業額指數,463,燃料及相關產品批發業,10911,112.44,110年=100
營業額指數,463,燃料及相關產品批發業,10912,107.63,110年=100
營業額指數,463,燃料及相關產品批發業,11001,108.23,110年=100
營業額指數,463,燃料及相關產品批發業,11002,87.98,110年=100
營業額指數,463,燃料及相關產品批發業,11003,109.54,110年=100
營業額指數,463,燃料及相關產品批發業,11004,101.02,110年=100
營業額指數,463,燃料及相關產品批發業,11005,112.80,110年=100
營業額指數,463,燃料及相關產品批發業,11006,102.99,110年=100
營業額指數,463,燃料及相關產品批發業,11007,98.73,110年=100
營業額指數,463,燃料及相關產品批發業,11008,105.57,110年=100
營業額指數,463,燃料及相關產品批發業,11009,92.46,110年=100
營業額指數,463,燃料及相關產品批發業,11010,91.36,110年=100
營業額指數,463,燃料及相關產品批發業,11011,90.10,110年=100
營業額指數,463,燃料及相關產品批發業,11012,99.24,110年=100
營業額指數,463,燃料及相關產品批發業,11101,109.27,110年=100
營業額指數,463,燃料及相關產品批發業,11102,85.82,110年=100
營業額指數,463,燃料及相關產品批發業,11103,115.06,110年=100
營業額指數,463,燃料及相關產品批發業,11104,99.88,110年=100
營業額指數,463,燃料及相關產品批發業,11105,118.79,110年=100
營業額指數,463,燃料及相關產品批發業,11106,108.49,110年=100
營業額指數,463,燃料及相關產品批發業,11107,111.31,110年=100
營業額指數,463,燃料及相關產品批發業,11108,119.78,110年=100
營業額指數,463,燃料及相關產品批發業,11109,111.92,110年=100
營業額指數,463,燃料及相關產品批發業,11110,100.46,110年=100
營業額指數,463,燃料及相關產品批發業,11111,99.44,110年=100
營業額指數,463,燃料及相關產品批發業,11112,107.46,110年=100
營業額指數,463,燃料及相關產品批發業,11201,78.74,110年=100
營業額指數,463,燃料及相關產品批發業,11202,86.67,110年=100
營業額指數,463,燃料及相關產品批發業,11203,97.65,110年=100
營業額指數,463,燃料及相關產品批發業,11204,86.99,110年=100
營業額指數,463,燃料及相關產品批發業,11205,99.86,110年=100
營業額指數,463,燃料及相關產品批發業,11206,97.62,110年=100
營業額指數,463,燃料及相關產品批發業,11207,100.78,110年=100
營業額指數,463,燃料及相關產品批發業,11208,99.00,110年=100
營業額指數,463,燃料及相關產品批發業,11209,108.85,110年=100
營業額指數,463,燃料及相關產品批發業,11210,112.57,110年=100
營業額指數,463,燃料及相關產品批發業,11211,117.28,110年=100
營業額指數,463,燃料及相關產品批發業,11212,112.22,110年=100
營業額指數,463,燃料及相關產品批發業,11301,103.89,110年=100
營業額指數,463,燃料及相關產品批發業,11302,83.50,110年=100
營業額指數,463,燃料及相關產品批發業,11303,85.75,110年=100
營業額指數,463,燃料及相關產品批發業,11304,72.62,110年=100
營業額指數,463,燃料及相關產品批發業,11305,74.56,110年=100
營業額指數,463,燃料及相關產品批發業,11306,72.67,110年=100
營業額指數,463,燃料及相關產品批發業,11307,80.15,110年=100
營業額指數,463,燃料及相關產品批發業,11308,86.93,110年=100
營業額指數,463,燃料及相關產品批發業,11309,90.11,110年=100
營業額指數,463,燃料及相關產品批發業,11310,88.64,110年=100
營業額指數,463,燃料及相關產品批發業,11311,113.10,110年=100
營業額指數,463,燃料及相關產品批發業,11312,101.71,110年=100
營業額指數,463,燃料及相關產品批發業,11401,102.57,110年=100
營業額指數,463,燃料及相關產品批發業,11402,89.67,110年=100
營業額指數,463,燃料及相關產品批發業,11403,87.06,110年=100
營業額指數,463,燃料及相關產品批發業,11404,96.90,110年=100
營業額指數,463,燃料及相關產品批發業,11405,81.68,110年=100
營業額指數,463,燃料及相關產品批發業,11406,88.61,110年=100
營業額指數,463,燃料及相關產品批發業,11407,84.51,110年=100
營業額指數,463,燃料及相關產品批發業,11408,81.38,110年=100
營業額指數,463,燃料及相關產品批發業,11409,103.28,110年=100
營業額指數,463,燃料及相關產品批發業,11410,102.81,110年=100
營業額指數,463,燃料及相關產品批發業,11411,109.60,110年=100
營業額指數,463,燃料及相關產品批發業,11412,110.89,110年=100
營業額指數,463,燃料及相關產品批發業,11501,107.92,110年=100
營業額指數,463,燃料及相關產品批發業,11502,88.35,110年=100
營業額指數,464,機械器具批發業,08801,15.53,110年=100
營業額指數,464,機械器具批發業,08802,15.76,110年=100
營業額指數,464,機械器具批發業,08803,16.05,110年=100
營業額指數,464,機械器具批發業,08804,16.32,110年=100
營業額指數,464,機械器具批發業,08805,16.74,110年=100
營業額指數,464,機械器具批發業,08806,17.33,110年=100
營業額指數,464,機械器具批發業,08807,18.28,110年=100
營業額指數,464,機械器具批發業,08808,18.03,110年=100
營業額指數,464,機械器具批發業,08809,17.74,110年=100
營業額指數,464,機械器具批發業,08810,17.56,110年=100
營業額指數,464,機械器具批發業,08811,17.69,110年=100
營業額指數,464,機械器具批發業,08812,18.76,110年=100
營業額指數,464,機械器具批發業,08901,19.62,110年=100
營業額指數,464,機械器具批發業,08902,18.81,110年=100
營業額指數,464,機械器具批發業,08903,20.32,110年=100
營業額指數,464,機械器具批發業,08904,20.20,110年=100
營業額指數,464,機械器具批發業,08905,20.73,110年=100
營業額指數,464,機械器具批發業,08906,20.44,110年=100
營業額指數,464,機械器具批發業,08907,21.43,110年=100
營業額指數,464,機械器具批發業,08908,21.49,110年=100
營業額指數,464,機械器具批發業,08909,21.77,110年=100
營業額指數,464,機械器具批發業,08910,20.87,110年=100
營業額指數,464,機械器具批發業,08911,20.60,110年=100
營業額指數,464,機械器具批發業,08912,20.33,110年=100
營業額指數,464,機械器具批發業,09001,18.46,110年=100
營業額指數,464,機械器具批發業,09002,18.20,110年=100
營業額指數,464,機械器具批發業,09003,19.70,110年=100
營業額指數,464,機械器具批發業,09004,19.09,110年=100
營業額指數,464,機械器具批發業,09005,18.69,110年=100
營業額指數,464,機械器具批發業,09006,18.78,110年=100
營業額指數,464,機械器具批發業,09007,18.75,110年=100
營業額指數,464,機械器具批發業,09008,19.34,110年=100
營業額指數,464,機械器具批發業,09009,18.77,110年=100
營業額指數,464,機械器具批發業,09010,19.77,110年=100
營業額指數,464,機械器具批發業,09011,20.12,110年=100
營業額指數,464,機械器具批發業,09012,21.27,110年=100
營業額指數,464,機械器具批發業,09101,19.48,110年=100
營業額指數,464,機械器具批發業,09102,17.64,110年=100
營業額指數,464,機械器具批發業,09103,20.78,110年=100
營業額指數,464,機械器具批發業,09104,20.37,110年=100
營業額指數,464,機械器具批發業,09105,20.70,110年=100
營業額指數,464,機械器具批發業,09106,21.59,110年=100
營業額指數,464,機械器具批發業,09107,22.21,110年=100
營業額指數,464,機械器具批發業,09108,21.97,110年=100
營業額指數,464,機械器具批發業,09109,22.99,110年=100
營業額指數,464,機械器具批發業,09110,23.51,110年=100
營業額指數,464,機械器具批發業,09111,23.56,110年=100
營業額指數,464,機械器具批發業,09112,23.74,110年=100
營業額指數,464,機械器具批發業,09201,22.87,110年=100
營業額指數,464,機械器具批發業,09202,20.53,110年=100
營業額指數,464,機械器具批發業,09203,23.37,110年=100
營業額指數,464,機械器具批發業,09204,22.30,110年=100
營業額指數,464,機械器具批發業,09205,20.78,110年=100
營業額指數,464,機械器具批發業,09206,22.38,110年=100
營業額指數,464,機械器具批發業,09207,24.15,110年=100
營業額指數,464,機械器具批發業,09208,25.61,110年=100
營業額指數,464,機械器具批發業,09209,27.79,110年=100
營業額指數,464,機械器具批發業,09210,28.73,110年=100
營業額指數,464,機械器具批發業,09211,28.31,110年=100
營業額指數,464,機械器具批發業,09212,29.19,110年=100
營業額指數,464,機械器具批發業,09301,25.53,110年=100
營業額指數,464,機械器具批發業,09302,26.65,110年=100
營業額指數,464,機械器具批發業,09303,27.75,110年=100
營業額指數,464,機械器具批發業,09304,25.63,110年=100
營業額指數,464,機械器具批發業,09305,24.97,110年=100
營業額指數,464,機械器具批發業,09306,26.79,110年=100
營業額指數,464,機械器具批發業,09307,26.70,110年=100
營業額指數,464,機械器具批發業,09308,28.27,110年=100
營業額指數,464,機械器具批發業,09309,32.31,110年=100
營業額指數,464,機械器具批發業,09310,31.76,110年=100
營業額指數,464,機械器具批發業,09311,33.18,110年=100
營業額指數,464,機械器具批發業,09312,33.03,110年=100
營業額指數,464,機械器具批發業,09401,31.45,110年=100
營業額指數,464,機械器具批發業,09402,25.99,110年=100
營業額指數,464,機械器具批發業,09403,34.66,110年=100
營業額指數,464,機械器具批發業,09404,31.49,110年=100
營業額指數,464,機械器具批發業,09405,30.34,110年=100
營業額指數,464,機械器具批發業,09406,34.68,110年=100
營業額指數,464,機械器具批發業,09407,33.00,110年=100
營業額指數,464,機械器具批發業,09408,35.13,110年=100
營業額指數,464,機械器具批發業,09409,39.01,110年=100
營業額指數,464,機械器具批發業,09410,38.64,110年=100
營業額指數,464,機械器具批發業,09411,41.29,110年=100
營業額指數,464,機械器具批發業,09412,40.24,110年=100
營業額指數,464,機械器具批發業,09501,35.87,110年=100
營業額指數,464,機械器具批發業,09502,36.81,110年=100
營業額指數,464,機械器具批發業,09503,40.34,110年=100
營業額指數,464,機械器具批發業,09504,37.70,110年=100
營業額指數,464,機械器具批發業,09505,37.68,110年=100
營業額指數,464,機械器具批發業,09506,41.44,110年=100
營業額指數,464,機械器具批發業,09507,39.29,110年=100
營業額指數,464,機械器具批發業,09508,40.03,110年=100
營業額指數,464,機械器具批發業,09509,44.29,110年=100
營業額指數,464,機械器具批發業,09510,42.58,110年=100
營業額指數,464,機械器具批發業,09511,45.85,110年=100
營業額指數,464,機械器具批發業,09512,46.29,110年=100
營業額指數,464,機械器具批發業,09601,43.62,110年=100
營業額指數,464,機械器具批發業,09602,36.35,110年=100
營業額指數,464,機械器具批發業,09603,45.54,110年=100
營業額指數,464,機械器具批發業,09604,42.70,110年=100
營業額指數,464,機械器具批發業,09605,42.52,110年=100
營業額指數,464,機械器具批發業,09606,46.94,110年=100
營業額指數,464,機械器具批發業,09607,48.29,110年=100
營業額指數,464,機械器具批發業,09608,49.54,110年=100
營業額指數,464,機械器具批發業,09609,53.12,110年=100
營業額指數,464,機械器具批發業,09610,53.16,110年=100
營業額指數,464,機械器具批發業,09611,51.07,110年=100
營業額指數,464,機械器具批發業,09612,55.10,110年=100
營業額指數,464,機械器具批發業,09701,53.71,110年=100
營業額指數,464,機械器具批發業,09702,47.67,110年=100
營業額指數,464,機械器具批發業,09703,58.60,110年=100
營業額指數,464,機械器具批發業,09704,55.56,110年=100
營業額指數,464,機械器具批發業,09705,56.04,110年=100
營業額指數,464,機械器具批發業,09706,57.08,110年=100
營業額指數,464,機械器具批發業,09707,58.80,110年=100
營業額指數,464,機械器具批發業,09708,63.61,110年=100
營業額指數,464,機械器具批發業,09709,64.82,110年=100
營業額指數,464,機械器具批發業,09710,58.18,110年=100
營業額指數,464,機械器具批發業,09711,48.79,110年=100
營業額指數,464,機械器具批發業,09712,43.65,110年=100
營業額指數,464,機械器具批發業,09801,38.24,110年=100
營業額指數,464,機械器具批發業,09802,43.68,110年=100
營業額指數,464,機械器具批發業,09803,49.19,110年=100
營業額指數,464,機械器具批發業,09804,50.17,110年=100
營業額指數,464,機械器具批發業,09805,49.38,110年=100
營業額指數,464,機械器具批發業,09806,56.55,110年=100
營業額指數,464,機械器具批發業,09807,58.68,110年=100
營業額指數,464,機械器具批發業,09808,61.40,110年=100
營業額指數,464,機械器具批發業,09809,62.96,110年=100
營業額指數,464,機械器具批發業,09810,62.90,110年=100
營業額指數,464,機械器具批發業,09811,63.52,110年=100
營業額指數,464,機械器具批發業,09812,59.98,110年=100
營業額指數,464,機械器具批發業,09901,55.75,110年=100
營業額指數,464,機械器具批發業,09902,50.53,110年=100
營業額指數,464,機械器具批發業,09903,64.82,110年=100
營業額指數,464,機械器具批發業,09904,63.13,110年=100
營業額指數,464,機械器具批發業,09905,65.21,110年=100
營業額指數,464,機械器具批發業,09906,67.93,110年=100
營業額指數,464,機械器具批發業,09907,66.28,110年=100
營業額指數,464,機械器具批發業,09908,64.52,110年=100
營業額指數,464,機械器具批發業,09909,67.89,110年=100
營業額指數,464,機械器具批發業,09910,69.01,110年=100
營業額指數,464,機械器具批發業,09911,67.78,110年=100
營業額指數,464,機械器具批發業,09912,68.15,110年=100
營業額指數,464,機械器具批發業,10001,62.22,110年=100
營業額指數,464,機械器具批發業,10002,57.33,110年=100
營業額指數,464,機械器具批發業,10003,71.24,110年=100
營業額指數,464,機械器具批發業,10004,69.70,110年=100
營業額指數,464,機械器具批發業,10005,73.25,110年=100
營業額指數,464,機械器具批發業,10006,76.35,110年=100
營業額指數,464,機械器具批發業,10007,73.59,110年=100
營業額指數,464,機械器具批發業,10008,69.45,110年=100
營業額指數,464,機械器具批發業,10009,70.86,110年=100
營業額指數,464,機械器具批發業,10010,69.46,110年=100
營業額指數,464,機械器具批發業,10011,61.98,110年=100
營業額指數,464,機械器具批發業,10012,60.65,110年=100
營業額指數,464,機械器具批發業,10101,54.09,110年=100
營業額指數,464,機械器具批發業,10102,59.87,110年=100
營業額指數,464,機械器具批發業,10103,64.92,110年=100
營業額指數,464,機械器具批發業,10104,61.92,110年=100
營業額指數,464,機械器具批發業,10105,69.74,110年=100
營業額指數,464,機械器具批發業,10106,71.85,110年=100
營業額指數,464,機械器具批發業,10107,68.67,110年=100
營業額指數,464,機械器具批發業,10108,67.57,110年=100
營業額指數,464,機械器具批發業,10109,74.26,110年=100
營業額指數,464,機械器具批發業,10110,69.47,110年=100
營業額指數,464,機械器具批發業,10111,68.36,110年=100
營業額指數,464,機械器具批發業,10112,67.67,110年=100
營業額指數,464,機械器具批發業,10201,66.93,110年=100
營業額指數,464,機械器具批發業,10202,53.15,110年=100
營業額指數,464,機械器具批發業,10203,69.24,110年=100
營業額指數,464,機械器具批發業,10204,62.60,110年=100
營業額指數,464,機械器具批發業,10205,66.53,110年=100
營業額指數,464,機械器具批發業,10206,69.89,110年=100
營業額指數,464,機械器具批發業,10207,66.60,110年=100
營業額指數,464,機械器具批發業,10208,67.50,110年=100
營業額指數,464,機械器具批發業,10209,74.40,110年=100
營業額指數,464,機械器具批發業,10210,69.24,110年=100
營業額指數,464,機械器具批發業,10211,67.79,110年=100
營業額指數,464,機械器具批發業,10212,72.90,110年=100
營業額指數,464,機械器具批發業,10301,66.34,110年=100
營業額指數,464,機械器具批發業,10302,56.85,110年=100
營業額指數,464,機械器具批發業,10303,69.33,110年=100
營業額指數,464,機械器具批發業,10304,65.19,110年=100
營業額指數,464,機械器具批發業,10305,70.20,110年=100
營業額指數,464,機械器具批發業,10306,73.88,110年=100
營業額指數,464,機械器具批發業,10307,69.64,110年=100
營業額指數,464,機械器具批發業,10308,70.17,110年=100
營業額指數,464,機械器具批發業,10309,74.81,110年=100
營業額指數,464,機械器具批發業,10310,69.23,110年=100
營業額指數,464,機械器具批發業,10311,68.77,110年=100
營業額指數,464,機械器具批發業,10312,70.52,110年=100
營業額指數,464,機械器具批發業,10401,67.27,110年=100
營業額指數,464,機械器具批發業,10402,52.52,110年=100
營業額指數,464,機械器具批發業,10403,67.97,110年=100
營業額指數,464,機械器具批發業,10404,65.49,110年=100
營業額指數,464,機械器具批發業,10405,66.62,110年=100
營業額指數,464,機械器具批發業,10406,69.26,110年=100
營業額指數,464,機械器具批發業,10407,64.15,110年=100
營業額指數,464,機械器具批發業,10408,66.70,110年=100
營業額指數,464,機械器具批發業,10409,69.34,110年=100
營業額指數,464,機械器具批發業,10410,63.90,110年=100
營業額指數,464,機械器具批發業,10411,63.43,110年=100
營業額指數,464,機械器具批發業,10412,64.97,110年=100
營業額指數,464,機械器具批發業,10501,59.95,110年=100
營業額指數,464,機械器具批發業,10502,43.07,110年=100
營業額指數,464,機械器具批發業,10503,61.87,110年=100
營業額指數,464,機械器具批發業,10504,60.16,110年=100
營業額指數,464,機械器具批發業,10505,61.71,110年=100
營業額指數,464,機械器具批發業,10506,63.76,110年=100
營業額指數,464,機械器具批發業,10507,63.76,110年=100
營業額指數,464,機械器具批發業,10508,69.47,110年=100
營業額指數,464,機械器具批發業,10509,70.24,110年=100
營業額指數,464,機械器具批發業,10510,66.74,110年=100
營業額指數,464,機械器具批發業,10511,68.62,110年=100
營業額指數,464,機械器具批發業,10512,67.37,110年=100
營業額指數,464,機械器具批發業,10601,62.54,110年=100
營業額指數,464,機械器具批發業,10602,57.24,110年=100
營業額指數,464,機械器具批發業,10603,70.25,110年=100
營業額指數,464,機械器具批發業,10604,65.89,110年=100
營業額指數,464,機械器具批發業,10605,69.23,110年=100
營業額指數,464,機械器具批發業,10606,74.30,110年=100
營業額指數,464,機械器具批發業,10607,72.13,110年=100
營業額指數,464,機械器具批發業,10608,75.66,110年=100
營業額指數,464,機械器具批發業,10609,79.50,110年=100
營業額指數,464,機械器具批發業,10610,73.50,110年=100
營業額指數,464,機械器具批發業,10611,76.73,110年=100
營業額指數,464,機械器具批發業,10612,75.09,110年=100
營業額指數,464,機械器具批發業,10701,78.32,110年=100
營業額指數,464,機械器具批發業,10702,55.87,110年=100
營業額指數,464,機械器具批發業,10703,77.63,110年=100
營業額指數,464,機械器具批發業,10704,71.47,110年=100
營業額指數,464,機械器具批發業,10705,77.56,110年=100
營業額指數,464,機械器具批發業,10706,77.48,110年=100
營業額指數,464,機械器具批發業,10707,78.52,110年=100
營業額指數,464,機械器具批發業,10708,87.05,110年=100
營業額指數,464,機械器具批發業,10709,87.50,110年=100
營業額指數,464,機械器具批發業,10710,79.90,110年=100
營業額指數,464,機械器具批發業,10711,78.73,110年=100
營業額指數,464,機械器具批發業,10712,69.48,110年=100
營業額指數,464,機械器具批發業,10801,75.71,110年=100
營業額指數,464,機械器具批發業,10802,54.48,110年=100
營業額指數,464,機械器具批發業,10803,71.18,110年=100
營業額指數,464,機械器具批發業,10804,69.77,110年=100
營業額指數,464,機械器具批發業,10805,73.15,110年=100
營業額指數,464,機械器具批發業,10806,74.53,110年=100
營業額指數,464,機械器具批發業,10807,81.86,110年=100
營業額指數,464,機械器具批發業,10808,81.73,110年=100
營業額指數,464,機械器具批發業,10809,84.12,110年=100
營業額指數,464,機械器具批發業,10810,81.99,110年=100
營業額指數,464,機械器具批發業,10811,79.34,110年=100
營業額指數,464,機械器具批發業,10812,76.67,110年=100
營業額指數,464,機械器具批發業,10901,70.04,110年=100
營業額指數,464,機械器具批發業,10902,62.57,110年=100
營業額指數,464,機械器具批發業,10903,85.88,110年=100
營業額指數,464,機械器具批發業,10904,79.02,110年=100
營業額指數,464,機械器具批發業,10905,75.60,110年=100
營業額指數,464,機械器具批發業,10906,81.66,110年=100
營業額指數,464,機械器具批發業,10907,88.46,110年=100
營業額指數,464,機械器具批發業,10908,87.71,110年=100
營業額指數,464,機械器具批發業,10909,98.15,110年=100
營業額指數,464,機械器具批發業,10910,85.99,110年=100
營業額指數,464,機械器具批發業,10911,95.74,110年=100
營業額指數,464,機械器具批發業,10912,96.14,110年=100
營業額指數,464,機械器具批發業,11001,97.10,110年=100
營業額指數,464,機械器具批發業,11002,76.44,110年=100
營業額指數,464,機械器具批發業,11003,99.16,110年=100
營業額指數,464,機械器具批發業,11004,97.30,110年=100
營業額指數,464,機械器具批發業,11005,95.77,110年=100
營業額指數,464,機械器具批發業,11006,99.92,110年=100
營業額指數,464,機械器具批發業,11007,97.65,110年=100
營業額指數,464,機械器具批發業,11008,103.90,110年=100
營業額指數,464,機械器具批發業,11009,113.95,110年=100
營業額指數,464,機械器具批發業,11010,97.64,110年=100
營業額指數,464,機械器具批發業,11011,109.55,110年=100
營業額指數,464,機械器具批發業,11012,111.61,110年=100
營業額指數,464,機械器具批發業,11101,106.14,110年=100
營業額指數,464,機械器具批發業,11102,83.06,110年=100
營業額指數,464,機械器具批發業,11103,110.53,110年=100
營業額指數,464,機械器具批發業,11104,92.57,110年=100
營業額指數,464,機械器具批發業,11105,96.96,110年=100
營業額指數,464,機械器具批發業,11106,101.37,110年=100
營業額指數,464,機械器具批發業,11107,92.43,110年=100
營業額指數,464,機械器具批發業,11108,94.37,110年=100
營業額指數,464,機械器具批發業,11109,110.03,110年=100
營業額指數,464,機械器具批發業,11110,99.22,110年=100
營業額指數,464,機械器具批發業,11111,85.33,110年=100
營業額指數,464,機械器具批發業,11112,97.19,110年=100
營業額指數,464,機械器具批發業,11201,82.58,110年=100
營業額指數,464,機械器具批發業,11202,72.77,110年=100
營業額指數,464,機械器具批發業,11203,86.63,110年=100
營業額指數,464,機械器具批發業,11204,76.82,110年=100
營業額指數,464,機械器具批發業,11205,78.47,110年=100
營業額指數,464,機械器具批發業,11206,86.48,110年=100
營業額指數,464,機械器具批發業,11207,88.51,110年=100
營業額指數,464,機械器具批發業,11208,86.56,110年=100
營業額指數,464,機械器具批發業,11209,108.47,110年=100
營業額指數,464,機械器具批發業,11210,103.58,110年=100
營業額指數,464,機械器具批發業,11211,97.38,110年=100
營業額指數,464,機械器具批發業,11212,95.77,110年=100
營業額指數,464,機械器具批發業,11301,106.08,110年=100
營業額指數,464,機械器具批發業,11302,78.42,110年=100
營業額指數,464,機械器具批發業,11303,101.94,110年=100
營業額指數,464,機械器具批發業,11304,99.74,110年=100
營業額指數,464,機械器具批發業,11305,97.63,110年=100
營業額指數,464,機械器具批發業,11306,99.47,110年=100
營業額指數,464,機械器具批發業,11307,106.84,110年=100
營業額指數,464,機械器具批發業,11308,101.66,110年=100
營業額指數,464,機械器具批發業,11309,115.72,110年=100
營業額指數,464,機械器具批發業,11310,114.06,110年=100
營業額指數,464,機械器具批發業,11311,100.69,110年=100
營業額指數,464,機械器具批發業,11312,115.55,110年=100
營業額指數,464,機械器具批發業,11401,105.51,110年=100
營業額指數,464,機械器具批發業,11402,109.06,110年=100
營業額指數,464,機械器具批發業,11403,121.95,110年=100
營業額指數,464,機械器具批發業,11404,133.95,110年=100
營業額指數,464,機械器具批發業,11405,127.06,110年=100
營業額指數,464,機械器具批發業,11406,119.78,110年=100
營業額指數,464,機械器具批發業,11407,127.93,110年=100
營業額指數,464,機械器具批發業,11408,126.11,110年=100
營業額指數,464,機械器具批發業,11409,156.31,110年=100
營業額指數,464,機械器具批發業,11410,147.25,110年=100
營業額指數,464,機械器具批發業,11411,146.90,110年=100
營業額指數,464,機械器具批發業,11412,137.16,110年=100
營業額指數,464,機械器具批發業,11501,166.33,110年=100
營業額指數,464,機械器具批發業,11502,127.10,110年=100
營業額指數,465,汽機車及其零配件、用品批發業,08801,39.57,110年=100
營業額指數,465,汽機車及其零配件、用品批發業,08802,39.57,110年=100
營業額指數,465,汽機車及其零配件、用品批發業,08803,39.80,110年=100
營業額指數,465,汽機車及其零配件、用品批發業,08804,41.03,110年=100
營業額指數,465,汽機車及其零配件、用品批發業,08805,41.28,110年=100
營業額指數,465,汽機車及其零配件、用品批發業,08806,43.52,110年=100
營業額指數,465,汽機車及其零配件、用品批發業,08807,44.64,110年=100
營業額指數,465,汽機車及其零配件、用品批發業,08808,43.58,110年=100
營業額指數,465,汽機車及其零配件、用品批發業,08809,43.66,110年=100
營業額指數,465,汽機車及其零配件、用品批發業,08810,42.61,110年=100
營業額指數,465,汽機車及其零配件、用品批發業,08811,42.12,110年=100
營業額指數,465,汽機車及其零配件、用品批發業,08812,43.05,110年=100
營業額指數,465,汽機車及其零配件、用品批發業,08901,44.72,110年=100
營業額指數,465,汽機車及其零配件、用品批發業,08902,43.34,110年=100
營業額指數,465,汽機車及其零配件、用品批發業,08903,45.68,110年=100
營業額指數,465,汽機車及其零配件、用品批發業,08904,46.14,110年=100
營業額指數,465,汽機車及其零配件、用品批發業,08905,47.41,110年=100
營業額指數,465,汽機車及其零配件、用品批發業,08906,46.97,110年=100
營業額指數,465,汽機車及其零配件、用品批發業,08907,49.82,110年=100
營業額指數,465,汽機車及其零配件、用品批發業,08908,48.38,110年=100
營業額指數,465,汽機車及其零配件、用品批發業,08909,49.29,110年=100
營業額指數,465,汽機車及其零配件、用品批發業,08910,47.12,110年=100
營業額指數,465,汽機車及其零配件、用品批發業,08911,45.48,110年=100
營業額指數,465,汽機車及其零配件、用品批發業,08912,45.07,110年=100
營業額指數,465,汽機車及其零配件、用品批發業,09001,44.59,110年=100
營業額指數,465,汽機車及其零配件、用品批發業,09002,41.85,110年=100
營業額指數,465,汽機車及其零配件、用品批發業,09003,42.66,110年=100
營業額指數,465,汽機車及其零配件、用品批發業,09004,41.46,110年=100
營業額指數,465,汽機車及其零配件、用品批發業,09005,40.71,110年=100
營業額指數,465,汽機車及其零配件、用品批發業,09006,40.25,110年=100
營業額指數,465,汽機車及其零配件、用品批發業,09007,41.69,110年=100
營業額指數,465,汽機車及其零配件、用品批發業,09008,40.70,110年=100
營業額指數,465,汽機車及其零配件、用品批發業,09009,38.86,110年=100
營業額指數,465,汽機車及其零配件、用品批發業,09010,42.11,110年=100
營業額指數,465,汽機車及其零配件、用品批發業,09011,39.74,110年=100
營業額指數,465,汽機車及其零配件、用品批發業,09012,38.70,110年=100
營業額指數,465,汽機車及其零配件、用品批發業,09101,40.10,110年=100
營業額指數,465,汽機車及其零配件、用品批發業,09102,35.20,110年=100
營業額指數,465,汽機車及其零配件、用品批發業,09103,41.28,110年=100
營業額指數,465,汽機車及其零配件、用品批發業,09104,40.76,110年=100
營業額指數,465,汽機車及其零配件、用品批發業,09105,41.05,110年=100
營業額指數,465,汽機車及其零配件、用品批發業,09106,41.83,110年=100
營業額指數,465,汽機車及其零配件、用品批發業,09107,43.19,110年=100
營業額指數,465,汽機車及其零配件、用品批發業,09108,39.15,110年=100
營業額指數,465,汽機車及其零配件、用品批發業,09109,43.72,110年=100
營業額指數,465,汽機車及其零配件、用品批發業,09110,45.78,110年=100
營業額指數,465,汽機車及其零配件、用品批發業,09111,44.46,110年=100
營業額指數,465,汽機車及其零配件、用品批發業,09112,43.70,110年=100
營業額指數,465,汽機車及其零配件、用品批發業,09201,41.86,110年=100
營業額指數,465,汽機車及其零配件、用品批發業,09202,37.59,110年=100
營業額指數,465,汽機車及其零配件、用品批發業,09203,43.14,110年=100
營業額指數,465,汽機車及其零配件、用品批發業,09204,42.04,110年=100
營業額指數,465,汽機車及其零配件、用品批發業,09205,39.53,110年=100
營業額指數,465,汽機車及其零配件、用品批發業,09206,43.08,110年=100
營業額指數,465,汽機車及其零配件、用品批發業,09207,45.57,110年=100
營業額指數,465,汽機車及其零配件、用品批發業,09208,37.51,110年=100
營業額指數,465,汽機車及其零配件、用品批發業,09209,42.55,110年=100
營業額指數,465,汽機車及其零配件、用品批發業,09210,47.17,110年=100
營業額指數,465,汽機車及其零配件、用品批發業,09211,43.55,110年=100
營業額指數,465,汽機車及其零配件、用品批發業,09212,42.20,110年=100
營業額指數,465,汽機車及其零配件、用品批發業,09301,50.70,110年=100
營業額指數,465,汽機車及其零配件、用品批發業,09302,41.14,110年=100
營業額指數,465,汽機車及其零配件、用品批發業,09303,47.95,110年=100
營業額指數,465,汽機車及其零配件、用品批發業,09304,47.10,110年=100
營業額指數,465,汽機車及其零配件、用品批發業,09305,52.29,110年=100
營業額指數,465,汽機車及其零配件、用品批發業,09306,52.32,110年=100
營業額指數,465,汽機車及其零配件、用品批發業,09307,53.47,110年=100
營業額指數,465,汽機車及其零配件、用品批發業,09308,42.33,110年=100
營業額指數,465,汽機車及其零配件、用品批發業,09309,45.78,110年=100
營業額指數,465,汽機車及其零配件、用品批發業,09310,52.23,110年=100
營業額指數,465,汽機車及其零配件、用品批發業,09311,51.21,110年=100
營業額指數,465,汽機車及其零配件、用品批發業,09312,47.39,110年=100
營業額指數,465,汽機車及其零配件、用品批發業,09401,65.28,110年=100
營業額指數,465,汽機車及其零配件、用品批發業,09402,47.60,110年=100
營業額指數,465,汽機車及其零配件、用品批發業,09403,63.69,110年=100
營業額指數,465,汽機車及其零配件、用品批發業,09404,60.56,110年=100
營業額指數,465,汽機車及其零配件、用品批發業,09405,62.75,110年=100
營業額指數,465,汽機車及其零配件、用品批發業,09406,57.75,110年=100
營業額指數,465,汽機車及其零配件、用品批發業,09407,57.26,110年=100
營業額指數,465,汽機車及其零配件、用品批發業,09408,46.70,110年=100
營業額指數,465,汽機車及其零配件、用品批發業,09409,54.28,110年=100
營業額指數,465,汽機車及其零配件、用品批發業,09410,53.84,110年=100
營業額指數,465,汽機車及其零配件、用品批發業,09411,54.80,110年=100
營業額指數,465,汽機車及其零配件、用品批發業,09412,46.62,110年=100
營業額指數,465,汽機車及其零配件、用品批發業,09501,61.50,110年=100
營業額指數,465,汽機車及其零配件、用品批發業,09502,54.60,110年=100
營業額指數,465,汽機車及其零配件、用品批發業,09503,59.46,110年=100
營業額指數,465,汽機車及其零配件、用品批發業,09504,55.73,110年=100
營業額指數,465,汽機車及其零配件、用品批發業,09505,54.93,110年=100
營業額指數,465,汽機車及其零配件、用品批發業,09506,59.33,110年=100
營業額指數,465,汽機車及其零配件、用品批發業,09507,54.63,110年=100
營業額指數,465,汽機車及其零配件、用品批發業,09508,43.09,110年=100
營業額指數,465,汽機車及其零配件、用品批發業,09509,48.17,110年=100
營業額指數,465,汽機車及其零配件、用品批發業,09510,53.98,110年=100
營業額指數,465,汽機車及其零配件、用品批發業,09511,50.67,110年=100
營業額指數,465,汽機車及其零配件、用品批發業,09512,46.98,110年=100
營業額指數,465,汽機車及其零配件、用品批發業,09601,62.04,110年=100
營業額指數,465,汽機車及其零配件、用品批發業,09602,47.93,110年=100
營業額指數,465,汽機車及其零配件、用品批發業,09603,59.39,110年=100
營業額指數,465,汽機車及其零配件、用品批發業,09604,56.72,110年=100
營業額指數,465,汽機車及其零配件、用品批發業,09605,61.20,110年=100
營業額指數,465,汽機車及其零配件、用品批發業,09606,58.02,110年=100
營業額指數,465,汽機車及其零配件、用品批發業,09607,67.09,110年=100
營業額指數,465,汽機車及其零配件、用品批發業,09608,55.25,110年=100
營業額指數,465,汽機車及其零配件、用品批發業,09609,53.69,110年=100
營業額指數,465,汽機車及其零配件、用品批發業,09610,61.74,110年=100
營業額指數,465,汽機車及其零配件、用品批發業,09611,55.57,110年=100
營業額指數,465,汽機車及其零配件、用品批發業,09612,53.53,110年=100
營業額指數,465,汽機車及其零配件、用品批發業,09701,70.60,110年=100
營業額指數,465,汽機車及其零配件、用品批發業,09702,45.01,110年=100
營業額指數,465,汽機車及其零配件、用品批發業,09703,57.96,110年=100
營業額指數,465,汽機車及其零配件、用品批發業,09704,55.86,110年=100
營業額指數,465,汽機車及其零配件、用品批發業,09705,55.52,110年=100
營業額指數,465,汽機車及其零配件、用品批發業,09706,52.01,110年=100
營業額指數,465,汽機車及其零配件、用品批發業,09707,53.27,110年=100
營業額指數,465,汽機車及其零配件、用品批發業,09708,39.14,110年=100
營業額指數,465,汽機車及其零配件、用品批發業,09709,40.13,110年=100
營業額指數,465,汽機車及其零配件、用品批發業,09710,45.34,110年=100
營業額指數,465,汽機車及其零配件、用品批發業,09711,38.47,110年=100
營業額指數,465,汽機車及其零配件、用品批發業,09712,40.62,110年=100
營業額指數,465,汽機車及其零配件、用品批發業,09801,57.46,110年=100
營業額指數,465,汽機車及其零配件、用品批發業,09802,39.28,110年=100
營業額指數,465,汽機車及其零配件、用品批發業,09803,39.75,110年=100
營業額指數,465,汽機車及其零配件、用品批發業,09804,42.65,110年=100
營業額指數,465,汽機車及其零配件、用品批發業,09805,43.05,110年=100
營業額指數,465,汽機車及其零配件、用品批發業,09806,54.91,110年=100
營業額指數,465,汽機車及其零配件、用品批發業,09807,56.92,110年=100
營業額指數,465,汽機車及其零配件、用品批發業,09808,45.00,110年=100
營業額指數,465,汽機車及其零配件、用品批發業,09809,46.35,110年=100
營業額指數,465,汽機車及其零配件、用品批發業,09810,53.81,110年=100
營業額指數,465,汽機車及其零配件、用品批發業,09811,55.64,110年=100
營業額指數,465,汽機車及其零配件、用品批發業,09812,63.19,110年=100
營業額指數,465,汽機車及其零配件、用品批發業,09901,61.37,110年=100
營業額指數,465,汽機車及其零配件、用品批發業,09902,44.94,110年=100
營業額指數,465,汽機車及其零配件、用品批發業,09903,55.47,110年=100
營業額指數,465,汽機車及其零配件、用品批發業,09904,54.58,110年=100
營業額指數,465,汽機車及其零配件、用品批發業,09905,53.37,110年=100
營業額指數,465,汽機車及其零配件、用品批發業,09906,58.76,110年=100
營業額指數,465,汽機車及其零配件、用品批發業,09907,55.45,110年=100
營業額指數,465,汽機車及其零配件、用品批發業,09908,44.29,110年=100
營業額指數,465,汽機車及其零配件、用品批發業,09909,52.70,110年=100
營業額指數,465,汽機車及其零配件、用品批發業,09910,56.65,110年=100
營業額指數,465,汽機車及其零配件、用品批發業,09911,57.99,110年=100
營業額指數,465,汽機車及其零配件、用品批發業,09912,57.22,110年=100
營業額指數,465,汽機車及其零配件、用品批發業,10001,97.76,110年=100
營業額指數,465,汽機車及其零配件、用品批發業,10002,52.62,110年=100
營業額指數,465,汽機車及其零配件、用品批發業,10003,69.35,110年=100
營業額指數,465,汽機車及其零配件、用品批發業,10004,56.53,110年=100
營業額指數,465,汽機車及其零配件、用品批發業,10005,53.32,110年=100
營業額指數,465,汽機車及其零配件、用品批發業,10006,67.05,110年=100
營業額指數,465,汽機車及其零配件、用品批發業,10007,70.02,110年=100
營業額指數,465,汽機車及其零配件、用品批發業,10008,54.22,110年=100
營業額指數,465,汽機車及其零配件、用品批發業,10009,60.02,110年=100
營業額指數,465,汽機車及其零配件、用品批發業,10010,61.22,110年=100
營業額指數,465,汽機車及其零配件、用品批發業,10011,61.50,110年=100
營業額指數,465,汽機車及其零配件、用品批發業,10012,59.74,110年=100
營業額指數,465,汽機車及其零配件、用品批發業,10101,71.91,110年=100
營業額指數,465,汽機車及其零配件、用品批發業,10102,62.17,110年=100
營業額指數,465,汽機車及其零配件、用品批發業,10103,69.39,110年=100
營業額指數,465,汽機車及其零配件、用品批發業,10104,58.12,110年=100
營業額指數,465,汽機車及其零配件、用品批發業,10105,69.00,110年=100
營業額指數,465,汽機車及其零配件、用品批發業,10106,66.17,110年=100
營業額指數,465,汽機車及其零配件、用品批發業,10107,67.08,110年=100
營業額指數,465,汽機車及其零配件、用品批發業,10108,54.06,110年=100
營業額指數,465,汽機車及其零配件、用品批發業,10109,57.60,110年=100
營業額指數,465,汽機車及其零配件、用品批發業,10110,58.49,110年=100
營業額指數,465,汽機車及其零配件、用品批發業,10111,57.47,110年=100
營業額指數,465,汽機車及其零配件、用品批發業,10112,54.24,110年=100
營業額指數,465,汽機車及其零配件、用品批發業,10201,86.05,110年=100
營業額指數,465,汽機車及其零配件、用品批發業,10202,53.81,110年=100
營業額指數,465,汽機車及其零配件、用品批發業,10203,67.65,110年=100
營業額指數,465,汽機車及其零配件、用品批發業,10204,62.38,110年=100
營業額指數,465,汽機車及其零配件、用品批發業,10205,70.29,110年=100
營業額指數,465,汽機車及其零配件、用品批發業,10206,72.38,110年=100
營業額指數,465,汽機車及其零配件、用品批發業,10207,79.36,110年=100
營業額指數,465,汽機車及其零配件、用品批發業,10208,55.27,110年=100
營業額指數,465,汽機車及其零配件、用品批發業,10209,65.03,110年=100
營業額指數,465,汽機車及其零配件、用品批發業,10210,69.54,110年=100
營業額指數,465,汽機車及其零配件、用品批發業,10211,70.64,110年=100
營業額指數,465,汽機車及其零配件、用品批發業,10212,69.11,110年=100
營業額指數,465,汽機車及其零配件、用品批發業,10301,84.85,110年=100
營業額指數,465,汽機車及其零配件、用品批發業,10302,59.36,110年=100
營業額指數,465,汽機車及其零配件、用品批發業,10303,77.33,110年=100
營業額指數,465,汽機車及其零配件、用品批發業,10304,80.61,110年=100
營業額指數,465,汽機車及其零配件、用品批發業,10305,83.80,110年=100
營業額指數,465,汽機車及其零配件、用品批發業,10306,80.79,110年=100
營業額指數,465,汽機車及其零配件、用品批發業,10307,82.27,110年=100
營業額指數,465,汽機車及其零配件、用品批發業,10308,61.56,110年=100
營業額指數,465,汽機車及其零配件、用品批發業,10309,71.43,110年=100
營業額指數,465,汽機車及其零配件、用品批發業,10310,69.55,110年=100
營業額指數,465,汽機車及其零配件、用品批發業,10311,66.55,110年=100
營業額指數,465,汽機車及其零配件、用品批發業,10312,67.66,110年=100
營業額指數,465,汽機車及其零配件、用品批發業,10401,88.02,110年=100
營業額指數,465,汽機車及其零配件、用品批發業,10402,60.33,110年=100
營業額指數,465,汽機車及其零配件、用品批發業,10403,79.10,110年=100
營業額指數,465,汽機車及其零配件、用品批發業,10404,73.71,110年=100
營業額指數,465,汽機車及其零配件、用品批發業,10405,78.04,110年=100
營業額指數,465,汽機車及其零配件、用品批發業,10406,85.16,110年=100
營業額指數,465,汽機車及其零配件、用品批發業,10407,90.15,110年=100
營業額指數,465,汽機車及其零配件、用品批發業,10408,60.97,110年=100
營業額指數,465,汽機車及其零配件、用品批發業,10409,66.80,110年=100
營業額指數,465,汽機車及其零配件、用品批發業,10410,74.72,110年=100
營業額指數,465,汽機車及其零配件、用品批發業,10411,67.46,110年=100
營業額指數,465,汽機車及其零配件、用品批發業,10412,67.18,110年=100
營業額指數,465,汽機車及其零配件、用品批發業,10501,88.55,110年=100
營業額指數,465,汽機車及其零配件、用品批發業,10502,55.00,110年=100
營業額指數,465,汽機車及其零配件、用品批發業,10503,80.30,110年=100
營業額指數,465,汽機車及其零配件、用品批發業,10504,80.29,110年=100
營業額指數,465,汽機車及其零配件、用品批發業,10505,77.18,110年=100
營業額指數,465,汽機車及其零配件、用品批發業,10506,89.98,110年=100
營業額指數,465,汽機車及其零配件、用品批發業,10507,89.13,110年=100
營業額指數,465,汽機車及其零配件、用品批發業,10508,69.01,110年=100
營業額指數,465,汽機車及其零配件、用品批發業,10509,76.73,110年=100
營業額指數,465,汽機車及其零配件、用品批發業,10510,81.05,110年=100
營業額指數,465,汽機車及其零配件、用品批發業,10511,81.50,110年=100
營業額指數,465,汽機車及其零配件、用品批發業,10512,80.29,110年=100
營業額指數,465,汽機車及其零配件、用品批發業,10601,101.75,110年=100
營業額指數,465,汽機車及其零配件、用品批發業,10602,70.09,110年=100
營業額指數,465,汽機車及其零配件、用品批發業,10603,90.29,110年=100
營業額指數,465,汽機車及其零配件、用品批發業,10604,80.70,110年=100
營業額指數,465,汽機車及其零配件、用品批發業,10605,83.32,110年=100
營業額指數,465,汽機車及其零配件、用品批發業,10606,93.53,110年=100
營業額指數,465,汽機車及其零配件、用品批發業,10607,88.16,110年=100
營業額指數,465,汽機車及其零配件、用品批發業,10608,75.34,110年=100
營業額指數,465,汽機車及其零配件、用品批發業,10609,77.24,110年=100
營業額指數,465,汽機車及其零配件、用品批發業,10610,83.87,110年=100
營業額指數,465,汽機車及其零配件、用品批發業,10611,94.60,110年=100
營業額指數,465,汽機車及其零配件、用品批發業,10612,90.59,110年=100
營業額指數,465,汽機車及其零配件、用品批發業,10701,104.00,110年=100
營業額指數,465,汽機車及其零配件、用品批發業,10702,61.90,110年=100
營業額指數,465,汽機車及其零配件、用品批發業,10703,98.43,110年=100
營業額指數,465,汽機車及其零配件、用品批發業,10704,79.65,110年=100
營業額指數,465,汽機車及其零配件、用品批發業,10705,91.10,110年=100
營業額指數,465,汽機車及其零配件、用品批發業,10706,90.85,110年=100
營業額指數,465,汽機車及其零配件、用品批發業,10707,90.43,110年=100
營業額指數,465,汽機車及其零配件、用品批發業,10708,69.37,110年=100
營業額指數,465,汽機車及其零配件、用品批發業,10709,73.07,110年=100
營業額指數,465,汽機車及其零配件、用品批發業,10710,88.32,110年=100
營業額指數,465,汽機車及其零配件、用品批發業,10711,87.86,110年=100
營業額指數,465,汽機車及其零配件、用品批發業,10712,87.85,110年=100
營業額指數,465,汽機車及其零配件、用品批發業,10801,100.64,110年=100
營業額指數,465,汽機車及其零配件、用品批發業,10802,54.22,110年=100
營業額指數,465,汽機車及其零配件、用品批發業,10803,87.43,110年=100
營業額指數,465,汽機車及其零配件、用品批發業,10804,84.96,110年=100
營業額指數,465,汽機車及其零配件、用品批發業,10805,87.75,110年=100
營業額指數,465,汽機車及其零配件、用品批發業,10806,89.75,110年=100
營業額指數,465,汽機車及其零配件、用品批發業,10807,101.49,110年=100
營業額指數,465,汽機車及其零配件、用品批發業,10808,70.44,110年=100
營業額指數,465,汽機車及其零配件、用品批發業,10809,87.59,110年=100
營業額指數,465,汽機車及其零配件、用品批發業,10810,96.55,110年=100
營業額指數,465,汽機車及其零配件、用品批發業,10811,101.57,110年=100
營業額指數,465,汽機車及其零配件、用品批發業,10812,100.34,110年=100
營業額指數,465,汽機車及其零配件、用品批發業,10901,98.42,110年=100
營業額指數,465,汽機車及其零配件、用品批發業,10902,89.31,110年=100
營業額指數,465,汽機車及其零配件、用品批發業,10903,98.33,110年=100
營業額指數,465,汽機車及其零配件、用品批發業,10904,89.12,110年=100
營業額指數,465,汽機車及其零配件、用品批發業,10905,83.71,110年=100
營業額指數,465,汽機車及其零配件、用品批發業,10906,94.70,110年=100
營業額指數,465,汽機車及其零配件、用品批發業,10907,95.93,110年=100
營業額指數,465,汽機車及其零配件、用品批發業,10908,81.42,110年=100
營業額指數,465,汽機車及其零配件、用品批發業,10909,103.83,110年=100
營業額指數,465,汽機車及其零配件、用品批發業,10910,106.43,110年=100
營業額指數,465,汽機車及其零配件、用品批發業,10911,116.79,110年=100
營業額指數,465,汽機車及其零配件、用品批發業,10912,118.70,110年=100
營業額指數,465,汽機車及其零配件、用品批發業,11001,117.65,110年=100
營業額指數,465,汽機車及其零配件、用品批發業,11002,80.19,110年=100
營業額指數,465,汽機車及其零配件、用品批發業,11003,115.59,110年=100
營業額指數,465,汽機車及其零配件、用品批發業,11004,104.22,110年=100
營業額指數,465,汽機車及其零配件、用品批發業,11005,109.43,110年=100
營業額指數,465,汽機車及其零配件、用品批發業,11006,98.32,110年=100
營業額指數,465,汽機車及其零配件、用品批發業,11007,97.93,110年=100
營業額指數,465,汽機車及其零配件、用品批發業,11008,91.07,110年=100
營業額指數,465,汽機車及其零配件、用品批發業,11009,93.02,110年=100
營業額指數,465,汽機車及其零配件、用品批發業,11010,88.79,110年=100
營業額指數,465,汽機車及其零配件、用品批發業,11011,98.66,110年=100
營業額指數,465,汽機車及其零配件、用品批發業,11012,105.14,110年=100
營業額指數,465,汽機車及其零配件、用品批發業,11101,110.72,110年=100
營業額指數,465,汽機車及其零配件、用品批發業,11102,68.52,110年=100
營業額指數,465,汽機車及其零配件、用品批發業,11103,100.16,110年=100
營業額指數,465,汽機車及其零配件、用品批發業,11104,103.63,110年=100
營業額指數,465,汽機車及其零配件、用品批發業,11105,82.61,110年=100
營業額指數,465,汽機車及其零配件、用品批發業,11106,99.82,110年=100
營業額指數,465,汽機車及其零配件、用品批發業,11107,106.60,110年=100
營業額指數,465,汽機車及其零配件、用品批發業,11108,94.25,110年=100
營業額指數,465,汽機車及其零配件、用品批發業,11109,98.81,110年=100
營業額指數,465,汽機車及其零配件、用品批發業,11110,100.77,110年=100
營業額指數,465,汽機車及其零配件、用品批發業,11111,106.25,110年=100
營業額指數,465,汽機車及其零配件、用品批發業,11112,103.80,110年=100
營業額指數,465,汽機車及其零配件、用品批發業,11201,87.31,110年=100
營業額指數,465,汽機車及其零配件、用品批發業,11202,95.68,110年=100
營業額指數,465,汽機車及其零配件、用品批發業,11203,119.39,110年=100
營業額指數,465,汽機車及其零配件、用品批發業,11204,103.48,110年=100
營業額指數,465,汽機車及其零配件、用品批發業,11205,112.06,110年=100
營業額指數,465,汽機車及其零配件、用品批發業,11206,110.57,110年=100
營業額指數,465,汽機車及其零配件、用品批發業,11207,113.25,110年=100
營業額指數,465,汽機車及其零配件、用品批發業,11208,101.18,110年=100
營業額指數,465,汽機車及其零配件、用品批發業,11209,98.48,110年=100
營業額指數,465,汽機車及其零配件、用品批發業,11210,100.85,110年=100
營業額指數,465,汽機車及其零配件、用品批發業,11211,111.83,110年=100
營業額指數,465,汽機車及其零配件、用品批發業,11212,109.52,110年=100
營業額指數,465,汽機車及其零配件、用品批發業,11301,119.32,110年=100
營業額指數,465,汽機車及其零配件、用品批發業,11302,72.46,110年=100
營業額指數,465,汽機車及其零配件、用品批發業,11303,113.15,110年=100
營業額指數,465,汽機車及其零配件、用品批發業,11304,101.35,110年=100
營業額指數,465,汽機車及其零配件、用品批發業,11305,115.14,110年=100
營業額指數,465,汽機車及其零配件、用品批發業,11306,103.49,110年=100
營業額指數,465,汽機車及其零配件、用品批發業,11307,113.58,110年=100
營業額指數,465,汽機車及其零配件、用品批發業,11308,93.72,110年=100
營業額指數,465,汽機車及其零配件、用品批發業,11309,98.64,110年=100
營業額指數,465,汽機車及其零配件、用品批發業,11310,95.28,110年=100
營業額指數,465,汽機車及其零配件、用品批發業,11311,103.13,110年=100
營業額指數,465,汽機車及其零配件、用品批發業,11312,102.41,110年=100
營業額指數,465,汽機車及其零配件、用品批發業,11401,97.89,110年=100
營業額指數,465,汽機車及其零配件、用品批發業,11402,82.80,110年=100
營業額指數,465,汽機車及其零配件、用品批發業,11403,100.83,110年=100
營業額指數,465,汽機車及其零配件、用品批發業,11404,91.33,110年=100
營業額指數,465,汽機車及其零配件、用品批發業,11405,100.65,110年=100
營業額指數,465,汽機車及其零配件、用品批發業,11406,85.46,110年=100
營業額指數,465,汽機車及其零配件、用品批發業,11407,96.29,110年=100
營業額指數,465,汽機車及其零配件、用品批發業,11408,82.57,110年=100
營業額指數,465,汽機車及其零配件、用品批發業,11409,91.41,110年=100
營業額指數,465,汽機車及其零配件、用品批發業,11410,95.25,110年=100
營業額指數,465,汽機車及其零配件、用品批發業,11411,95.06,110年=100
營業額指數,465,汽機車及其零配件、用品批發業,11412,92.43,110年=100
營業額指數,465,汽機車及其零配件、用品批發業,11501,99.47,110年=100
營業額指數,465,汽機車及其零配件、用品批發業,11502,62.42,110年=100
營業額指數,469,其他專賣批發業,08801,78.28,110年=100
營業額指數,469,其他專賣批發業,08802,77.23,110年=100
營業額指數,469,其他專賣批發業,08803,78.24,110年=100
營業額指數,469,其他專賣批發業,08804,77.78,110年=100
營業額指數,469,其他專賣批發業,08805,78.11,110年=100
營業額指數,469,其他專賣批發業,08806,76.93,110年=100
營業額指數,469,其他專賣批發業,08807,76.94,110年=100
營業額指數,469,其他專賣批發業,08808,79.55,110年=100
營業額指數,469,其他專賣批發業,08809,78.29,110年=100
營業額指數,469,其他專賣批發業,08810,77.33,110年=100
營業額指數,469,其他專賣批發業,08811,77.67,110年=100
營業額指數,469,其他專賣批發業,08812,81.49,110年=100
營業額指數,469,其他專賣批發業,08901,80.73,110年=100
營業額指數,469,其他專賣批發業,08902,78.00,110年=100
營業額指數,469,其他專賣批發業,08903,79.61,110年=100
營業額指數,469,其他專賣批發業,08904,79.46,110年=100
營業額指數,469,其他專賣批發業,08905,79.95,110年=100
營業額指數,469,其他專賣批發業,08906,81.09,110年=100
營業額指數,469,其他專賣批發業,08907,83.29,110年=100
營業額指數,469,其他專賣批發業,08908,83.47,110年=100
營業額指數,469,其他專賣批發業,08909,81.57,110年=100
營業額指數,469,其他專賣批發業,08910,82.35,110年=100
營業額指數,469,其他專賣批發業,08911,82.92,110年=100
營業額指數,469,其他專賣批發業,08912,84.01,110年=100
營業額指數,469,其他專賣批發業,09001,79.46,110年=100
營業額指數,469,其他專賣批發業,09002,82.14,110年=100
營業額指數,469,其他專賣批發業,09003,86.78,110年=100
營業額指數,469,其他專賣批發業,09004,81.08,110年=100
營業額指數,469,其他專賣批發業,09005,81.64,110年=100
營業額指數,469,其他專賣批發業,09006,79.22,110年=100
營業額指數,469,其他專賣批發業,09007,79.31,110年=100
營業額指數,469,其他專賣批發業,09008,81.62,110年=100
營業額指數,469,其他專賣批發業,09009,75.51,110年=100
營業額指數,469,其他專賣批發業,09010,78.66,110年=100
營業額指數,469,其他專賣批發業,09011,81.59,110年=100
營業額指數,469,其他專賣批發業,09012,84.37,110年=100
營業額指數,469,其他專賣批發業,09101,80.21,110年=100
營業額指數,469,其他專賣批發業,09102,75.24,110年=100
營業額指數,469,其他專賣批發業,09103,83.24,110年=100
營業額指數,469,其他專賣批發業,09104,82.64,110年=100
營業額指數,469,其他專賣批發業,09105,84.05,110年=100
營業額指數,469,其他專賣批發業,09106,82.28,110年=100
營業額指數,469,其他專賣批發業,09107,81.84,110年=100
營業額指數,469,其他專賣批發業,09108,81.29,110年=100
營業額指數,469,其他專賣批發業,09109,80.26,110年=100
營業額指數,469,其他專賣批發業,09110,79.64,110年=100
營業額指數,469,其他專賣批發業,09111,77.51,110年=100
營業額指數,469,其他專賣批發業,09112,80.33,110年=100
營業額指數,469,其他專賣批發業,09201,74.56,110年=100
營業額指數,469,其他專賣批發業,09202,65.98,110年=100
營業額指數,469,其他專賣批發業,09203,73.12,110年=100
營業額指數,469,其他專賣批發業,09204,69.50,110年=100
營業額指數,469,其他專賣批發業,09205,67.77,110年=100
營業額指數,469,其他專賣批發業,09206,69.15,110年=100
營業額指數,469,其他專賣批發業,09207,68.71,110年=100
營業額指數,469,其他專賣批發業,09208,70.21,110年=100
營業額指數,469,其他專賣批發業,09209,71.31,110年=100
營業額指數,469,其他專賣批發業,09210,74.77,110年=100
營業額指數,469,其他專賣批發業,09211,76.40,110年=100
營業額指數,469,其他專賣批發業,09212,78.83,110年=100
營業額指數,469,其他專賣批發業,09301,66.96,110年=100
營業額指數,469,其他專賣批發業,09302,64.49,110年=100
營業額指數,469,其他專賣批發業,09303,68.25,110年=100
營業額指數,469,其他專賣批發業,09304,64.94,110年=100
營業額指數,469,其他專賣批發業,09305,61.98,110年=100
營業額指數,469,其他專賣批發業,09306,64.30,110年=100
營業額指數,469,其他專賣批發業,09307,62.59,110年=100
營業額指數,469,其他專賣批發業,09308,62.55,110年=100
營業額指數,469,其他專賣批發業,09309,58.90,110年=100
營業額指數,469,其他專賣批發業,09310,62.52,110年=100
營業額指數,469,其他專賣批發業,09311,64.01,110年=100
營業額指數,469,其他專賣批發業,09312,68.15,110年=100
營業額指數,469,其他專賣批發業,09401,62.28,110年=100
營業額指數,469,其他專賣批發業,09402,53.20,110年=100
營業額指數,469,其他專賣批發業,09403,67.98,110年=100
營業額指數,469,其他專賣批發業,09404,63.02,110年=100
營業額指數,469,其他專賣批發業,09405,63.49,110年=100
營業額指數,469,其他專賣批發業,09406,60.12,110年=100
營業額指數,469,其他專賣批發業,09407,61.55,110年=100
營業額指數,469,其他專賣批發業,09408,63.32,110年=100
營業額指數,469,其他專賣批發業,09409,62.44,110年=100
營業額指數,469,其他專賣批發業,09410,63.21,110年=100
營業額指數,469,其他專賣批發業,09411,66.84,110年=100
營業額指數,469,其他專賣批發業,09412,65.60,110年=100
營業額指數,469,其他專賣批發業,09501,64.83,110年=100
營業額指數,469,其他專賣批發業,09502,56.71,110年=100
營業額指數,469,其他專賣批發業,09503,63.70,110年=100
營業額指數,469,其他專賣批發業,09504,54.93,110年=100
營業額指數,469,其他專賣批發業,09505,56.78,110年=100
營業額指數,469,其他專賣批發業,09506,53.56,110年=100
營業額指數,469,其他專賣批發業,09507,50.59,110年=100
營業額指數,469,其他專賣批發業,09508,53.16,110年=100
營業額指數,469,其他專賣批發業,09509,50.98,110年=100
營業額指數,469,其他專賣批發業,09510,51.14,110年=100
營業額指數,469,其他專賣批發業,09511,53.31,110年=100
營業額指數,469,其他專賣批發業,09512,57.57,110年=100
營業額指數,469,其他專賣批發業,09601,62.17,110年=100
營業額指數,469,其他專賣批發業,09602,49.06,110年=100
營業額指數,469,其他專賣批發業,09603,55.16,110年=100
營業額指數,469,其他專賣批發業,09604,53.31,110年=100
營業額指數,469,其他專賣批發業,09605,53.89,110年=100
營業額指數,469,其他專賣批發業,09606,50.81,110年=100
營業額指數,469,其他專賣批發業,09607,51.57,110年=100
營業額指數,469,其他專賣批發業,09608,53.64,110年=100
營業額指數,469,其他專賣批發業,09609,50.67,110年=100
營業額指數,469,其他專賣批發業,09610,52.15,110年=100
營業額指數,469,其他專賣批發業,09611,54.52,110年=100
營業額指數,469,其他專賣批發業,09612,59.20,110年=100
營業額指數,469,其他專賣批發業,09701,64.64,110年=100
營業額指數,469,其他專賣批發業,09702,48.96,110年=100
營業額指數,469,其他專賣批發業,09703,54.05,110年=100
營業額指數,469,其他專賣批發業,09704,50.71,110年=100
營業額指數,469,其他專賣批發業,09705,50.48,110年=100
營業額指數,469,其他專賣批發業,09706,49.15,110年=100
營業額指數,469,其他專賣批發業,09707,46.71,110年=100
營業額指數,469,其他專賣批發業,09708,45.55,110年=100
營業額指數,469,其他專賣批發業,09709,46.66,110年=100
營業額指數,469,其他專賣批發業,09710,49.06,110年=100
營業額指數,469,其他專賣批發業,09711,49.94,110年=100
營業額指數,469,其他專賣批發業,09712,63.01,110年=100
營業額指數,469,其他專賣批發業,09801,59.68,110年=100
營業額指數,469,其他專賣批發業,09802,65.79,110年=100
營業額指數,469,其他專賣批發業,09803,73.13,110年=100
營業額指數,469,其他專賣批發業,09804,79.06,110年=100
營業額指數,469,其他專賣批發業,09805,76.94,110年=100
營業額指數,469,其他專賣批發業,09806,85.37,110年=100
營業額指數,469,其他專賣批發業,09807,71.29,110年=100
營業額指數,469,其他專賣批發業,09808,68.54,110年=100
營業額指數,469,其他專賣批發業,09809,65.97,110年=100
營業額指數,469,其他專賣批發業,09810,62.89,110年=100
營業額指數,469,其他專賣批發業,09811,57.27,110年=100
營業額指數,469,其他專賣批發業,09812,64.36,110年=100
營業額指數,469,其他專賣批發業,09901,66.31,110年=100
營業額指數,469,其他專賣批發業,09902,58.09,110年=100
營業額指數,469,其他專賣批發業,09903,72.37,110年=100
營業額指數,469,其他專賣批發業,09904,66.81,110年=100
營業額指數,469,其他專賣批發業,09905,60.18,110年=100
營業額指數,469,其他專賣批發業,09906,75.90,110年=100
營業額指數,469,其他專賣批發業,09907,66.96,110年=100
營業額指數,469,其他專賣批發業,09908,68.78,110年=100
營業額指數,469,其他專賣批發業,09909,68.50,110年=100
營業額指數,469,其他專賣批發業,09910,65.59,110年=100
營業額指數,469,其他專賣批發業,09911,62.81,110年=100
營業額指數,469,其他專賣批發業,09912,63.52,110年=100
營業額指數,469,其他專賣批發業,10001,65.36,110年=100
營業額指數,469,其他專賣批發業,10002,56.66,110年=100
營業額指數,469,其他專賣批發業,10003,70.15,110年=100
營業額指數,469,其他專賣批發業,10004,69.61,110年=100
營業額指數,469,其他專賣批發業,10005,62.98,110年=100
營業額指數,469,其他專賣批發業,10006,76.17,110年=100
營業額指數,469,其他專賣批發業,10007,72.36,110年=100
營業額指數,469,其他專賣批發業,10008,73.66,110年=100
營業額指數,469,其他專賣批發業,10009,72.14,110年=100
營業額指數,469,其他專賣批發業,10010,69.35,110年=100
營業額指數,469,其他專賣批發業,10011,64.68,110年=100
營業額指數,469,其他專賣批發業,10012,64.59,110年=100
營業額指數,469,其他專賣批發業,10101,61.71,110年=100
營業額指數,469,其他專賣批發業,10102,70.12,110年=100
營業額指數,469,其他專賣批發業,10103,73.82,110年=100
營業額指數,469,其他專賣批發業,10104,75.44,110年=100
營業額指數,469,其他專賣批發業,10105,71.77,110年=100
營業額指數,469,其他專賣批發業,10106,80.54,110年=100
營業額指數,469,其他專賣批發業,10107,74.60,110年=100
營業額指數,469,其他專賣批發業,10108,78.70,110年=100
營業額指數,469,其他專賣批發業,10109,73.67,110年=100
營業額指數,469,其他專賣批發業,10110,82.07,110年=100
營業額指數,469,其他專賣批發業,10111,80.93,110年=100
營業額指數,469,其他專賣批發業,10112,79.97,110年=100
營業額指數,469,其他專賣批發業,10201,89.81,110年=100
營業額指數,469,其他專賣批發業,10202,73.31,110年=100
營業額指數,469,其他專賣批發業,10203,94.07,110年=100
營業額指數,469,其他專賣批發業,10204,86.22,110年=100
營業額指數,469,其他專賣批發業,10205,83.92,110年=100
營業額指數,469,其他專賣批發業,10206,73.30,110年=100
營業額指數,469,其他專賣批發業,10207,86.86,110年=100
營業額指數,469,其他專賣批發業,10208,89.12,110年=100
營業額指數,469,其他專賣批發業,10209,88.65,110年=100
營業額指數,469,其他專賣批發業,10210,90.55,110年=100
營業額指數,469,其他專賣批發業,10211,84.55,110年=100
營業額指數,469,其他專賣批發業,10212,85.96,110年=100
營業額指數,469,其他專賣批發業,10301,86.08,110年=100
營業額指數,469,其他專賣批發業,10302,79.50,110年=100
營業額指數,469,其他專賣批發業,10303,97.35,110年=100
營業額指數,469,其他專賣批發業,10304,95.53,110年=100
營業額指數,469,其他專賣批發業,10305,87.03,110年=100
營業額指數,469,其他專賣批發業,10306,78.84,110年=100
營業額指數,469,其他專賣批發業,10307,82.52,110年=100
營業額指數,469,其他專賣批發業,10308,84.63,110年=100
營業額指數,469,其他專賣批發業,10309,92.98,110年=100
營業額指數,469,其他專賣批發業,10310,97.14,110年=100
營業額指數,469,其他專賣批發業,10311,82.10,110年=100
營業額指數,469,其他專賣批發業,10312,90.76,110年=100
營業額指數,469,其他專賣批發業,10401,98.87,110年=100
營業額指數,469,其他專賣批發業,10402,73.43,110年=100
營業額指數,469,其他專賣批發業,10403,100.51,110年=100
營業額指數,469,其他專賣批發業,10404,106.58,110年=100
營業額指數,469,其他專賣批發業,10405,104.94,110年=100
營業額指數,469,其他專賣批發業,10406,105.70,110年=100
營業額指數,469,其他專賣批發業,10407,94.65,110年=100
營業額指數,469,其他專賣批發業,10408,95.21,110年=100
營業額指數,469,其他專賣批發業,10409,93.80,110年=100
營業額指數,469,其他專賣批發業,10410,105.78,110年=100
營業額指數,469,其他專賣批發業,10411,104.42,110年=100
營業額指數,469,其他專賣批發業,10412,106.77,110年=100
營業額指數,469,其他專賣批發業,10501,105.43,110年=100
營業額指數,469,其他專賣批發業,10502,81.77,110年=100
營業額指數,469,其他專賣批發業,10503,102.14,110年=100
營業額指數,469,其他專賣批發業,10504,109.64,110年=100
營業額指數,469,其他專賣批發業,10505,108.46,110年=100
營業額指數,469,其他專賣批發業,10506,105.16,110年=100
營業額指數,469,其他專賣批發業,10507,105.58,110年=100
營業額指數,469,其他專賣批發業,10508,113.73,110年=100
營業額指數,469,其他專賣批發業,10509,102.90,110年=100
營業額指數,469,其他專賣批發業,10510,103.74,110年=100
營業額指數,469,其他專賣批發業,10511,114.33,110年=100
營業額指數,469,其他專賣批發業,10512,117.61,110年=100
營業額指數,469,其他專賣批發業,10601,105.58,110年=100
營業額指數,469,其他專賣批發業,10602,98.47,110年=100
營業額指數,469,其他專賣批發業,10603,117.63,110年=100
營業額指數,469,其他專賣批發業,10604,103.28,110年=100
營業額指數,469,其他專賣批發業,10605,105.41,110年=100
營業額指數,469,其他專賣批發業,10606,112.72,110年=100
營業額指數,469,其他專賣批發業,10607,112.92,110年=100
營業額指數,469,其他專賣批發業,10608,118.17,110年=100
營業額指數,469,其他專賣批發業,10609,126.41,110年=100
營業額指數,469,其他專賣批發業,10610,115.25,110年=100
營業額指數,469,其他專賣批發業,10611,119.37,110年=100
營業額指數,469,其他專賣批發業,10612,113.59,110年=100
營業額指數,469,其他專賣批發業,10701,123.43,110年=100
營業額指數,469,其他專賣批發業,10702,94.29,110年=100
營業額指數,469,其他專賣批發業,10703,127.97,110年=100
營業額指數,469,其他專賣批發業,10704,104.73,110年=100
營業額指數,469,其他專賣批發業,10705,121.69,110年=100
營業額指數,469,其他專賣批發業,10706,117.09,110年=100
營業額指數,469,其他專賣批發業,10707,120.77,110年=100
營業額指數,469,其他專賣批發業,10708,119.42,110年=100
營業額指數,469,其他專賣批發業,10709,108.65,110年=100
營業額指數,469,其他專賣批發業,10710,117.41,110年=100
營業額指數,469,其他專賣批發業,10711,109.03,110年=100
營業額指數,469,其他專賣批發業,10712,103.75,110年=100
營業額指數,469,其他專賣批發業,10801,107.19,110年=100
營業額指數,469,其他專賣批發業,10802,74.34,110年=100
營業額指數,469,其他專賣批發業,10803,96.52,110年=100
營業額指數,469,其他專賣批發業,10804,94.22,110年=100
營業額指數,469,其他專賣批發業,10805,110.26,110年=100
營業額指數,469,其他專賣批發業,10806,92.78,110年=100
營業額指數,469,其他專賣批發業,10807,115.99,110年=100
營業額指數,469,其他專賣批發業,10808,112.79,110年=100
營業額指數,469,其他專賣批發業,10809,104.21,110年=100
營業額指數,469,其他專賣批發業,10810,116.07,110年=100
營業額指數,469,其他專賣批發業,10811,101.31,110年=100
營業額指數,469,其他專賣批發業,10812,106.19,110年=100
營業額指數,469,其他專賣批發業,10901,88.75,110年=100
營業額指數,469,其他專賣批發業,10902,86.54,110年=100
營業額指數,469,其他專賣批發業,10903,92.63,110年=100
營業額指數,469,其他專賣批發業,10904,91.93,110年=100
營業額指數,469,其他專賣批發業,10905,87.78,110年=100
營業額指數,469,其他專賣批發業,10906,89.68,110年=100
營業額指數,469,其他專賣批發業,10907,106.98,110年=100
營業額指數,469,其他專賣批發業,10908,110.66,110年=100
營業額指數,469,其他專賣批發業,10909,122.71,110年=100
營業額指數,469,其他專賣批發業,10910,118.73,110年=100
營業額指數,469,其他專賣批發業,10911,123.19,110年=100
營業額指數,469,其他專賣批發業,10912,134.44,110年=100
營業額指數,469,其他專賣批發業,11001,102.84,110年=100
營業額指數,469,其他專賣批發業,11002,88.42,110年=100
營業額指數,469,其他專賣批發業,11003,109.28,110年=100
營業額指數,469,其他專賣批發業,11004,101.10,110年=100
營業額指數,469,其他專賣批發業,11005,105.70,110年=100
營業額指數,469,其他專賣批發業,11006,99.59,110年=100
營業額指數,469,其他專賣批發業,11007,98.57,110年=100
營業額指數,469,其他專賣批發業,11008,99.75,110年=100
營業額指數,469,其他專賣批發業,11009,96.58,110年=100
營業額指數,469,其他專賣批發業,11010,93.63,110年=100
營業額指數,469,其他專賣批發業,11011,99.35,110年=100
營業額指數,469,其他專賣批發業,11012,105.19,110年=100
營業額指數,469,其他專賣批發業,11101,99.69,110年=100
營業額指數,469,其他專賣批發業,11102,81.96,110年=100
營業額指數,469,其他專賣批發業,11103,108.05,110年=100
營業額指數,469,其他專賣批發業,11104,98.64,110年=100
營業額指數,469,其他專賣批發業,11105,91.96,110年=100
營業額指數,469,其他專賣批發業,11106,83.08,110年=100
營業額指數,469,其他專賣批發業,11107,78.19,110年=100
營業額指數,469,其他專賣批發業,11108,74.79,110年=100
營業額指數,469,其他專賣批發業,11109,74.87,110年=100
營業額指數,469,其他專賣批發業,11110,77.60,110年=100
營業額指數,469,其他專賣批發業,11111,79.04,110年=100
營業額指數,469,其他專賣批發業,11112,81.69,110年=100
營業額指數,469,其他專賣批發業,11201,62.67,110年=100
營業額指數,469,其他專賣批發業,11202,79.45,110年=100
營業額指數,469,其他專賣批發業,11203,82.70,110年=100
營業額指數,469,其他專賣批發業,11204,71.01,110年=100
營業額指數,469,其他專賣批發業,11205,74.71,110年=100
營業額指數,469,其他專賣批發業,11206,73.45,110年=100
營業額指數,469,其他專賣批發業,11207,75.89,110年=100
營業額指數,469,其他專賣批發業,11208,78.37,110年=100
營業額指數,469,其他專賣批發業,11209,77.99,110年=100
營業額指數,469,其他專賣批發業,11210,78.02,110年=100
營業額指數,469,其他專賣批發業,11211,78.77,110年=100
營業額指數,469,其他專賣批發業,11212,82.81,110年=100
營業額指數,469,其他專賣批發業,11301,81.22,110年=100
營業額指數,469,其他專賣批發業,11302,63.48,110年=100
營業額指數,469,其他專賣批發業,11303,84.36,110年=100
營業額指數,469,其他專賣批發業,11304,82.35,110年=100
營業額指數,469,其他專賣批發業,11305,89.40,110年=100
營業額指數,469,其他專賣批發業,11306,81.81,110年=100
營業額指數,469,其他專賣批發業,11307,86.26,110年=100
營業額指數,469,其他專賣批發業,11308,81.73,110年=100
營業額指數,469,其他專賣批發業,11309,81.80,110年=100
營業額指數,469,其他專賣批發業,11310,78.17,110年=100
營業額指數,469,其他專賣批發業,11311,86.95,110年=100
營業額指數,469,其他專賣批發業,11312,84.28,110年=100
營業額指數,469,其他專賣批發業,11401,75.38,110年=100
營業額指數,469,其他專賣批發業,11402,83.36,110年=100
營業額指數,469,其他專賣批發業,11403,89.62,110年=100
營業額指數,469,其他專賣批發業,11404,86.79,110年=100
營業額指數,469,其他專賣批發業,11405,84.47,110年=100
營業額指數,469,其他專賣批發業,11406,80.60,110年=100
營業額指數,469,其他專賣批發業,11407,80.72,110年=100
營業額指數,469,其他專賣批發業,11408,84.28,110年=100
營業額指數,469,其他專賣批發業,11409,84.35,110年=100
營業額指數,469,其他專賣批發業,11410,86.26,110年=100
營業額指數,469,其他專賣批發業,11411,91.38,110年=100
營業額指數,469,其他專賣批發業,11412,97.65,110年=100
營業額指數,469,其他專賣批發業,11501,98.04,110年=100
營業額指數,469,其他專賣批發業,11502,83.71,110年=100
營業額指數,47_48,零售業,08801,71.50,110年=100
營業額指數,47_48,零售業,08802,76.04,110年=100
營業額指數,47_48,零售業,08803,76.29,110年=100
營業額指數,47_48,零售業,08804,75.51,110年=100
營業額指數,47_48,零售業,08805,75.12,110年=100
營業額指數,47_48,零售業,08806,75.93,110年=100
營業額指數,47_48,零售業,08807,78.14,110年=100
營業額指數,47_48,零售業,08808,76.03,110年=100
營業額指數,47_48,零售業,08809,74.92,110年=100
營業額指數,47_48,零售業,08810,73.52,110年=100
營業額指數,47_48,零售業,08811,74.69,110年=100
營業額指數,47_48,零售業,08812,78.15,110年=100
營業額指數,47_48,零售業,08901,78.86,110年=100
營業額指數,47_48,零售業,08902,77.64,110年=100
營業額指數,47_48,零售業,08903,80.56,110年=100
營業額指數,47_48,零售業,08904,78.56,110年=100
營業額指數,47_48,零售業,08905,79.14,110年=100
營業額指數,47_48,零售業,08906,80.12,110年=100
營業額指數,47_48,零售業,08907,81.95,110年=100
營業額指數,47_48,零售業,08908,81.54,110年=100
營業額指數,47_48,零售業,08909,79.35,110年=100
營業額指數,47_48,零售業,08910,78.07,110年=100
營業額指數,47_48,零售業,08911,75.87,110年=100
營業額指數,47_48,零售業,08912,78.54,110年=100
營業額指數,47_48,零售業,09001,80.75,110年=100
營業額指數,47_48,零售業,09002,78.03,110年=100
營業額指數,47_48,零售業,09003,80.29,110年=100
營業額指數,47_48,零售業,09004,76.41,110年=100
營業額指數,47_48,零售業,09005,77.78,110年=100
營業額指數,47_48,零售業,09006,77.69,110年=100
營業額指數,47_48,零售業,09007,80.51,110年=100
營業額指數,47_48,零售業,09008,80.93,110年=100
營業額指數,47_48,零售業,09009,73.68,110年=100
營業額指數,47_48,零售業,09010,75.85,110年=100
營業額指數,47_48,零售業,09011,78.59,110年=100
營業額指數,47_48,零售業,09012,82.76,110年=100
營業額指數,47_48,零售業,09101,82.86,110年=100
營業額指數,47_48,零售業,09102,78.71,110年=100
營業額指數,47_48,零售業,09103,82.79,110年=100
營業額指數,47_48,零售業,09104,80.22,110年=100
營業額指數,47_48,零售業,09105,83.30,110年=100
營業額指數,47_48,零售業,09106,80.91,110年=100
營業額指數,47_48,零售業,09107,83.97,110年=100
營業額指數,47_48,零售業,09108,82.95,110年=100
營業額指數,47_48,零售業,09109,83.43,110年=100
營業額指數,47_48,零售業,09110,82.87,110年=100
營業額指數,47_48,零售業,09111,82.93,110年=100
營業額指數,47_48,零售業,09112,86.96,110年=100
營業額指數,47_48,零售業,09201,89.41,110年=100
營業額指數,47_48,零售業,09202,78.34,110年=100
營業額指數,47_48,零售業,09203,85.13,110年=100
營業額指數,47_48,零售業,09204,81.82,110年=100
營業額指數,47_48,零售業,09205,79.85,110年=100
營業額指數,47_48,零售業,09206,84.41,110年=100
營業額指數,47_48,零售業,09207,90.95,110年=100
營業額指數,47_48,零售業,09208,87.35,110年=100
營業額指數,47_48,零售業,09209,87.53,110年=100
營業額指數,47_48,零售業,09210,88.36,110年=100
營業額指數,47_48,零售業,09211,89.65,110年=100
營業額指數,47_48,零售業,09212,93.24,110年=100
營業額指數,47_48,零售業,09301,99.44,110年=100
營業額指數,47_48,零售業,09302,86.25,110年=100
營業額指數,47_48,零售業,09303,88.46,110年=100
營業額指數,47_48,零售業,09304,89.58,110年=100
營業額指數,47_48,零售業,09305,92.19,110年=100
營業額指數,47_48,零售業,09306,91.91,110年=100
營業額指數,47_48,零售業,09307,91.06,110年=100
營業額指數,47_48,零售業,09308,89.15,110年=100
營業額指數,47_48,零售業,09309,86.67,110年=100
營業額指數,47_48,零售業,09310,90.13,110年=100
營業額指數,47_48,零售業,09311,91.44,110年=100
營業額指數,47_48,零售業,09312,95.10,110年=100
營業額指數,47_48,零售業,09401,102.13,110年=100
營業額指數,47_48,零售業,09402,90.95,110年=100
營業額指數,47_48,零售業,09403,91.61,110年=100
營業額指數,47_48,零售業,09404,91.57,110年=100
營業額指數,47_48,零售業,09405,92.26,110年=100
營業額指數,47_48,零售業,09406,92.29,110年=100
營業額指數,47_48,零售業,09407,93.72,110年=100
營業額指數,47_48,零售業,09408,88.14,110年=100
營業額指數,47_48,零售業,09409,87.76,110年=100
營業額指數,47_48,零售業,09410,88.80,110年=100
營業額指數,47_48,零售業,09411,90.94,110年=100
營業額指數,47_48,零售業,09412,98.04,110年=100
營業額指數,47_48,零售業,09501,104.72,110年=100
營業額指數,47_48,零售業,09502,86.50,110年=100
營業額指數,47_48,零售業,09503,92.45,110年=100
營業額指數,47_48,零售業,09504,90.83,110年=100
營業額指數,47_48,零售業,09505,91.21,110年=100
營業額指數,47_48,零售業,09506,90.83,110年=100
營業額指數,47_48,零售業,09507,94.76,110年=100
營業額指數,47_48,零售業,09508,89.17,110年=100
營業額指數,47_48,零售業,09509,90.22,110年=100
營業額指數,47_48,零售業,09510,95.63,110年=100
營業額指數,47_48,零售業,09511,94.80,110年=100
營業額指數,47_48,零售業,09512,99.23,110年=100
營業額指數,47_48,零售業,09601,97.93,110年=100
營業額指數,47_48,零售業,09602,92.79,110年=100
營業額指數,47_48,零售業,09603,90.97,110年=100
營業額指數,47_48,零售業,09604,89.98,110年=100
營業額指數,47_48,零售業,09605,92.62,110年=100
營業額指數,47_48,零售業,09606,91.75,110年=100
營業額指數,47_48,零售業,09607,98.87,110年=100
營業額指數,47_48,零售業,09608,91.59,110年=100
營業額指數,47_48,零售業,09609,87.89,110年=100
營業額指數,47_48,零售業,09610,89.82,110年=100
營業額指數,47_48,零售業,09611,90.25,110年=100
營業額指數,47_48,零售業,09612,97.91,110年=100
營業額指數,47_48,零售業,09701,99.51,110年=100
營業額指數,47_48,零售業,09702,88.94,110年=100
營業額指數,47_48,零售業,09703,87.02,110年=100
營業額指數,47_48,零售業,09704,86.70,110年=100
營業額指數,47_48,零售業,09705,89.12,110年=100
營業額指數,47_48,零售業,09706,83.80,110年=100
營業額指數,47_48,零售業,09707,85.46,110年=100
營業額指數,47_48,零售業,09708,82.28,110年=100
營業額指數,47_48,零售業,09709,79.46,110年=100
營業額指數,47_48,零售業,09710,83.17,110年=100
營業額指數,47_48,零售業,09711,81.06,110年=100
營業額指數,47_48,零售業,09712,86.18,110年=100
營業額指數,47_48,零售業,09801,98.34,110年=100
營業額指數,47_48,零售業,09802,80.21,110年=100
營業額指數,47_48,零售業,09803,84.14,110年=100
營業額指數,47_48,零售業,09804,83.79,110年=100
營業額指數,47_48,零售業,09805,85.87,110年=100
營業額指數,47_48,零售業,09806,85.15,110年=100
營業額指數,47_48,零售業,09807,89.05,110年=100
營業額指數,47_48,零售業,09808,85.33,110年=100
營業額指數,47_48,零售業,09809,82.28,110年=100
營業額指數,47_48,零售業,09810,89.08,110年=100
營業額指數,47_48,零售業,09811,89.54,110年=100
營業額指數,47_48,零售業,09812,96.74,110年=100
營業額指數,47_48,零售業,09901,87.42,110年=100
營業額指數,47_48,零售業,09902,89.45,110年=100
營業額指數,47_48,零售業,09903,86.14,110年=100
營業額指數,47_48,零售業,09904,87.39,110年=100
營業額指數,47_48,零售業,09905,89.75,110年=100
營業額指數,47_48,零售業,09906,88.15,110年=100
營業額指數,47_48,零售業,09907,93.50,110年=100
營業額指數,47_48,零售業,09908,91.42,110年=100
營業額指數,47_48,零售業,09909,88.08,110年=100
營業額指數,47_48,零售業,09910,94.33,110年=100
營業額指數,47_48,零售業,09911,91.09,110年=100
營業額指數,47_48,零售業,09912,96.34,110年=100
營業額指數,47_48,零售業,10001,104.97,110年=100
營業額指數,47_48,零售業,10002,85.12,110年=100
營業額指數,47_48,零售業,10003,90.47,110年=100
營業額指數,47_48,零售業,10004,90.22,110年=100
營業額指數,47_48,零售業,10005,89.30,110年=100
營業額指數,47_48,零售業,10006,89.39,110年=100
營業額指數,47_48,零售業,10007,95.29,110年=100
營業額指數,47_48,零售業,10008,91.21,110年=100
營業額指數,47_48,零售業,10009,90.76,110年=100
營業額指數,47_48,零售業,10010,95.71,110年=100
營業額指數,47_48,零售業,10011,92.09,110年=100
營業額指數,47_48,零售業,10012,97.21,110年=100
營業額指數,47_48,零售業,10101,98.61,110年=100
營業額指數,47_48,零售業,10102,85.29,110年=100
營業額指數,47_48,零售業,10103,90.58,110年=100
營業額指數,47_48,零售業,10104,89.33,110年=100
營業額指數,47_48,零售業,10105,91.14,110年=100
營業額指數,47_48,零售業,10106,87.74,110年=100
營業額指數,47_48,零售業,10107,93.62,110年=100
營業額指數,47_48,零售業,10108,87.93,110年=100
營業額指數,47_48,零售業,10109,84.92,110年=100
營業額指數,47_48,零售業,10110,92.53,110年=100
營業額指數,47_48,零售業,10111,90.39,110年=100
營業額指數,47_48,零售業,10112,95.39,110年=100
營業額指數,47_48,零售業,10201,93.49,110年=100
營業額指數,47_48,零售業,10202,86.87,110年=100
營業額指數,47_48,零售業,10203,86.41,110年=100
營業額指數,47_48,零售業,10204,88.15,110年=100
營業額指數,47_48,零售業,10205,89.78,110年=100
營業額指數,47_48,零售業,10206,88.94,110年=100
營業額指數,47_48,零售業,10207,92.21,110年=100
營業額指數,47_48,零售業,10208,89.24,110年=100
營業額指數,47_48,零售業,10209,86.96,110年=100
營業額指數,47_48,零售業,10210,94.46,110年=100
營業額指數,47_48,零售業,10211,93.76,110年=100
營業額指數,47_48,零售業,10212,96.84,110年=100
營業額指數,47_48,零售業,10301,99.74,110年=100
營業額指數,47_48,零售業,10302,82.71,110年=100
營業額指數,47_48,零售業,10303,86.85,110年=100
營業額指數,47_48,零售業,10304,88.72,110年=100
營業額指數,47_48,零售業,10305,90.90,110年=100
營業額指數,47_48,零售業,10306,91.27,110年=100
營業額指數,47_48,零售業,10307,94.36,110年=100
營業額指數,47_48,零售業,10308,89.46,110年=100
營業額指數,47_48,零售業,10309,90.09,110年=100
營業額指數,47_48,零售業,10310,96.13,110年=100
營業額指數,47_48,零售業,10311,94.30,110年=100
營業額指數,47_48,零售業,10312,100.26,110年=100
營業額指數,47_48,零售業,10401,96.29,110年=100
營業額指數,47_48,零售業,10402,94.03,110年=100
營業額指數,47_48,零售業,10403,89.73,110年=100
營業額指數,47_48,零售業,10404,90.24,110年=100
營業額指數,47_48,零售業,10405,93.07,110年=100
營業額指數,47_48,零售業,10406,92.62,110年=100
營業額指數,47_48,零售業,10407,93.69,110年=100
營業額指數,47_48,零售業,10408,89.63,110年=100
營業額指數,47_48,零售業,10409,86.00,110年=100
營業額指數,47_48,零售業,10410,95.76,110年=100
營業額指數,47_48,零售業,10411,95.35,110年=100
營業額指數,47_48,零售業,10412,99.76,110年=100
營業額指數,47_48,零售業,10501,101.19,110年=100
營業額指數,47_48,零售業,10502,88.79,110年=100
營業額指數,47_48,零售業,10503,86.59,110年=100
營業額指數,47_48,零售業,10504,88.62,110年=100
營業額指數,47_48,零售業,10505,91.40,110年=100
營業額指數,47_48,零售業,10506,91.29,110年=100
營業額指數,47_48,零售業,10507,93.75,110年=100
營業額指數,47_48,零售業,10508,88.35,110年=100
營業額指數,47_48,零售業,10509,88.25,110年=100
營業額指數,47_48,零售業,10510,92.77,110年=100
營業額指數,47_48,零售業,10511,93.82,110年=100
營業額指數,47_48,零售業,10512,98.21,110年=100
營業額指數,47_48,零售業,10601,107.60,110年=100
營業額指數,47_48,零售業,10602,81.97,110年=100
營業額指數,47_48,零售業,10603,88.47,110年=100
營業額指數,47_48,零售業,10604,89.75,110年=100
營業額指數,47_48,零售業,10605,92.62,110年=100
營業額指數,47_48,零售業,10606,88.27,110年=100
營業額指數,47_48,零售業,10607,92.63,110年=100
營業額指數,47_48,零售業,10608,91.23,110年=100
營業額指數,47_48,零售業,10609,89.89,110年=100
營業額指數,47_48,零售業,10610,98.00,110年=100
營業額指數,47_48,零售業,10611,97.96,110年=100
營業額指數,47_48,零售業,10612,102.08,110年=100
營業額指數,47_48,零售業,10701,100.36,110年=100
營業額指數,47_48,零售業,10702,94.18,110年=100
營業額指數,47_48,零售業,10703,91.12,110年=100
營業額指數,47_48,零售業,10704,89.75,110年=100
營業額指數,47_48,零售業,10705,94.12,110年=100
營業額指數,47_48,零售業,10706,90.00,110年=100
營業額指數,47_48,零售業,10707,92.58,110年=100
營業額指數,47_48,零售業,10708,89.14,110年=100
營業額指數,47_48,零售業,10709,90.47,110年=100
營業額指數,47_48,零售業,10710,97.51,110年=100
營業額指數,47_48,零售業,10711,98.57,110年=100
營業額指數,47_48,零售業,10712,104.21,110年=100
營業額指數,47_48,零售業,10801,107.25,110年=100
營業額指數,47_48,零售業,10802,85.61,110年=100
營業額指數,47_48,零售業,10803,92.04,110年=100
營業額指數,47_48,零售業,10804,93.74,110年=100
營業額指數,47_48,零售業,10805,96.30,110年=100
營業額指數,47_48,零售業,10806,93.53,110年=100
營業額指數,47_48,零售業,10807,99.16,110年=100
營業額指數,47_48,零售業,10808,93.03,110年=100
營業額指數,47_48,零售業,10809,93.36,110年=100
營業額指數,47_48,零售業,10810,102.04,110年=100
營業額指數,47_48,零售業,10811,104.15,110年=100
營業額指數,47_48,零售業,10812,105.80,110年=100
營業額指數,47_48,零售業,10901,107.53,110年=100
營業額指數,47_48,零售業,10902,85.30,110年=100
營業額指數,47_48,零售業,10903,89.81,110年=100
營業額指數,47_48,零售業,10904,86.09,110年=100
營業額指數,47_48,零售業,10905,93.35,110年=100
營業額指數,47_48,零售業,10906,94.09,110年=100
營業額指數,47_48,零售業,10907,103.04,110年=100
營業額指數,47_48,零售業,10908,101.87,110年=100
營業額指數,47_48,零售業,10909,97.86,110年=100
營業額指數,47_48,零售業,10910,106.30,110年=100
營業額指數,47_48,零售業,10911,108.74,110年=100
營業額指數,47_48,零售業,10912,108.68,110年=100
營業額指數,47_48,零售業,11001,112.56,110年=100
營業額指數,47_48,零售業,11002,95.88,110年=100
營業額指數,47_48,零售業,11003,100.54,110年=100
營業額指數,47_48,零售業,11004,99.92,110年=100
營業額指數,47_48,零售業,11005,94.72,110年=100
營業額指數,47_48,零售業,11006,81.17,110年=100
營業額指數,47_48,零售業,11007,91.77,110年=100
營業額指數,47_48,零售業,11008,95.16,110年=100
營業額指數,47_48,零售業,11009,97.50,110年=100
營業額指數,47_48,零售業,11010,109.80,110年=100
營業額指數,47_48,零售業,11011,111.94,110年=100
營業額指數,47_48,零售業,11012,109.04,110年=100
營業額指數,47_48,零售業,11101,116.79,110年=100
營業額指數,47_48,零售業,11102,93.63,110年=100
營業額指數,47_48,零售業,11103,102.20,110年=100
營業額指數,47_48,零售業,11104,100.80,110年=100
營業額指數,47_48,零售業,11105,94.48,110年=100
營業額指數,47_48,零售業,11106,94.99,110年=100
營業額指數,47_48,零售業,11107,104.21,110年=100
營業額指數,47_48,零售業,11108,104.25,110年=100
營業額指數,47_48,零售業,11109,102.77,110年=100
營業額指數,47_48,零售業,11110,110.11,110年=100
營業額指數,47_48,零售業,11111,113.15,110年=100
營業額指數,47_48,零售業,11112,117.37,110年=100
營業額指數,47_48,零售業,11201,116.22,110年=100
營業額指數,47_48,零售業,11202,95.62,110年=100
營業額指數,47_48,零售業,11203,107.37,110年=100
營業額指數,47_48,零售業,11204,105.52,110年=100
營業額指數,47_48,零售業,11205,108.47,110年=100
營業額指數,47_48,零售業,11206,107.34,110年=100
營業額指數,47_48,零售業,11207,108.65,110年=100
營業額指數,47_48,零售業,11208,106.15,110年=100
營業額指數,47_48,零售業,11209,105.89,110年=100
營業額指數,47_48,零售業,11210,111.60,110年=100
營業額指數,47_48,零售業,11211,116.96,110年=100
營業額指數,47_48,零售業,11212,114.88,110年=100
營業額指數,47_48,零售業,11301,115.67,110年=100
營業額指數,47_48,零售業,11302,101.50,110年=100
營業額指數,47_48,零售業,11303,107.68,110年=100
營業額指數,47_48,零售業,11304,105.76,110年=100
營業額指數,47_48,零售業,11305,109.14,110年=100
營業額指數,47_48,零售業,11306,108.96,110年=100
營業額指數,47_48,零售業,11307,109.31,110年=100
營業額指數,47_48,零售業,11308,104.94,110年=100
營業額指數,47_48,零售業,11309,108.06,110年=100
營業額指數,47_48,零售業,11310,109.75,110年=100
營業額指數,47_48,零售業,11311,117.35,110年=100
營業額指數,47_48,零售業,11312,116.10,110年=100
營業額指數,47_48,零售業,11401,119.73,110年=100
營業額指數,47_48,零售業,11402,95.38,110年=100
營業額指數,47_48,零售業,11403,105.40,110年=100
營業額指數,47_48,零售業,11404,103.04,110年=100
營業額指數,47_48,零售業,11405,106.61,110年=100
營業額指數,47_48,零售業,11406,104.99,110年=100
營業額指數,47_48,零售業,11407,104.57,110年=100
營業額指數,47_48,零售業,11408,104.31,110年=100
營業額指數,47_48,零售業,11409,105.86,110年=100
營業額指數,47_48,零售業,11410,111.25,110年=100
營業額指數,47_48,零售業,11411,119.00,110年=100
營業額指數,47_48,零售業,11412,116.77,110年=100
營業額指數,47_48,零售業,11501,115.13,110年=100
營業額指數,47_48,零售業,11502,102.78,110年=100
營業額指數,471,綜合商品零售業,08801,54.22,110年=100
營業額指數,471,綜合商品零售業,08802,61.23,110年=100
營業額指數,471,綜合商品零售業,08803,57.40,110年=100
營業額指數,471,綜合商品零售業,08804,56.99,110年=100
營業額指數,471,綜合商品零售業,08805,59.17,110年=100
營業額指數,471,綜合商品零售業,08806,57.04,110年=100
營業額指數,471,綜合商品零售業,08807,58.92,110年=100
營業額指數,471,綜合商品零售業,08808,57.72,110年=100
營業額指數,471,綜合商品零售業,08809,54.62,110年=100
營業額指數,471,綜合商品零售業,08810,53.50,110年=100
營業額指數,471,綜合商品零售業,08811,55.13,110年=100
營業額指數,471,綜合商品零售業,08812,60.37,110年=100
營業額指數,471,綜合商品零售業,08901,61.26,110年=100
營業額指數,471,綜合商品零售業,08902,60.41,110年=100
營業額指數,471,綜合商品零售業,08903,61.45,110年=100
營業額指數,471,綜合商品零售業,08904,61.79,110年=100
營業額指數,471,綜合商品零售業,08905,62.81,110年=100
營業額指數,471,綜合商品零售業,08906,61.95,110年=100
營業額指數,471,綜合商品零售業,08907,64.66,110年=100
營業額指數,471,綜合商品零售業,08908,65.20,110年=100
營業額指數,471,綜合商品零售業,08909,60.10,110年=100
營業額指數,471,綜合商品零售業,08910,60.19,110年=100
營業額指數,471,綜合商品零售業,08911,59.37,110年=100
營業額指數,471,綜合商品零售業,08912,62.52,110年=100
營業額指數,471,綜合商品零售業,09001,66.97,110年=100
營業額指數,471,綜合商品零售業,09002,62.05,110年=100
營業額指數,471,綜合商品零售業,09003,63.50,110年=100
營業額指數,471,綜合商品零售業,09004,60.74,110年=100
營業額指數,471,綜合商品零售業,09005,63.99,110年=100
營業額指數,471,綜合商品零售業,09006,64.25,110年=100
營業額指數,471,綜合商品零售業,09007,67.23,110年=100
營業額指數,471,綜合商品零售業,09008,69.71,110年=100
營業額指數,471,綜合商品零售業,09009,63.85,110年=100
營業額指數,471,綜合商品零售業,09010,62.57,110年=100
營業額指數,471,綜合商品零售業,09011,66.06,110年=100
營業額指數,471,綜合商品零售業,09012,69.83,110年=100
營業額指數,471,綜合商品零售業,09101,68.68,110年=100
營業額指數,471,綜合商品零售業,09102,71.86,110年=100
營業額指數,471,綜合商品零售業,09103,66.30,110年=100
營業額指數,471,綜合商品零售業,09104,61.90,110年=100
營業額指數,471,綜合商品零售業,09105,66.75,110年=100
營業額指數,471,綜合商品零售業,09106,65.65,110年=100
營業額指數,471,綜合商品零售業,09107,69.42,110年=100
營業額指數,471,綜合商品零售業,09108,73.73,110年=100
營業額指數,471,綜合商品零售業,09109,67.56,110年=100
營業額指數,471,綜合商品零售業,09110,68.01,110年=100
營業額指數,471,綜合商品零售業,09111,69.41,110年=100
營業額指數,471,綜合商品零售業,09112,71.65,110年=100
營業額指數,471,綜合商品零售業,09201,77.05,110年=100
營業額指數,471,綜合商品零售業,09202,68.62,110年=100
營業額指數,471,綜合商品零售業,09203,68.55,110年=100
營業額指數,471,綜合商品零售業,09204,65.73,110年=100
營業額指數,471,綜合商品零售業,09205,63.11,110年=100
營業額指數,471,綜合商品零售業,09206,67.87,110年=100
營業額指數,471,綜合商品零售業,09207,75.72,110年=100
營業額指數,471,綜合商品零售業,09208,76.59,110年=100
營業額指數,471,綜合商品零售業,09209,70.36,110年=100
營業額指數,471,綜合商品零售業,09210,72.40,110年=100
營業額指數,471,綜合商品零售業,09211,75.18,110年=100
營業額指數,471,綜合商品零售業,09212,76.54,110年=100
營業額指數,471,綜合商品零售業,09301,83.47,110年=100
營業額指數,471,綜合商品零售業,09302,70.96,110年=100
營業額指數,471,綜合商品零售業,09303,67.99,110年=100
營業額指數,471,綜合商品零售業,09304,70.42,110年=100
營業額指數,471,綜合商品零售業,09305,74.51,110年=100
營業額指數,471,綜合商品零售業,09306,72.00,110年=100
營業額指數,471,綜合商品零售業,09307,72.99,110年=100
營業額指數,471,綜合商品零售業,09308,77.95,110年=100
營業額指數,471,綜合商品零售業,09309,71.29,110年=100
營業額指數,471,綜合商品零售業,09310,76.58,110年=100
營業額指數,471,綜合商品零售業,09311,76.14,110年=100
營業額指數,471,綜合商品零售業,09312,77.84,110年=100
營業額指數,471,綜合商品零售業,09401,80.49,110年=100
營業額指數,471,綜合商品零售業,09402,81.38,110年=100
營業額指數,471,綜合商品零售業,09403,66.97,110年=100
營業額指數,471,綜合商品零售業,09404,69.48,110年=100
營業額指數,471,綜合商品零售業,09405,70.94,110年=100
營業額指數,471,綜合商品零售業,09406,71.16,110年=100
營業額指數,471,綜合商品零售業,09407,74.62,110年=100
營業額指數,471,綜合商品零售業,09408,74.41,110年=100
營業額指數,471,綜合商品零售業,09409,67.08,110年=100
營業額指數,471,綜合商品零售業,09410,74.15,110年=100
營業額指數,471,綜合商品零售業,09411,73.82,110年=100
營業額指數,471,綜合商品零售業,09412,78.68,110年=100
營業額指數,471,綜合商品零售業,09501,85.57,110年=100
營業額指數,471,綜合商品零售業,09502,69.34,110年=100
營業額指數,471,綜合商品零售業,09503,68.72,110年=100
營業額指數,471,綜合商品零售業,09504,71.70,110年=100
營業額指數,471,綜合商品零售業,09505,72.46,110年=100
營業額指數,471,綜合商品零售業,09506,70.08,110年=100
營業額指數,471,綜合商品零售業,09507,77.13,110年=100
營業額指數,471,綜合商品零售業,09508,76.97,110年=100
營業額指數,471,綜合商品零售業,09509,70.83,110年=100
營業額指數,471,綜合商品零售業,09510,84.27,110年=100
營業額指數,471,綜合商品零售業,09511,78.83,110年=100
營業額指數,471,綜合商品零售業,09512,77.70,110年=100
營業額指數,471,綜合商品零售業,09601,73.52,110年=100
營業額指數,471,綜合商品零售業,09602,86.70,110年=100
營業額指數,471,綜合商品零售業,09603,71.12,110年=100
營業額指數,471,綜合商品零售業,09604,71.76,110年=100
營業額指數,471,綜合商品零售業,09605,75.50,110年=100
營業額指數,471,綜合商品零售業,09606,72.71,110年=100
營業額指數,471,綜合商品零售業,09607,77.55,110年=100
營業額指數,471,綜合商品零售業,09608,78.92,110年=100
營業額指數,471,綜合商品零售業,09609,70.62,110年=100
營業額指數,471,綜合商品零售業,09610,76.63,110年=100
營業額指數,471,綜合商品零售業,09611,79.35,110年=100
營業額指數,471,綜合商品零售業,09612,79.72,110年=100
營業額指數,471,綜合商品零售業,09701,78.35,110年=100
營業額指數,471,綜合商品零售業,09702,84.55,110年=100
營業額指數,471,綜合商品零售業,09703,69.79,110年=100
營業額指數,471,綜合商品零售業,09704,70.42,110年=100
營業額指數,471,綜合商品零售業,09705,73.80,110年=100
營業額指數,471,綜合商品零售業,09706,68.60,110年=100
營業額指數,471,綜合商品零售業,09707,71.15,110年=100
營業額指數,471,綜合商品零售業,09708,75.64,110年=100
營業額指數,471,綜合商品零售業,09709,68.10,110年=100
營業額指數,471,綜合商品零售業,09710,76.38,110年=100
營業額指數,471,綜合商品零售業,09711,76.62,110年=100
營業額指數,471,綜合商品零售業,09712,74.45,110年=100
營業額指數,471,綜合商品零售業,09801,95.17,110年=100
營業額指數,471,綜合商品零售業,09802,69.08,110年=100
營業額指數,471,綜合商品零售業,09803,70.46,110年=100
營業額指數,471,綜合商品零售業,09804,71.49,110年=100
營業額指數,471,綜合商品零售業,09805,76.49,110年=100
營業額指數,471,綜合商品零售業,09806,70.01,110年=100
營業額指數,471,綜合商品零售業,09807,74.47,110年=100
營業額指數,471,綜合商品零售業,09808,77.54,110年=100
營業額指數,471,綜合商品零售業,09809,70.02,110年=100
營業額指數,471,綜合商品零售業,09810,83.17,110年=100
營業額指數,471,綜合商品零售業,09811,81.47,110年=100
營業額指數,471,綜合商品零售業,09812,79.08,110年=100
營業額指數,471,綜合商品零售業,09901,78.17,110年=100
營業額指數,471,綜合商品零售業,09902,88.35,110年=100
營業額指數,471,綜合商品零售業,09903,72.35,110年=100
營業額指數,471,綜合商品零售業,09904,74.51,110年=100
營業額指數,471,綜合商品零售業,09905,78.08,110年=100
營業額指數,471,綜合商品零售業,09906,72.35,110年=100
營業額指數,471,綜合商品零售業,09907,78.98,110年=100
營業額指數,471,綜合商品零售業,09908,84.13,110年=100
營業額指數,471,綜合商品零售業,09909,75.79,110年=100
營業額指數,471,綜合商品零售業,09910,90.67,110年=100
營業額指數,471,綜合商品零售業,09911,84.63,110年=100
營業額指數,471,綜合商品零售業,09912,84.53,110年=100
營業額指數,471,綜合商品零售業,10001,92.02,110年=100
營業額指數,471,綜合商品零售業,10002,81.47,110年=100
營業額指數,471,綜合商品零售業,10003,73.83,110年=100
營業額指數,471,綜合商品零售業,10004,79.65,110年=100
營業額指數,471,綜合商品零售業,10005,79.60,110年=100
營業額指數,471,綜合商品零售業,10006,75.11,110年=100
營業額指數,471,綜合商品零售業,10007,82.23,110年=100
營業額指數,471,綜合商品零售業,10008,84.75,110年=100
營業額指數,471,綜合商品零售業,10009,79.97,110年=100
營業額指數,471,綜合商品零售業,10010,94.95,110年=100
營業額指數,471,綜合商品零售業,10011,87.88,110年=100
營業額指數,471,綜合商品零售業,10012,87.64,110年=100
營業額指數,471,綜合商品零售業,10101,98.60,110年=100
營業額指數,471,綜合商品零售業,10102,77.53,110年=100
營業額指數,471,綜合商品零售業,10103,78.28,110年=100
營業額指數,471,綜合商品零售業,10104,82.09,110年=100
營業額指數,471,綜合商品零售業,10105,82.90,110年=100
營業額指數,471,綜合商品零售業,10106,79.17,110年=100
營業額指數,471,綜合商品零售業,10107,84.49,110年=100
營業額指數,471,綜合商品零售業,10108,84.79,110年=100
營業額指數,471,綜合商品零售業,10109,77.55,110年=100
營業額指數,471,綜合商品零售業,10110,92.62,110年=100
營業額指數,471,綜合商品零售業,10111,86.81,110年=100
營業額指數,471,綜合商品零售業,10112,87.06,110年=100
營業額指數,471,綜合商品零售業,10201,83.49,110年=100
營業額指數,471,綜合商品零售業,10202,88.17,110年=100
營業額指數,471,綜合商品零售業,10203,78.85,110年=100
營業額指數,471,綜合商品零售業,10204,81.90,110年=100
營業額指數,471,綜合商品零售業,10205,83.83,110年=100
營業額指數,471,綜合商品零售業,10206,82.28,110年=100
營業額指數,471,綜合商品零售業,10207,84.75,110年=100
營業額指數,471,綜合商品零售業,10208,90.06,110年=100
營業額指數,471,綜合商品零售業,10209,82.82,110年=100
營業額指數,471,綜合商品零售業,10210,94.24,110年=100
營業額指數,471,綜合商品零售業,10211,90.89,110年=100
營業額指數,471,綜合商品零售業,10212,88.19,110年=100
營業額指數,471,綜合商品零售業,10301,95.92,110年=100
營業額指數,471,綜合商品零售業,10302,79.83,110年=100
營業額指數,471,綜合商品零售業,10303,80.99,110年=100
營業額指數,471,綜合商品零售業,10304,83.93,110年=100
營業額指數,471,綜合商品零售業,10305,87.49,110年=100
營業額指數,471,綜合商品零售業,10306,83.80,110年=100
營業額指數,471,綜合商品零售業,10307,89.30,110年=100
營業額指數,471,綜合商品零售業,10308,90.40,110年=100
營業額指數,471,綜合商品零售業,10309,85.77,110年=100
營業額指數,471,綜合商品零售業,10310,96.41,110年=100
營業額指數,471,綜合商品零售業,10311,96.06,110年=100
營業額指數,471,綜合商品零售業,10312,95.97,110年=100
營業額指數,471,綜合商品零售業,10401,90.03,110年=100
營業額指數,471,綜合商品零售業,10402,102.18,110年=100
營業額指數,471,綜合商品零售業,10403,85.70,110年=100
營業額指數,471,綜合商品零售業,10404,90.03,110年=100
營業額指數,471,綜合商品零售業,10405,95.02,110年=100
營業額指數,471,綜合商品零售業,10406,88.83,110年=100
營業額指數,471,綜合商品零售業,10407,91.21,110年=100
營業額指數,471,綜合商品零售業,10408,98.01,110年=100
營業額指數,471,綜合商品零售業,10409,88.10,110年=100
營業額指數,471,綜合商品零售業,10410,100.99,110年=100
營業額指數,471,綜合商品零售業,10411,99.51,110年=100
營業額指數,471,綜合商品零售業,10412,97.54,110年=100
營業額指數,471,綜合商品零售業,10501,102.31,110年=100
營業額指數,471,綜合商品零售業,10502,101.14,110年=100
營業額指數,471,綜合商品零售業,10503,84.41,110年=100
營業額指數,471,綜合商品零售業,10504,92.36,110年=100
營業額指數,471,綜合商品零售業,10505,94.98,110年=100
營業額指數,471,綜合商品零售業,10506,90.52,110年=100
營業額指數,471,綜合商品零售業,10507,97.19,110年=100
營業額指數,471,綜合商品零售業,10508,96.46,110年=100
營業額指數,471,綜合商品零售業,10509,93.67,110年=100
營業額指數,471,綜合商品零售業,10510,100.77,110年=100
營業額指數,471,綜合商品零售業,10511,97.54,110年=100
營業額指數,471,綜合商品零售業,10512,98.71,110年=100
營業額指數,471,綜合商品零售業,10601,110.30,110年=100
營業額指數,471,綜合商品零售業,10602,84.87,110年=100
營業額指數,471,綜合商品零售業,10603,87.03,110年=100
營業額指數,471,綜合商品零售業,10604,93.63,110年=100
營業額指數,471,綜合商品零售業,10605,96.96,110年=100
營業額指數,471,綜合商品零售業,10606,89.24,110年=100
營業額指數,471,綜合商品零售業,10607,95.25,110年=100
營業額指數,471,綜合商品零售業,10608,96.36,110年=100
營業額指數,471,綜合商品零售業,10609,95.39,110年=100
營業額指數,471,綜合商品零售業,10610,109.40,110年=100
營業額指數,471,綜合商品零售業,10611,101.63,110年=100
營業額指數,471,綜合商品零售業,10612,100.55,110年=100
營業額指數,471,綜合商品零售業,10701,95.45,110年=100
營業額指數,471,綜合商品零售業,10702,104.81,110年=100
營業額指數,471,綜合商品零售業,10703,89.20,110年=100
營業額指數,471,綜合商品零售業,10704,94.61,110年=100
營業額指數,471,綜合商品零售業,10705,96.84,110年=100
營業額指數,471,綜合商品零售業,10706,91.43,110年=100
營業額指數,471,綜合商品零售業,10707,95.24,110年=100
營業額指數,471,綜合商品零售業,10708,100.22,110年=100
營業額指數,471,綜合商品零售業,10709,94.96,110年=100
營業額指數,471,綜合商品零售業,10710,106.04,110年=100
營業額指數,471,綜合商品零售業,10711,103.18,110年=100
營業額指數,471,綜合商品零售業,10712,105.17,110年=100
營業額指數,471,綜合商品零售業,10801,104.83,110年=100
營業額指數,471,綜合商品零售業,10802,97.82,110年=100
營業額指數,471,綜合商品零售業,10803,93.79,110年=100
營業額指數,471,綜合商品零售業,10804,98.38,110年=100
營業額指數,471,綜合商品零售業,10805,100.24,110年=100
營業額指數,471,綜合商品零售業,10806,96.24,110年=100
營業額指數,471,綜合商品零售業,10807,100.31,110年=100
營業額指數,471,綜合商品零售業,10808,105.68,110年=100
營業額指數,471,綜合商品零售業,10809,96.48,110年=100
營業額指數,471,綜合商品零售業,10810,110.46,110年=100
營業額指數,471,綜合商品零售業,10811,107.97,110年=100
營業額指數,471,綜合商品零售業,10812,103.84,110年=100
營業額指數,471,綜合商品零售業,10901,115.91,110年=100
營業額指數,471,綜合商品零售業,10902,87.10,110年=100
營業額指數,471,綜合商品零售業,10903,92.35,110年=100
營業額指數,471,綜合商品零售業,10904,90.41,110年=100
營業額指數,471,綜合商品零售業,10905,99.49,110年=100
營業額指數,471,綜合商品零售業,10906,94.99,110年=100
營業額指數,471,綜合商品零售業,10907,107.39,110年=100
營業額指數,471,綜合商品零售業,10908,111.31,110年=100
營業額指數,471,綜合商品零售業,10909,99.70,110年=100
營業額指數,471,綜合商品零售業,10910,117.77,110年=100
營業額指數,471,綜合商品零售業,10911,108.38,110年=100
營業額指數,471,綜合商品零售業,10912,105.56,110年=100
營業額指數,471,綜合商品零售業,11001,107.88,110年=100
營業額指數,471,綜合商品零售業,11002,101.61,110年=100
營業額指數,471,綜合商品零售業,11003,95.81,110年=100
營業額指數,471,綜合商品零售業,11004,102.76,110年=100
營業額指數,471,綜合商品零售業,11005,96.00,110年=100
營業額指數,471,綜合商品零售業,11006,78.28,110年=100
營業額指數,471,綜合商品零售業,11007,88.17,110年=100
營業額指數,471,綜合商品零售業,11008,98.19,110年=100
營業額指數,471,綜合商品零售業,11009,94.70,110年=100
營業額指數,471,綜合商品零售業,11010,118.86,110年=100
營業額指數,471,綜合商品零售業,11011,110.41,110年=100
營業額指數,471,綜合商品零售業,11012,107.34,110年=100
營業額指數,471,綜合商品零售業,11101,114.66,110年=100
營業額指數,471,綜合商品零售業,11102,94.68,110年=100
營業額指數,471,綜合商品零售業,11103,96.77,110年=100
營業額指數,471,綜合商品零售業,11104,99.68,110年=100
營業額指數,471,綜合商品零售業,11105,93.40,110年=100
營業額指數,471,綜合商品零售業,11106,94.01,110年=100
營業額指數,471,綜合商品零售業,11107,106.35,110年=100
營業額指數,471,綜合商品零售業,11108,107.56,110年=100
營業額指數,471,綜合商品零售業,11109,103.28,110年=100
營業額指數,471,綜合商品零售業,11110,117.87,110年=100
營業額指數,471,綜合商品零售業,11111,112.06,110年=100
營業額指數,471,綜合商品零售業,11112,115.69,110年=100
營業額指數,471,綜合商品零售業,11201,125.99,110年=100
營業額指數,471,綜合商品零售業,11202,94.05,110年=100
營業額指數,471,綜合商品零售業,11203,100.70,110年=100
營業額指數,471,綜合商品零售業,11204,108.46,110年=100
營業額指數,471,綜合商品零售業,11205,107.03,110年=100
營業額指數,471,綜合商品零售業,11206,103.39,110年=100
營業額指數,471,綜合商品零售業,11207,112.02,110年=100
營業額指數,471,綜合商品零售業,11208,113.28,110年=100
營業額指數,471,綜合商品零售業,11209,108.33,110年=100
營業額指數,471,綜合商品零售業,11210,118.75,110年=100
營業額指數,471,綜合商品零售業,11211,114.86,110年=100
營業額指數,471,綜合商品零售業,11212,113.69,110年=100
營業額指數,471,綜合商品零售業,11301,114.14,110年=100
營業額指數,471,綜合商品零售業,11302,112.24,110年=100
營業額指數,471,綜合商品零售業,11303,104.41,110年=100
營業額指數,471,綜合商品零售業,11304,108.59,110年=100
營業額指數,471,綜合商品零售業,11305,108.23,110年=100
營業額指數,471,綜合商品零售業,11306,107.15,110年=100
營業額指數,471,綜合商品零售業,11307,111.76,110年=100
營業額指數,471,綜合商品零售業,11308,115.40,110年=100
營業額指數,471,綜合商品零售業,11309,112.95,110年=100
營業額指數,471,綜合商品零售業,11310,122.51,110年=100
營業額指數,471,綜合商品零售業,11311,119.64,110年=100
營業額指數,471,綜合商品零售業,11312,117.39,110年=100
營業額指數,471,綜合商品零售業,11401,130.20,110年=100
營業額指數,471,綜合商品零售業,11402,97.56,110年=100
營業額指數,471,綜合商品零售業,11403,106.01,110年=100
營業額指數,471,綜合商品零售業,11404,109.03,110年=100
營業額指數,471,綜合商品零售業,11405,114.20,110年=100
營業額指數,471,綜合商品零售業,11406,108.29,110年=100
營業額指數,471,綜合商品零售業,11407,111.84,110年=100
營業額指數,471,綜合商品零售業,11408,117.60,110年=100
營業額指數,471,綜合商品零售業,11409,114.41,110年=100
營業額指數,471,綜合商品零售業,11410,125.51,110年=100
營業額指數,471,綜合商品零售業,11411,127.47,110年=100
營業額指數,471,綜合商品零售業,11412,117.48,110年=100
營業額指數,471,綜合商品零售業,11501,121.28,110年=100
營業額指數,471,綜合商品零售業,11502,119.95,110年=100
營業額指數,4711,百貨公司業,08801,57.95,110年=100
營業額指數,4711,百貨公司業,08802,66.26,110年=100
營業額指數,4711,百貨公司業,08803,54.29,110年=100
營業額指數,4711,百貨公司業,08804,52.62,110年=100
營業額指數,4711,百貨公司業,08805,55.81,110年=100
營業額指數,4711,百貨公司業,08806,47.05,110年=100
營業額指數,4711,百貨公司業,08807,50.08,110年=100
營業額指數,4711,百貨公司業,08808,48.80,110年=100
營業額指數,4711,百貨公司業,08809,44.32,110年=100
營業額指數,4711,百貨公司業,08810,44.89,110年=100
營業額指數,4711,百貨公司業,08811,51.40,110年=100
營業額指數,4711,百貨公司業,08812,62.40,110年=100
營業額指數,4711,百貨公司業,08901,61.52,110年=100
營業額指數,4711,百貨公司業,08902,64.27,110年=100
營業額指數,4711,百貨公司業,08903,62.40,110年=100
營業額指數,4711,百貨公司業,08904,62.21,110年=100
營業額指數,4711,百貨公司業,08905,62.62,110年=100
營業額指數,4711,百貨公司業,08906,53.35,110年=100
營業額指數,4711,百貨公司業,08907,57.78,110年=100
營業額指數,4711,百貨公司業,08908,55.86,110年=100
營業額指數,4711,百貨公司業,08909,47.63,110年=100
營業額指數,4711,百貨公司業,08910,50.19,110年=100
營業額指數,4711,百貨公司業,08911,54.73,110年=100
營業額指數,4711,百貨公司業,08912,56.27,110年=100
營業額指數,4711,百貨公司業,09001,63.94,110年=100
營業額指數,4711,百貨公司業,09002,58.80,110年=100
營業額指數,4711,百貨公司業,09003,55.60,110年=100
營業額指數,4711,百貨公司業,09004,54.06,110年=100
營業額指數,4711,百貨公司業,09005,57.55,110年=100
營業額指數,4711,百貨公司業,09006,58.11,110年=100
營業額指數,4711,百貨公司業,09007,60.55,110年=100
營業額指數,4711,百貨公司業,09008,61.80,110年=100
營業額指數,4711,百貨公司業,09009,52.72,110年=100
營業額指數,4711,百貨公司業,09010,58.67,110年=100
營業額指數,4711,百貨公司業,09011,73.40,110年=100
營業額指數,4711,百貨公司業,09012,70.67,110年=100
營業額指數,4711,百貨公司業,09101,66.73,110年=100
營業額指數,4711,百貨公司業,09102,77.57,110年=100
營業額指數,4711,百貨公司業,09103,64.10,110年=100
營業額指數,4711,百貨公司業,09104,56.65,110年=100
營業額指數,4711,百貨公司業,09105,62.96,110年=100
營業額指數,4711,百貨公司業,09106,59.93,110年=100
營業額指數,4711,百貨公司業,09107,65.70,110年=100
營業額指數,4711,百貨公司業,09108,70.59,110年=100
營業額指數,4711,百貨公司業,09109,61.31,110年=100
營業額指數,4711,百貨公司業,09110,66.79,110年=100
營業額指數,4711,百貨公司業,09111,83.14,110年=100
營業額指數,4711,百貨公司業,09112,76.62,110年=100
營業額指數,4711,百貨公司業,09201,81.22,110年=100
營業額指數,4711,百貨公司業,09202,72.50,110年=100
營業額指數,4711,百貨公司業,09203,63.05,110年=100
營業額指數,4711,百貨公司業,09204,57.55,110年=100
營業額指數,4711,百貨公司業,09205,48.46,110年=100
營業額指數,4711,百貨公司業,09206,59.26,110年=100
營業額指數,4711,百貨公司業,09207,69.37,110年=100
營業額指數,4711,百貨公司業,09208,69.37,110年=100
營業額指數,4711,百貨公司業,09209,57.48,110年=100
營業額指數,4711,百貨公司業,09210,72.96,110年=100
營業額指數,4711,百貨公司業,09211,87.60,110年=100
營業額指數,4711,百貨公司業,09212,85.88,110年=100
營業額指數,4711,百貨公司業,09301,99.50,110年=100
營業額指數,4711,百貨公司業,09302,71.95,110年=100
營業額指數,4711,百貨公司業,09303,59.38,110年=100
營業額指數,4711,百貨公司業,09304,72.45,110年=100
營業額指數,4711,百貨公司業,09305,74.34,110年=100
營業額指數,4711,百貨公司業,09306,64.74,110年=100
營業額指數,4711,百貨公司業,09307,66.27,110年=100
營業額指數,4711,百貨公司業,09308,68.70,110年=100
營業額指數,4711,百貨公司業,09309,58.71,110年=100
營業額指數,4711,百貨公司業,09310,90.24,110年=100
營業額指數,4711,百貨公司業,09311,88.83,110年=100
營業額指數,4711,百貨公司業,09312,87.09,110年=100
營業額指數,4711,百貨公司業,09401,86.67,110年=100
營業額指數,4711,百貨公司業,09402,90.94,110年=100
營業額指數,4711,百貨公司業,09403,62.73,110年=100
營業額指數,4711,百貨公司業,09404,71.29,110年=100
營業額指數,4711,百貨公司業,09405,68.90,110年=100
營業額指數,4711,百貨公司業,09406,65.56,110年=100
營業額指數,4711,百貨公司業,09407,69.99,110年=100
營業額指數,4711,百貨公司業,09408,68.12,110年=100
營業額指數,4711,百貨公司業,09409,57.22,110年=100
營業額指數,4711,百貨公司業,09410,87.75,110年=100
營業額指數,4711,百貨公司業,09411,88.65,110年=100
營業額指數,4711,百貨公司業,09412,95.69,110年=100
營業額指數,4711,百貨公司業,09501,89.27,110年=100
營業額指數,4711,百貨公司業,09502,71.15,110年=100
營業額指數,4711,百貨公司業,09503,59.28,110年=100
營業額指數,4711,百貨公司業,09504,71.66,110年=100
營業額指數,4711,百貨公司業,09505,69.11,110年=100
營業額指數,4711,百貨公司業,09506,62.24,110年=100
營業額指數,4711,百貨公司業,09507,69.11,110年=100
營業額指數,4711,百貨公司業,09508,67.72,110年=100
營業額指數,4711,百貨公司業,09509,58.16,110年=100
營業額指數,4711,百貨公司業,09510,102.77,110年=100
營業額指數,4711,百貨公司業,09511,96.83,110年=100
營業額指數,4711,百貨公司業,09512,81.85,110年=100
營業額指數,4711,百貨公司業,09601,70.75,110年=100
營業額指數,4711,百貨公司業,09602,95.24,110年=100
營業額指數,4711,百貨公司業,09603,62.76,110年=100
營業額指數,4711,百貨公司業,09604,72.61,110年=100
營業額指數,4711,百貨公司業,09605,72.01,110年=100
營業額指數,4711,百貨公司業,09606,65.92,110年=100
營業額指數,4711,百貨公司業,09607,70.62,110年=100
營業額指數,4711,百貨公司業,09608,67.59,110年=100
營業額指數,4711,百貨公司業,09609,60.58,110年=100
營業額指數,4711,百貨公司業,09610,90.16,110年=100
營業額指數,4711,百貨公司業,09611,107.04,110年=100
營業額指數,4711,百貨公司業,09612,92.60,110年=100
營業額指數,4711,百貨公司業,09701,74.79,110年=100
營業額指數,4711,百貨公司業,09702,91.39,110年=100
營業額指數,4711,百貨公司業,09703,60.74,110年=100
營業額指數,4711,百貨公司業,09704,70.54,110年=100
營業額指數,4711,百貨公司業,09705,72.80,110年=100
營業額指數,4711,百貨公司業,09706,61.04,110年=100
營業額指數,4711,百貨公司業,09707,63.75,110年=100
營業額指數,4711,百貨公司業,09708,66.53,110年=100
營業額指數,4711,百貨公司業,09709,57.47,110年=100
營業額指數,4711,百貨公司業,09710,91.73,110年=100
營業額指數,4711,百貨公司業,09711,94.94,110年=100
營業額指數,4711,百貨公司業,09712,79.20,110年=100
營業額指數,4711,百貨公司業,09801,96.30,110年=100
營業額指數,4711,百貨公司業,09802,63.26,110年=100
營業額指數,4711,百貨公司業,09803,58.71,110年=100
營業額指數,4711,百貨公司業,09804,72.00,110年=100
營業額指數,4711,百貨公司業,09805,75.59,110年=100
營業額指數,4711,百貨公司業,09806,64.05,110年=100
營業額指數,4711,百貨公司業,09807,68.33,110年=100
營業額指數,4711,百貨公司業,09808,64.74,110年=100
營業額指數,4711,百貨公司業,09809,61.81,110年=100
營業額指數,4711,百貨公司業,09810,108.44,110年=100
營業額指數,4711,百貨公司業,09811,106.94,110年=100
營業額指數,4711,百貨公司業,09812,86.69,110年=100
營業額指數,4711,百貨公司業,09901,74.73,110年=100
營業額指數,4711,百貨公司業,09902,91.55,110年=100
營業額指數,4711,百貨公司業,09903,62.30,110年=100
營業額指數,4711,百貨公司業,09904,78.50,110年=100
營業額指數,4711,百貨公司業,09905,76.73,110年=100
營業額指數,4711,百貨公司業,09906,64.36,110年=100
營業額指數,4711,百貨公司業,09907,73.10,110年=100
營業額指數,4711,百貨公司業,09908,71.46,110年=100
營業額指數,4711,百貨公司業,09909,65.98,110年=100
營業額指數,4711,百貨公司業,09910,122.09,110年=100
營業額指數,4711,百貨公司業,09911,111.46,110年=100
營業額指數,4711,百貨公司業,09912,93.67,110年=100
營業額指數,4711,百貨公司業,10001,93.51,110年=100
營業額指數,4711,百貨公司業,10002,88.21,110年=100
營業額指數,4711,百貨公司業,10003,62.22,110年=100
營業額指數,4711,百貨公司業,10004,87.15,110年=100
營業額指數,4711,百貨公司業,10005,78.78,110年=100
營業額指數,4711,百貨公司業,10006,68.56,110年=100
營業額指數,4711,百貨公司業,10007,77.12,110年=100
營業額指數,4711,百貨公司業,10008,72.77,110年=100
營業額指數,4711,百貨公司業,10009,70.72,110年=100
營業額指數,4711,百貨公司業,10010,129.99,110年=100
營業額指數,4711,百貨公司業,10011,109.96,110年=100
營業額指數,4711,百貨公司業,10012,97.55,110年=100
營業額指數,4711,百貨公司業,10101,105.08,110年=100
營業額指數,4711,百貨公司業,10102,76.12,110年=100
營業額指數,4711,百貨公司業,10103,69.01,110年=100
營業額指數,4711,百貨公司業,10104,88.04,110年=100
營業額指數,4711,百貨公司業,10105,83.31,110年=100
營業額指數,4711,百貨公司業,10106,68.93,110年=100
營業額指數,4711,百貨公司業,10107,79.54,110年=100
營業額指數,4711,百貨公司業,10108,69.04,110年=100
營業額指數,4711,百貨公司業,10109,69.56,110年=100
營業額指數,4711,百貨公司業,10110,127.69,110年=100
營業額指數,4711,百貨公司業,10111,109.00,110年=100
營業額指數,4711,百貨公司業,10112,94.52,110年=100
營業額指數,4711,百貨公司業,10201,79.54,110年=100
營業額指數,4711,百貨公司業,10202,90.06,110年=100
營業額指數,4711,百貨公司業,10203,70.92,110年=100
營業額指數,4711,百貨公司業,10204,86.40,110年=100
營業額指數,4711,百貨公司業,10205,84.07,110年=100
營業額指數,4711,百貨公司業,10206,76.31,110年=100
營業額指數,4711,百貨公司業,10207,74.68,110年=100
營業額指數,4711,百貨公司業,10208,76.97,110年=100
營業額指數,4711,百貨公司業,10209,80.20,110年=100
營業額指數,4711,百貨公司業,10210,127.39,110年=100
營業額指數,4711,百貨公司業,10211,120.32,110年=100
營業額指數,4711,百貨公司業,10212,95.80,110年=100
營業額指數,4711,百貨公司業,10301,96.65,110年=100
營業額指數,4711,百貨公司業,10302,83.04,110年=100
營業額指數,4711,百貨公司業,10303,72.14,110年=100
營業額指數,4711,百貨公司業,10304,89.39,110年=100
營業額指數,4711,百貨公司業,10305,88.78,110年=100
營業額指數,4711,百貨公司業,10306,76.47,110年=100
營業額指數,4711,百貨公司業,10307,79.47,110年=100
營業額指數,4711,百貨公司業,10308,78.71,110年=100
營業額指數,4711,百貨公司業,10309,83.46,110年=100
營業額指數,4711,百貨公司業,10310,132.82,110年=100
營業額指數,4711,百貨公司業,10311,125.49,110年=100
營業額指數,4711,百貨公司業,10312,108.31,110年=100
營業額指數,4711,百貨公司業,10401,87.04,110年=100
營業額指數,4711,百貨公司業,10402,109.74,110年=100
營業額指數,4711,百貨公司業,10403,80.27,110年=100
營業額指數,4711,百貨公司業,10404,98.46,110年=100
營業額指數,4711,百貨公司業,10405,98.45,110年=100
營業額指數,4711,百貨公司業,10406,83.28,110年=100
營業額指數,4711,百貨公司業,10407,84.46,110年=100
營業額指數,4711,百貨公司業,10408,82.90,110年=100
營業額指數,4711,百貨公司業,10409,83.17,110年=100
營業額指數,4711,百貨公司業,10410,137.28,110年=100
營業額指數,4711,百貨公司業,10411,128.93,110年=100
營業額指數,4711,百貨公司業,10412,109.59,110年=100
營業額指數,4711,百貨公司業,10501,102.88,110年=100
營業額指數,4711,百貨公司業,10502,109.28,110年=100
營業額指數,4711,百貨公司業,10503,79.36,110年=100
營業額指數,4711,百貨公司業,10504,102.13,110年=100
營業額指數,4711,百貨公司業,10505,96.34,110年=100
營業額指數,4711,百貨公司業,10506,84.99,110年=100
營業額指數,4711,百貨公司業,10507,92.72,110年=100
營業額指數,4711,百貨公司業,10508,82.31,110年=100
營業額指數,4711,百貨公司業,10509,93.31,110年=100
營業額指數,4711,百貨公司業,10510,129.68,110年=100
營業額指數,4711,百貨公司業,10511,124.62,110年=100
營業額指數,4711,百貨公司業,10512,111.12,110年=100
營業額指數,4711,百貨公司業,10601,110.86,110年=100
營業額指數,4711,百貨公司業,10602,86.61,110年=100
營業額指數,4711,百貨公司業,10603,80.40,110年=100
營業額指數,4711,百貨公司業,10604,103.61,110年=100
營業額指數,4711,百貨公司業,10605,101.31,110年=100
營業額指數,4711,百貨公司業,10606,80.10,110年=100
營業額指數,4711,百貨公司業,10607,88.77,110年=100
營業額指數,4711,百貨公司業,10608,83.48,110年=100
營業額指數,4711,百貨公司業,10609,88.82,110年=100
營業額指數,4711,百貨公司業,10610,141.39,110年=100
營業額指數,4711,百貨公司業,10611,134.17,110年=100
營業額指數,4711,百貨公司業,10612,115.54,110年=100
營業額指數,4711,百貨公司業,10701,86.92,110年=100
營業額指數,4711,百貨公司業,10702,110.62,110年=100
營業額指數,4711,百貨公司業,10703,81.97,110年=100
營業額指數,4711,百貨公司業,10704,102.48,110年=100
營業額指數,4711,百貨公司業,10705,98.31,110年=100
營業額指數,4711,百貨公司業,10706,83.21,110年=100
營業額指數,4711,百貨公司業,10707,87.09,110年=100
營業額指數,4711,百貨公司業,10708,85.94,110年=100
營業額指數,4711,百貨公司業,10709,89.75,110年=100
營業額指數,4711,百貨公司業,10710,139.14,110年=100
營業額指數,4711,百貨公司業,10711,131.18,110年=100
營業額指數,4711,百貨公司業,10712,117.10,110年=100
營業額指數,4711,百貨公司業,10801,100.06,110年=100
營業額指數,4711,百貨公司業,10802,102.04,110年=100
營業額指數,4711,百貨公司業,10803,88.64,110年=100
營業額指數,4711,百貨公司業,10804,106.84,110年=100
營業額指數,4711,百貨公司業,10805,103.23,110年=100
營業額指數,4711,百貨公司業,10806,90.40,110年=100
營業額指數,4711,百貨公司業,10807,92.06,110年=100
營業額指數,4711,百貨公司業,10808,93.33,110年=100
營業額指數,4711,百貨公司業,10809,91.74,110年=100
營業額指數,4711,百貨公司業,10810,142.87,110年=100
營業額指數,4711,百貨公司業,10811,140.12,110年=100
營業額指數,4711,百貨公司業,10812,112.57,110年=100
營業額指數,4711,百貨公司業,10901,118.08,110年=100
營業額指數,4711,百貨公司業,10902,75.55,110年=100
營業額指數,4711,百貨公司業,10903,69.99,110年=100
營業額指數,4711,百貨公司業,10904,84.82,110年=100
營業額指數,4711,百貨公司業,10905,99.17,110年=100
營業額指數,4711,百貨公司業,10906,90.08,110年=100
營業額指數,4711,百貨公司業,10907,102.44,110年=100
營業額指數,4711,百貨公司業,10908,102.92,110年=100
營業額指數,4711,百貨公司業,10909,102.12,110年=100
營業額指數,4711,百貨公司業,10910,166.61,110年=100
營業額指數,4711,百貨公司業,10911,140.95,110年=100
營業額指數,4711,百貨公司業,10912,118.53,110年=100
營業額指數,4711,百貨公司業,11001,110.85,110年=100
營業額指數,4711,百貨公司業,11002,113.46,110年=100
營業額指數,4711,百貨公司業,11003,94.03,110年=100
營業額指數,4711,百貨公司業,11004,123.93,110年=100
營業額指數,4711,百貨公司業,11005,69.01,110年=100
營業額指數,4711,百貨公司業,11006,31.10,110年=100
營業額指數,4711,百貨公司業,11007,53.39,110年=100
營業額指數,4711,百貨公司業,11008,80.85,110年=100
營業額指數,4711,百貨公司業,11009,86.88,110年=100
營業額指數,4711,百貨公司業,11010,161.77,110年=100
營業額指數,4711,百貨公司業,11011,145.95,110年=100
營業額指數,4711,百貨公司業,11012,128.79,110年=100
營業額指數,4711,百貨公司業,11101,114.97,110年=100
營業額指數,4711,百貨公司業,11102,108.32,110年=100
營業額指數,4711,百貨公司業,11103,100.81,110年=100
營業額指數,4711,百貨公司業,11104,103.11,110年=100
營業額指數,4711,百貨公司業,11105,76.56,110年=100
營業額指數,4711,百貨公司業,11106,81.56,110年=100
營業額指數,4711,百貨公司業,11107,105.43,110年=100
營業額指數,4711,百貨公司業,11108,102.72,110年=100
營業額指數,4711,百貨公司業,11109,107.80,110年=100
營業額指數,4711,百貨公司業,11110,158.01,110年=100
營業額指數,4711,百貨公司業,11111,142.49,110年=100
營業額指數,4711,百貨公司業,11112,138.55,110年=100
營業額指數,4711,百貨公司業,11201,147.17,110年=100
營業額指數,4711,百貨公司業,11202,100.82,110年=100
營業額指數,4711,百貨公司業,11203,99.72,110年=100
營業額指數,4711,百貨公司業,11204,125.71,110年=100
營業額指數,4711,百貨公司業,11205,115.12,110年=100
營業額指數,4711,百貨公司業,11206,103.20,110年=100
營業額指數,4711,百貨公司業,11207,113.42,110年=100
營業額指數,4711,百貨公司業,11208,104.52,110年=100
營業額指數,4711,百貨公司業,11209,113.63,110年=100
營業額指數,4711,百貨公司業,11210,155.95,110年=100
營業額指數,4711,百貨公司業,11211,145.89,110年=100
營業額指數,4711,百貨公司業,11212,131.13,110年=100
營業額指數,4711,百貨公司業,11301,119.98,110年=100
營業額指數,4711,百貨公司業,11302,126.85,110年=100
營業額指數,4711,百貨公司業,11303,107.69,110年=100
營業額指數,4711,百貨公司業,11304,122.68,110年=100
營業額指數,4711,百貨公司業,11305,113.16,110年=100
營業額指數,4711,百貨公司業,11306,107.28,110年=100
營業額指數,4711,百貨公司業,11307,105.04,110年=100
營業額指數,4711,百貨公司業,11308,107.23,110年=100
營業額指數,4711,百貨公司業,11309,112.37,110年=100
營業額指數,4711,百貨公司業,11310,148.13,110年=100
營業額指數,4711,百貨公司業,11311,148.36,110年=100
營業額指數,4711,百貨公司業,11312,131.76,110年=100
營業額指數,4711,百貨公司業,11401,146.70,110年=100
營業額指數,4711,百貨公司業,11402,99.99,110年=100
營業額指數,4711,百貨公司業,11403,103.47,110年=100
營業額指數,4711,百貨公司業,11404,116.56,110年=100
營業額指數,4711,百貨公司業,11405,116.63,110年=100
營業額指數,4711,百貨公司業,11406,102.63,110年=100
營業額指數,4711,百貨公司業,11407,103.97,110年=100
營業額指數,4711,百貨公司業,11408,111.03,110年=100
營業額指數,4711,百貨公司業,11409,114.80,110年=100
營業額指數,4711,百貨公司業,11410,153.35,110年=100
營業額指數,4711,百貨公司業,11411,158.71,110年=100
營業額指數,4711,百貨公司業,11412,127.07,110年=100
營業額指數,4711,百貨公司業,11501,129.41,110年=100
營業額指數,4711,百貨公司業,11502,136.70,110年=100
營業額指數,4712,超級市場業,08801,46.05,110年=100
營業額指數,4712,超級市場業,08802,49.25,110年=100
營業額指數,4712,超級市場業,08803,48.33,110年=100
營業額指數,4712,超級市場業,08804,47.38,110年=100
營業額指數,4712,超級市場業,08805,49.40,110年=100
營業額指數,4712,超級市場業,08806,48.61,110年=100
營業額指數,4712,超級市場業,08807,50.78,110年=100
營業額指數,4712,超級市場業,08808,49.47,110年=100
營業額指數,4712,超級市場業,08809,47.88,110年=100
營業額指數,4712,超級市場業,08810,45.62,110年=100
營業額指數,4712,超級市場業,08811,44.76,110年=100
營業額指數,4712,超級市場業,08812,48.37,110年=100
營業額指數,4712,超級市場業,08901,48.44,110年=100
營業額指數,4712,超級市場業,08902,47.68,110年=100
營業額指數,4712,超級市場業,08903,47.34,110年=100
營業額指數,4712,超級市場業,08904,45.98,110年=100
營業額指數,4712,超級市場業,08905,46.58,110年=100
營業額指數,4712,超級市場業,08906,48.63,110年=100
營業額指數,4712,超級市場業,08907,49.54,110年=100
營業額指數,4712,超級市場業,08908,53.15,110年=100
營業額指數,4712,超級市場業,08909,49.00,110年=100
營業額指數,4712,超級市場業,08910,46.31,110年=100
營業額指數,4712,超級市場業,08911,44.83,110年=100
營業額指數,4712,超級市場業,08912,46.32,110年=100
營業額指數,4712,超級市場業,09001,50.27,110年=100
營業額指數,4712,超級市場業,09002,46.43,110年=100
營業額指數,4712,超級市場業,09003,48.19,110年=100
營業額指數,4712,超級市場業,09004,46.91,110年=100
營業額指數,4712,超級市場業,09005,49.61,110年=100
營業額指數,4712,超級市場業,09006,51.83,110年=100
營業額指數,4712,超級市場業,09007,54.06,110年=100
營業額指數,4712,超級市場業,09008,55.06,110年=100
營業額指數,4712,超級市場業,09009,54.88,110年=100
營業額指數,4712,超級市場業,09010,47.26,110年=100
營業額指數,4712,超級市場業,09011,46.26,110年=100
營業額指數,4712,超級市場業,09012,51.00,110年=100
營業額指數,4712,超級市場業,09101,48.25,110年=100
營業額指數,4712,超級市場業,09102,51.37,110年=100
營業額指數,4712,超級市場業,09103,46.00,110年=100
營業額指數,4712,超級市場業,09104,45.37,110年=100
營業額指數,4712,超級市場業,09105,47.67,110年=100
營業額指數,4712,超級市場業,09106,49.14,110年=100
營業額指數,4712,超級市場業,09107,50.81,110年=100
營業額指數,4712,超級市場業,09108,56.04,110年=100
營業額指數,4712,超級市場業,09109,53.72,110年=100
營業額指數,4712,超級市場業,09110,49.24,110年=100
營業額指數,4712,超級市場業,09111,47.11,110年=100
營業額指數,4712,超級市場業,09112,50.58,110年=100
營業額指數,4712,超級市場業,09201,55.35,110年=100
營業額指數,4712,超級市場業,09202,46.70,110年=100
營業額指數,4712,超級市場業,09203,49.64,110年=100
營業額指數,4712,超級市場業,09204,48.76,110年=100
營業額指數,4712,超級市場業,09205,54.44,110年=100
營業額指數,4712,超級市場業,09206,52.09,110年=100
營業額指數,4712,超級市場業,09207,54.47,110年=100
營業額指數,4712,超級市場業,09208,57.30,110年=100
營業額指數,4712,超級市場業,09209,55.17,110年=100
營業額指數,4712,超級市場業,09210,50.04,110年=100
營業額指數,4712,超級市場業,09211,50.15,110年=100
營業額指數,4712,超級市場業,09212,50.92,110年=100
營業額指數,4712,超級市場業,09301,56.59,110年=100
營業額指數,4712,超級市場業,09302,49.15,110年=100
營業額指數,4712,超級市場業,09303,50.91,110年=100
營業額指數,4712,超級市場業,09304,48.64,110年=100
營業額指數,4712,超級市場業,09305,51.87,110年=100
營業額指數,4712,超級市場業,09306,51.30,110年=100
營業額指數,4712,超級市場業,09307,52.90,110年=100
營業額指數,4712,超級市場業,09308,58.90,110年=100
營業額指數,4712,超級市場業,09309,62.24,110年=100
營業額指數,4712,超級市場業,09310,51.46,110年=100
營業額指數,4712,超級市場業,09311,54.91,110年=100
營業額指數,4712,超級市場業,09312,56.58,110年=100
營業額指數,4712,超級市場業,09401,60.32,110年=100
營業額指數,4712,超級市場業,09402,56.79,110年=100
營業額指數,4712,超級市場業,09403,52.55,110年=100
營業額指數,4712,超級市場業,09404,51.44,110年=100
營業額指數,4712,超級市場業,09405,49.50,110年=100
營業額指數,4712,超級市場業,09406,51.01,110年=100
營業額指數,4712,超級市場業,09407,53.23,110年=100
營業額指數,4712,超級市場業,09408,59.48,110年=100
營業額指數,4712,超級市場業,09409,55.55,110年=100
營業額指數,4712,超級市場業,09410,48.29,110年=100
營業額指數,4712,超級市場業,09411,47.22,110年=100
營業額指數,4712,超級市場業,09412,48.65,110年=100
營業額指數,4712,超級市場業,09501,61.04,110年=100
營業額指數,4712,超級市場業,09502,46.72,110年=100
營業額指數,4712,超級市場業,09503,51.26,110年=100
營業額指數,4712,超級市場業,09504,49.55,110年=100
營業額指數,4712,超級市場業,09505,50.19,110年=100
營業額指數,4712,超級市場業,09506,49.47,110年=100
營業額指數,4712,超級市場業,09507,56.51,110年=100
營業額指數,4712,超級市場業,09508,57.45,110年=100
營業額指數,4712,超級市場業,09509,54.31,110年=100
營業額指數,4712,超級市場業,09510,57.40,110年=100
營業額指數,4712,超級市場業,09511,52.74,110年=100
營業額指數,4712,超級市場業,09512,55.23,110年=100
營業額指數,4712,超級市場業,09601,55.57,110年=100
營業額指數,4712,超級市場業,09602,59.87,110年=100
營業額指數,4712,超級市場業,09603,52.90,110年=100
營業額指數,4712,超級市場業,09604,51.71,110年=100
營業額指數,4712,超級市場業,09605,54.41,110年=100
營業額指數,4712,超級市場業,09606,52.24,110年=100
營業額指數,4712,超級市場業,09607,59.66,110年=100
營業額指數,4712,超級市場業,09608,65.27,110年=100
營業額指數,4712,超級市場業,09609,53.41,110年=100
營業額指數,4712,超級市場業,09610,54.07,110年=100
營業額指數,4712,超級市場業,09611,52.99,110年=100
營業額指數,4712,超級市場業,09612,55.65,110年=100
營業額指數,4712,超級市場業,09701,59.82,110年=100
營業額指數,4712,超級市場業,09702,61.76,110年=100
營業額指數,4712,超級市場業,09703,56.10,110年=100
營業額指數,4712,超級市場業,09704,53.48,110年=100
營業額指數,4712,超級市場業,09705,57.33,110年=100
營業額指數,4712,超級市場業,09706,55.11,110年=100
營業額指數,4712,超級市場業,09707,59.31,110年=100
營業額指數,4712,超級市場業,09708,64.27,110年=100
營業額指數,4712,超級市場業,09709,57.15,110年=100
營業額指數,4712,超級市場業,09710,53.09,110年=100
營業額指數,4712,超級市場業,09711,55.65,110年=100
營業額指數,4712,超級市場業,09712,56.53,110年=100
營業額指數,4712,超級市場業,09801,75.40,110年=100
營業額指數,4712,超級市場業,09802,55.39,110年=100
營業額指數,4712,超級市場業,09803,58.50,110年=100
營業額指數,4712,超級市場業,09804,54.06,110年=100
營業額指數,4712,超級市場業,09805,59.22,110年=100
營業額指數,4712,超級市場業,09806,58.68,110年=100
營業額指數,4712,超級市場業,09807,62.12,110年=100
營業額指數,4712,超級市場業,09808,69.32,110年=100
營業額指數,4712,超級市場業,09809,59.12,110年=100
營業額指數,4712,超級市場業,09810,56.34,110年=100
營業額指數,4712,超級市場業,09811,57.16,110年=100
營業額指數,4712,超級市場業,09812,61.14,110年=100
營業額指數,4712,超級市場業,09901,63.05,110年=100
營業額指數,4712,超級市場業,09902,66.42,110年=100
營業額指數,4712,超級市場業,09903,57.48,110年=100
營業額指數,4712,超級市場業,09904,56.92,110年=100
營業額指數,4712,超級市場業,09905,60.01,110年=100
營業額指數,4712,超級市場業,09906,59.14,110年=100
營業額指數,4712,超級市場業,09907,62.83,110年=100
營業額指數,4712,超級市場業,09908,74.31,110年=100
營業額指數,4712,超級市場業,09909,61.65,110年=100
營業額指數,4712,超級市場業,09910,60.83,110年=100
營業額指數,4712,超級市場業,09911,59.52,110年=100
營業額指數,4712,超級市場業,09912,63.33,110年=100
營業額指數,4712,超級市場業,10001,70.46,110年=100
營業額指數,4712,超級市場業,10002,64.04,110年=100
營業額指數,4712,超級市場業,10003,64.02,110年=100
營業額指數,4712,超級市場業,10004,60.84,110年=100
營業額指數,4712,超級市場業,10005,61.81,110年=100
營業額指數,4712,超級市場業,10006,59.32,110年=100
營業額指數,4712,超級市場業,10007,66.96,110年=100
營業額指數,4712,超級市場業,10008,74.71,110年=100
營業額指數,4712,超級市場業,10009,61.95,110年=100
營業額指數,4712,超級市場業,10010,62.93,110年=100
營業額指數,4712,超級市場業,10011,62.80,110年=100
營業額指數,4712,超級市場業,10012,65.30,110年=100
營業額指數,4712,超級市場業,10101,73.05,110年=100
營業額指數,4712,超級市場業,10102,62.67,110年=100
營業額指數,4712,超級市場業,10103,63.68,110年=100
營業額指數,4712,超級市場業,10104,63.19,110年=100
營業額指數,4712,超級市場業,10105,65.15,110年=100
營業額指數,4712,超級市場業,10106,65.91,110年=100
營業額指數,4712,超級市場業,10107,67.35,110年=100
營業額指數,4712,超級市場業,10108,75.85,110年=100
營業額指數,4712,超級市場業,10109,61.92,110年=100
營業額指數,4712,超級市場業,10110,61.49,110年=100
營業額指數,4712,超級市場業,10111,62.24,110年=100
營業額指數,4712,超級市場業,10112,64.64,110年=100
營業額指數,4712,超級市場業,10201,64.34,110年=100
營業額指數,4712,超級市場業,10202,64.47,110年=100
營業額指數,4712,超級市場業,10203,62.64,110年=100
營業額指數,4712,超級市場業,10204,62.83,110年=100
營業額指數,4712,超級市場業,10205,66.66,110年=100
營業額指數,4712,超級市場業,10206,68.93,110年=100
營業額指數,4712,超級市場業,10207,75.02,110年=100
營業額指數,4712,超級市場業,10208,80.87,110年=100
營業額指數,4712,超級市場業,10209,67.99,110年=100
營業額指數,4712,超級市場業,10210,65.61,110年=100
營業額指數,4712,超級市場業,10211,62.83,110年=100
營業額指數,4712,超級市場業,10212,67.31,110年=100
營業額指數,4712,超級市場業,10301,74.95,110年=100
營業額指數,4712,超級市場業,10302,60.26,110年=100
營業額指數,4712,超級市場業,10303,64.04,110年=100
營業額指數,4712,超級市場業,10304,62.58,110年=100
營業額指數,4712,超級市場業,10305,66.47,110年=100
營業額指數,4712,超級市場業,10306,67.96,110年=100
營業額指數,4712,超級市場業,10307,76.34,110年=100
營業額指數,4712,超級市場業,10308,81.15,110年=100
營業額指數,4712,超級市場業,10309,71.35,110年=100
營業額指數,4712,超級市場業,10310,68.31,110年=100
營業額指數,4712,超級市場業,10311,68.32,110年=100
營業額指數,4712,超級市場業,10312,73.18,110年=100
營業額指數,4712,超級市場業,10401,71.92,110年=100
營業額指數,4712,超級市場業,10402,76.53,110年=100
營業額指數,4712,超級市場業,10403,70.02,110年=100
營業額指數,4712,超級市場業,10404,69.50,110年=100
營業額指數,4712,超級市場業,10405,75.15,110年=100
營業額指數,4712,超級市場業,10406,73.28,110年=100
營業額指數,4712,超級市場業,10407,78.33,110年=100
營業額指數,4712,超級市場業,10408,94.98,110年=100
營業額指數,4712,超級市場業,10409,75.76,110年=100
營業額指數,4712,超級市場業,10410,73.43,110年=100
營業額指數,4712,超級市場業,10411,74.20,110年=100
營業額指數,4712,超級市場業,10412,78.08,110年=100
營業額指數,4712,超級市場業,10501,81.98,110年=100
營業額指數,4712,超級市場業,10502,78.86,110年=100
營業額指數,4712,超級市場業,10503,73.15,110年=100
營業額指數,4712,超級市場業,10504,72.22,110年=100
營業額指數,4712,超級市場業,10505,77.31,110年=100
營業額指數,4712,超級市場業,10506,75.86,110年=100
營業額指數,4712,超級市場業,10507,85.09,110年=100
營業額指數,4712,超級市場業,10508,94.54,110年=100
營業額指數,4712,超級市場業,10509,85.47,110年=100
營業額指數,4712,超級市場業,10510,80.81,110年=100
營業額指數,4712,超級市場業,10511,77.28,110年=100
營業額指數,4712,超級市場業,10512,84.36,110年=100
營業額指數,4712,超級市場業,10601,88.98,110年=100
營業額指數,4712,超級市場業,10602,72.79,110年=100
營業額指數,4712,超級市場業,10603,77.53,110年=100
營業額指數,4712,超級市場業,10604,77.38,110年=100
營業額指數,4712,超級市場業,10605,81.25,110年=100
營業額指數,4712,超級市場業,10606,80.99,110年=100
營業額指數,4712,超級市場業,10607,89.31,110年=100
營業額指數,4712,超級市場業,10608,91.00,110年=100
營業額指數,4712,超級市場業,10609,91.90,110年=100
營業額指數,4712,超級市場業,10610,88.51,110年=100
營業額指數,4712,超級市場業,10611,78.55,110年=100
營業額指數,4712,超級市場業,10612,83.36,110年=100
營業額指數,4712,超級市場業,10701,81.83,110年=100
營業額指數,4712,超級市場業,10702,86.33,110年=100
營業額指數,4712,超級市場業,10703,78.25,110年=100
營業額指數,4712,超級市場業,10704,77.77,110年=100
營業額指數,4712,超級市場業,10705,82.05,110年=100
營業額指數,4712,超級市場業,10706,79.81,110年=100
營業額指數,4712,超級市場業,10707,87.43,110年=100
營業額指數,4712,超級市場業,10708,98.03,110年=100
營業額指數,4712,超級市場業,10709,86.64,110年=100
營業額指數,4712,超級市場業,10710,83.52,110年=100
營業額指數,4712,超級市場業,10711,82.47,110年=100
營業額指數,4712,超級市場業,10712,90.40,110年=100
營業額指數,4712,超級市場業,10801,85.08,110年=100
營業額指數,4712,超級市場業,10802,80.75,110年=100
營業額指數,4712,超級市場業,10803,82.60,110年=100
營業額指數,4712,超級市場業,10804,82.15,110年=100
營業額指數,4712,超級市場業,10805,85.23,110年=100
營業額指數,4712,超級市場業,10806,83.74,110年=100
營業額指數,4712,超級市場業,10807,90.54,110年=100
營業額指數,4712,超級市場業,10808,103.30,110年=100
營業額指數,4712,超級市場業,10809,88.44,110年=100
營業額指數,4712,超級市場業,10810,89.89,110年=100
營業額指數,4712,超級市場業,10811,85.35,110年=100
營業額指數,4712,超級市場業,10812,88.27,110年=100
營業額指數,4712,超級市場業,10901,96.64,110年=100
營業額指數,4712,超級市場業,10902,89.97,110年=100
營業額指數,4712,超級市場業,10903,106.61,110年=100
營業額指數,4712,超級市場業,10904,94.97,110年=100
營業額指數,4712,超級市場業,10905,93.67,110年=100
營業額指數,4712,超級市場業,10906,89.82,110年=100
營業額指數,4712,超級市場業,10907,96.15,110年=100
營業額指數,4712,超級市場業,10908,107.25,110年=100
營業額指數,4712,超級市場業,10909,95.30,110年=100
營業額指數,4712,超級市場業,10910,97.48,110年=100
營業額指數,4712,超級市場業,10911,90.04,110年=100
營業額指數,4712,超級市場業,10912,95.63,110年=100
營業額指數,4712,超級市場業,11001,95.37,110年=100
營業額指數,4712,超級市場業,11002,89.20,110年=100
營業額指數,4712,超級市場業,11003,85.43,110年=100
營業額指數,4712,超級市場業,11004,84.34,110年=100
營業額指數,4712,超級市場業,11005,122.52,110年=100
營業額指數,4712,超級市場業,11006,115.73,110年=100
營業額指數,4712,超級市場業,11007,111.10,110年=100
營業額指數,4712,超級市場業,11008,113.46,110年=100
營業額指數,4712,超級市場業,11009,96.34,110年=100
營業額指數,4712,超級市場業,11010,99.90,110年=100
營業額指數,4712,超級市場業,11011,90.72,110年=100
營業額指數,4712,超級市場業,11012,95.90,110年=100
營業額指數,4712,超級市場業,11101,108.85,110年=100
營業額指數,4712,超級市場業,11102,89.58,110年=100
營業額指數,4712,超級市場業,11103,90.08,110年=100
營業額指數,4712,超級市場業,11104,99.15,110年=100
營業額指數,4712,超級市場業,11105,106.37,110年=100
營業額指數,4712,超級市場業,11106,98.55,110年=100
營業額指數,4712,超級市場業,11107,102.56,110年=100
營業額指數,4712,超級市場業,11108,109.36,110年=100
營業額指數,4712,超級市場業,11109,96.06,110年=100
營業額指數,4712,超級市場業,11110,100.30,110年=100
營業額指數,4712,超級市場業,11111,92.66,110年=100
營業額指數,4712,超級市場業,11112,100.58,110年=100
營業額指數,4712,超級市場業,11201,108.52,110年=100
營業額指數,4712,超級市場業,11202,84.53,110年=100
營業額指數,4712,超級市場業,11203,91.22,110年=100
營業額指數,4712,超級市場業,11204,92.85,110年=100
營業額指數,4712,超級市場業,11205,95.00,110年=100
營業額指數,4712,超級市場業,11206,92.84,110年=100
營業額指數,4712,超級市場業,11207,104.45,110年=100
營業額指數,4712,超級市場業,11208,118.29,110年=100
營業額指數,4712,超級市場業,11209,100.24,110年=100
營業額指數,4712,超級市場業,11210,99.43,110年=100
營業額指數,4712,超級市場業,11211,93.13,110年=100
營業額指數,4712,超級市場業,11212,100.58,110年=100
營業額指數,4712,超級市場業,11301,99.00,110年=100
營業額指數,4712,超級市場業,11302,98.94,110年=100
營業額指數,4712,超級市場業,11303,94.51,110年=100
營業額指數,4712,超級市場業,11304,94.89,110年=100
營業額指數,4712,超級市場業,11305,96.50,110年=100
營業額指數,4712,超級市場業,11306,98.17,110年=100
營業額指數,4712,超級市場業,11307,109.44,110年=100
營業額指數,4712,超級市場業,11308,117.07,110年=100
營業額指數,4712,超級市場業,11309,107.16,110年=100
營業額指數,4712,超級市場業,11310,112.43,110年=100
營業額指數,4712,超級市場業,11311,99.98,110年=100
營業額指數,4712,超級市場業,11312,103.43,110年=100
營業額指數,4712,超級市場業,11401,112.36,110年=100
營業額指數,4712,超級市場業,11402,89.92,110年=100
營業額指數,4712,超級市場業,11403,100.38,110年=100
營業額指數,4712,超級市場業,11404,99.92,110年=100
營業額指數,4712,超級市場業,11405,103.79,110年=100
營業額指數,4712,超級市場業,11406,103.16,110年=100
營業額指數,4712,超級市場業,11407,110.00,110年=100
營業額指數,4712,超級市場業,11408,116.87,110年=100
營業額指數,4712,超級市場業,11409,113.27,110年=100
營業額指數,4712,超級市場業,11410,110.09,110年=100
營業額指數,4712,超級市場業,11411,106.57,110年=100
營業額指數,4712,超級市場業,11412,103.64,110年=100
營業額指數,4712,超級市場業,11501,103.50,110年=100
營業額指數,4712,超級市場業,11502,103.73,110年=100
營業額指數,4713,便利商店業,08801,34.05,110年=100
營業額指數,4713,便利商店業,08802,40.41,110年=100
營業額指數,4713,便利商店業,08803,41.44,110年=100
營業額指數,4713,便利商店業,08804,41.97,110年=100
營業額指數,4713,便利商店業,08805,42.74,110年=100
營業額指數,4713,便利商店業,08806,43.70,110年=100
營業額指數,4713,便利商店業,08807,45.65,110年=100
營業額指數,4713,便利商店業,08808,44.72,110年=100
營業額指數,4713,便利商店業,08809,43.37,110年=100
營業額指數,4713,便利商店業,08810,41.99,110年=100
營業額指數,4713,便利商店業,08811,41.66,110年=100
營業額指數,4713,便利商店業,08812,42.44,110年=100
營業額指數,4713,便利商店業,08901,43.19,110年=100
營業額指數,4713,便利商店業,08902,42.80,110年=100
營業額指數,4713,便利商店業,08903,44.29,110年=100
營業額指數,4713,便利商店業,08904,44.93,110年=100
營業額指數,4713,便利商店業,08905,44.73,110年=100
營業額指數,4713,便利商店業,08906,46.11,110年=100
營業額指數,4713,便利商店業,08907,47.07,110年=100
營業額指數,4713,便利商店業,08908,47.63,110年=100
營業額指數,4713,便利商店業,08909,47.39,110年=100
營業額指數,4713,便利商店業,08910,47.49,110年=100
營業額指數,4713,便利商店業,08911,45.28,110年=100
營業額指數,4713,便利商店業,08912,47.97,110年=100
營業額指數,4713,便利商店業,09001,50.78,110年=100
營業額指數,4713,便利商店業,09002,48.15,110年=100
營業額指數,4713,便利商店業,09003,51.30,110年=100
營業額指數,4713,便利商店業,09004,48.48,110年=100
營業額指數,4713,便利商店業,09005,51.18,110年=100
營業額指數,4713,便利商店業,09006,55.17,110年=100
營業額指數,4713,便利商店業,09007,56.85,110年=100
營業額指數,4713,便利商店業,09008,57.51,110年=100
營業額指數,4713,便利商店業,09009,50.81,110年=100
營業額指數,4713,便利商店業,09010,48.45,110年=100
營業額指數,4713,便利商店業,09011,47.76,110年=100
營業額指數,4713,便利商店業,09012,53.51,110年=100
營業額指數,4713,便利商店業,09101,52.11,110年=100
營業額指數,4713,便利商店業,09102,52.56,110年=100
營業額指數,4713,便利商店業,09103,54.84,110年=100
營業額指數,4713,便利商店業,09104,54.65,110年=100
營業額指數,4713,便利商店業,09105,59.11,110年=100
營業額指數,4713,便利商店業,09106,60.56,110年=100
營業額指數,4713,便利商店業,09107,63.46,110年=100
營業額指數,4713,便利商店業,09108,62.81,110年=100
營業額指數,4713,便利商店業,09109,58.68,110年=100
營業額指數,4713,便利商店業,09110,58.47,110年=100
營業額指數,4713,便利商店業,09111,54.23,110年=100
營業額指數,4713,便利商店業,09112,57.08,110年=100
營業額指數,4713,便利商店業,09201,57.20,110年=100
營業額指數,4713,便利商店業,09202,56.23,110年=100
營業額指數,4713,便利商店業,09203,57.81,110年=100
營業額指數,4713,便利商店業,09204,58.00,110年=100
營業額指數,4713,便利商店業,09205,61.52,110年=100
營業額指數,4713,便利商店業,09206,63.59,110年=100
營業額指數,4713,便利商店業,09207,69.89,110年=100
營業額指數,4713,便利商店業,09208,68.53,110年=100
營業額指數,4713,便利商店業,09209,65.91,110年=100
營業額指數,4713,便利商店業,09210,64.05,110年=100
營業額指數,4713,便利商店業,09211,61.61,110年=100
營業額指數,4713,便利商店業,09212,60.97,110年=100
營業額指數,4713,便利商店業,09301,67.08,110年=100
營業額指數,4713,便利商店業,09302,62.14,110年=100
營業額指數,4713,便利商店業,09303,61.70,110年=100
營業額指數,4713,便利商店業,09304,60.79,110年=100
營業額指數,4713,便利商店業,09305,65.87,110年=100
營業額指數,4713,便利商店業,09306,65.28,110年=100
營業額指數,4713,便利商店業,09307,67.54,110年=100
營業額指數,4713,便利商店業,09308,68.78,110年=100
營業額指數,4713,便利商店業,09309,62.91,110年=100
營業額指數,4713,便利商店業,09310,62.58,110年=100
營業額指數,4713,便利商店業,09311,61.63,110年=100
營業額指數,4713,便利商店業,09312,62.65,110年=100
營業額指數,4713,便利商店業,09401,61.94,110年=100
營業額指數,4713,便利商店業,09402,63.24,110年=100
營業額指數,4713,便利商店業,09403,61.60,110年=100
營業額指數,4713,便利商店業,09404,63.42,110年=100
營業額指數,4713,便利商店業,09405,70.43,110年=100
營業額指數,4713,便利商店業,09406,73.56,110年=100
營業額指數,4713,便利商店業,09407,78.24,110年=100
營業額指數,4713,便利商店業,09408,67.27,110年=100
營業額指數,4713,便利商店業,09409,65.63,110年=100
營業額指數,4713,便利商店業,09410,66.28,110年=100
營業額指數,4713,便利商店業,09411,67.17,110年=100
營業額指數,4713,便利商店業,09412,65.79,110年=100
營業額指數,4713,便利商店業,09501,70.66,110年=100
營業額指數,4713,便利商店業,09502,68.07,110年=100
營業額指數,4713,便利商店業,09503,70.43,110年=100
營業額指數,4713,便利商店業,09504,69.71,110年=100
營業額指數,4713,便利商店業,09505,74.54,110年=100
營業額指數,4713,便利商店業,09506,71.99,110年=100
營業額指數,4713,便利商店業,09507,78.87,110年=100
營業額指數,4713,便利商店業,09508,77.02,110年=100
營業額指數,4713,便利商店業,09509,74.81,110年=100
營業額指數,4713,便利商店業,09510,75.07,110年=100
營業額指數,4713,便利商店業,09511,69.88,110年=100
營業額指數,4713,便利商店業,09512,69.87,110年=100
營業額指數,4713,便利商店業,09601,67.93,110年=100
營業額指數,4713,便利商店業,09602,73.76,110年=100
營業額指數,4713,便利商店業,09603,72.67,110年=100
營業額指數,4713,便利商店業,09604,69.91,110年=100
營業額指數,4713,便利商店業,09605,77.22,110年=100
營業額指數,4713,便利商店業,09606,75.06,110年=100
營業額指數,4713,便利商店業,09607,79.83,110年=100
營業額指數,4713,便利商店業,09608,74.92,110年=100
營業額指數,4713,便利商店業,09609,70.11,110年=100
營業額指數,4713,便利商店業,09610,67.04,110年=100
營業額指數,4713,便利商店業,09611,64.32,110年=100
營業額指數,4713,便利商店業,09612,69.22,110年=100
營業額指數,4713,便利商店業,09701,70.06,110年=100
營業額指數,4713,便利商店業,09702,68.93,110年=100
營業額指數,4713,便利商店業,09703,67.92,110年=100
營業額指數,4713,便利商店業,09704,67.37,110年=100
營業額指數,4713,便利商店業,09705,70.06,110年=100
營業額指數,4713,便利商店業,09706,67.67,110年=100
營業額指數,4713,便利商店業,09707,73.14,110年=100
營業額指數,4713,便利商店業,09708,72.84,110年=100
營業額指數,4713,便利商店業,09709,68.08,110年=100
營業額指數,4713,便利商店業,09710,67.80,110年=100
營業額指數,4713,便利商店業,09711,64.65,110年=100
營業額指數,4713,便利商店業,09712,66.76,110年=100
營業額指數,4713,便利商店業,09801,72.95,110年=100
營業額指數,4713,便利商店業,09802,64.70,110年=100
營業額指數,4713,便利商店業,09803,68.86,110年=100
營業額指數,4713,便利商店業,09804,68.19,110年=100
營業額指數,4713,便利商店業,09805,73.11,110年=100
營業額指數,4713,便利商店業,09806,69.64,110年=100
營業額指數,4713,便利商店業,09807,73.87,110年=100
營業額指數,4713,便利商店業,09808,71.64,110年=100
營業額指數,4713,便利商店業,09809,67.94,110年=100
營業額指數,4713,便利商店業,09810,68.77,110年=100
營業額指數,4713,便利商店業,09811,66.42,110年=100
營業額指數,4713,便利商店業,09812,69.02,110年=100
營業額指數,4713,便利商店業,09901,69.36,110年=100
營業額指數,4713,便利商店業,09902,70.81,110年=100
營業額指數,4713,便利商店業,09903,73.32,110年=100
營業額指數,4713,便利商店業,09904,69.63,110年=100
營業額指數,4713,便利商店業,09905,75.25,110年=100
營業額指數,4713,便利商店業,09906,73.37,110年=100
營業額指數,4713,便利商店業,09907,80.14,110年=100
營業額指數,4713,便利商店業,09908,79.19,110年=100
營業額指數,4713,便利商店業,09909,76.62,110年=100
營業額指數,4713,便利商店業,09910,75.86,110年=100
營業額指數,4713,便利商店業,09911,70.27,110年=100
營業額指數,4713,便利商店業,09912,73.47,110年=100
營業額指數,4713,便利商店業,10001,71.34,110年=100
營業額指數,4713,便利商店業,10002,70.84,110年=100
營業額指數,4713,便利商店業,10003,72.16,110年=100
營業額指數,4713,便利商店業,10004,72.72,110年=100
營業額指數,4713,便利商店業,10005,76.90,110年=100
營業額指數,4713,便利商店業,10006,76.61,110年=100
營業額指數,4713,便利商店業,10007,81.26,110年=100
營業額指數,4713,便利商店業,10008,80.70,110年=100
營業額指數,4713,便利商店業,10009,82.28,110年=100
營業額指數,4713,便利商店業,10010,81.30,110年=100
營業額指數,4713,便利商店業,10011,76.96,110年=100
營業額指數,4713,便利商店業,10012,77.07,110年=100
營業額指數,4713,便利商店業,10101,82.90,110年=100
營業額指數,4713,便利商店業,10102,73.76,110年=100
營業額指數,4713,便利商店業,10103,79.24,110年=100
營業額指數,4713,便利商店業,10104,77.66,110年=100
營業額指數,4713,便利商店業,10105,83.09,110年=100
營業額指數,4713,便利商店業,10106,82.53,110年=100
營業額指數,4713,便利商店業,10107,86.52,110年=100
營業額指數,4713,便利商店業,10108,83.61,110年=100
營業額指數,4713,便利商店業,10109,79.42,110年=100
營業額指數,4713,便利商店業,10110,79.16,110年=100
營業額指數,4713,便利商店業,10111,77.22,110年=100
營業額指數,4713,便利商店業,10112,78.97,110年=100
營業額指數,4713,便利商店業,10201,78.34,110年=100
營業額指數,4713,便利商店業,10202,78.62,110年=100
營業額指數,4713,便利商店業,10203,81.95,110年=100
營業額指數,4713,便利商店業,10204,79.56,110年=100
營業額指數,4713,便利商店業,10205,83.94,110年=100
營業額指數,4713,便利商店業,10206,83.47,110年=100
營業額指數,4713,便利商店業,10207,88.09,110年=100
營業額指數,4713,便利商店業,10208,88.33,110年=100
營業額指數,4713,便利商店業,10209,80.37,110年=100
營業額指數,4713,便利商店業,10210,81.41,110年=100
營業額指數,4713,便利商店業,10211,78.84,110年=100
營業額指數,4713,便利商店業,10212,79.11,110年=100
營業額指數,4713,便利商店業,10301,81.61,110年=100
營業額指數,4713,便利商店業,10302,76.77,110年=100
營業額指數,4713,便利商店業,10303,85.53,110年=100
營業額指數,4713,便利商店業,10304,83.39,110年=100
營業額指數,4713,便利商店業,10305,87.91,110年=100
營業額指數,4713,便利商店業,10306,85.84,110年=100
營業額指數,4713,便利商店業,10307,91.05,110年=100
營業額指數,4713,便利商店業,10308,88.08,110年=100
營業額指數,4713,便利商店業,10309,85.16,110年=100
營業額指數,4713,便利商店業,10310,78.21,110年=100
營業額指數,4713,便利商店業,10311,83.14,110年=100
營業額指數,4713,便利商店業,10312,84.17,110年=100
營業額指數,4713,便利商店業,10401,82.96,110年=100
營業額指數,4713,便利商店業,10402,84.37,110年=100
營業額指數,4713,便利商店業,10403,87.52,110年=100
營業額指數,4713,便利商店業,10404,86.78,110年=100
營業額指數,4713,便利商店業,10405,91.39,110年=100
營業額指數,4713,便利商店業,10406,90.87,110年=100
營業額指數,4713,便利商店業,10407,92.64,110年=100
營業額指數,4713,便利商店業,10408,91.94,110年=100
營業額指數,4713,便利商店業,10409,85.15,110年=100
營業額指數,4713,便利商店業,10410,81.80,110年=100
營業額指數,4713,便利商店業,10411,84.67,110年=100
營業額指數,4713,便利商店業,10412,87.16,110年=100
營業額指數,4713,便利商店業,10501,89.67,110年=100
營業額指數,4713,便利商店業,10502,84.81,110年=100
營業額指數,4713,便利商店業,10503,85.17,110年=100
營業額指數,4713,便利商店業,10504,87.87,110年=100
營業額指數,4713,便利商店業,10505,93.35,110年=100
營業額指數,4713,便利商店業,10506,92.14,110年=100
營業額指數,4713,便利商店業,10507,96.12,110年=100
營業額指數,4713,便利商店業,10508,94.07,110年=100
營業額指數,4713,便利商店業,10509,87.77,110年=100
營業額指數,4713,便利商店業,10510,85.06,110年=100
營業額指數,4713,便利商店業,10511,83.84,110年=100
營業額指數,4713,便利商店業,10512,87.76,110年=100
營業額指數,4713,便利商店業,10601,100.67,110年=100
營業額指數,4713,便利商店業,10602,80.41,110年=100
營業額指數,4713,便利商店業,10603,89.15,110年=100
營業額指數,4713,便利商店業,10604,89.32,110年=100
營業額指數,4713,便利商店業,10605,95.28,110年=100
營業額指數,4713,便利商店業,10606,92.51,110年=100
營業額指數,4713,便利商店業,10607,95.65,110年=100
營業額指數,4713,便利商店業,10608,98.51,110年=100
營業額指數,4713,便利商店業,10609,93.17,110年=100
營業額指數,4713,便利商店業,10610,92.37,110年=100
營業額指數,4713,便利商店業,10611,85.26,110年=100
營業額指數,4713,便利商店業,10612,89.58,110年=100
營業額指數,4713,便利商店業,10701,97.40,110年=100
營業額指數,4713,便利商店業,10702,91.31,110年=100
營業額指數,4713,便利商店業,10703,95.81,110年=100
營業額指數,4713,便利商店業,10704,91.86,110年=100
營業額指數,4713,便利商店業,10705,97.85,110年=100
營業額指數,4713,便利商店業,10706,96.84,110年=100
營業額指數,4713,便利商店業,10707,99.75,110年=100
營業額指數,4713,便利商店業,10708,98.66,110年=100
營業額指數,4713,便利商店業,10709,93.92,110年=100
營業額指數,4713,便利商店業,10710,92.61,110年=100
營業額指數,4713,便利商店業,10711,92.00,110年=100
營業額指數,4713,便利商店業,10712,94.61,110年=100
營業額指數,4713,便利商店業,10801,101.82,110年=100
營業額指數,4713,便利商店業,10802,92.20,110年=100
營業額指數,4713,便利商店業,10803,94.19,110年=100
營業額指數,4713,便利商店業,10804,93.44,110年=100
營業額指數,4713,便利商店業,10805,97.12,110年=100
營業額指數,4713,便利商店業,10806,98.35,110年=100
營業額指數,4713,便利商店業,10807,102.73,110年=100
營業額指數,4713,便利商店業,10808,101.14,110年=100
營業額指數,4713,便利商店業,10809,96.32,110年=100
營業額指數,4713,便利商店業,10810,98.51,110年=100
營業額指數,4713,便利商店業,10811,94.72,110年=100
營業額指數,4713,便利商店業,10812,97.00,110年=100
營業額指數,4713,便利商店業,10901,106.82,110年=100
營業額指數,4713,便利商店業,10902,89.06,110年=100
營業額指數,4713,便利商店業,10903,96.65,110年=100
營業額指數,4713,便利商店業,10904,95.14,110年=100
營業額指數,4713,便利商店業,10905,103.86,110年=100
營業額指數,4713,便利商店業,10906,105.38,110年=100
營業額指數,4713,便利商店業,10907,122.18,110年=100
營業額指數,4713,便利商店業,10908,114.64,110年=100
營業額指數,4713,便利商店業,10909,102.63,110年=100
營業額指數,4713,便利商店業,10910,103.73,110年=100
營業額指數,4713,便利商店業,10911,103.26,110年=100
營業額指數,4713,便利商店業,10912,103.35,110年=100
營業額指數,4713,便利商店業,11001,105.46,110年=100
營業額指數,4713,便利商店業,11002,99.76,110年=100
營業額指數,4713,便利商店業,11003,101.71,110年=100
營業額指數,4713,便利商店業,11004,99.25,110年=100
營業額指數,4713,便利商店業,11005,103.54,110年=100
營業額指數,4713,便利商店業,11006,94.08,110年=100
營業額指數,4713,便利商店業,11007,99.63,110年=100
營業額指數,4713,便利商店業,11008,94.82,110年=100
營業額指數,4713,便利商店業,11009,97.25,110年=100
營業額指數,4713,便利商店業,11010,104.61,110年=100
營業額指數,4713,便利商店業,11011,100.51,110年=100
營業額指數,4713,便利商店業,11012,99.40,110年=100
營業額指數,4713,便利商店業,11101,110.90,110年=100
營業額指數,4713,便利商店業,11102,91.34,110年=100
營業額指數,4713,便利商店業,11103,101.18,110年=100
營業額指數,4713,便利商店業,11104,100.72,110年=100
營業額指數,4713,便利商店業,11105,100.81,110年=100
營業額指數,4713,便利商店業,11106,102.31,110年=100
營業額指數,4713,便利商店業,11107,111.37,110年=100
營業額指數,4713,便利商店業,11108,110.33,110年=100
營業額指數,4713,便利商店業,11109,104.44,110年=100
營業額指數,4713,便利商店業,11110,105.53,110年=100
營業額指數,4713,便利商店業,11111,107.15,110年=100
營業額指數,4713,便利商店業,11112,105.95,110年=100
營業額指數,4713,便利商店業,11201,112.05,110年=100
營業額指數,4713,便利商店業,11202,96.24,110年=100
營業額指數,4713,便利商店業,11203,108.21,110年=100
營業額指數,4713,便利商店業,11204,105.64,110年=100
營業額指數,4713,便利商店業,11205,111.66,110年=100
營業額指數,4713,便利商店業,11206,111.68,110年=100
營業額指數,4713,便利商店業,11207,119.43,110年=100
營業額指數,4713,便利商店業,11208,116.63,110年=100
營業額指數,4713,便利商店業,11209,110.48,110年=100
營業額指數,4713,便利商店業,11210,110.78,110年=100
營業額指數,4713,便利商店業,11211,108.38,110年=100
營業額指數,4713,便利商店業,11212,109.27,110年=100
營業額指數,4713,便利商店業,11301,111.85,110年=100
營業額指數,4713,便利商店業,11302,106.24,110年=100
營業額指數,4713,便利商店業,11303,110.67,110年=100
營業額指數,4713,便利商店業,11304,110.30,110年=100
營業額指數,4713,便利商店業,11305,114.15,110年=100
營業額指數,4713,便利商店業,11306,114.33,110年=100
營業額指數,4713,便利商店業,11307,121.83,110年=100
營業額指數,4713,便利商店業,11308,119.14,110年=100
營業額指數,4713,便利商店業,11309,115.38,110年=100
營業額指數,4713,便利商店業,11310,116.84,110年=100
營業額指數,4713,便利商店業,11311,112.78,110年=100
營業額指數,4713,便利商店業,11312,112.30,110年=100
營業額指數,4713,便利商店業,11401,120.23,110年=100
營業額指數,4713,便利商店業,11402,101.21,110年=100
營業額指數,4713,便利商店業,11403,112.20,110年=100
營業額指數,4713,便利商店業,11404,112.57,110年=100
營業額指數,4713,便利商店業,11405,121.35,110年=100
營業額指數,4713,便利商店業,11406,118.68,110年=100
營業額指數,4713,便利商店業,11407,124.46,110年=100
營業額指數,4713,便利商店業,11408,122.78,110年=100
營業額指數,4713,便利商店業,11409,117.06,110年=100
營業額指數,4713,便利商店業,11410,121.70,110年=100
營業額指數,4713,便利商店業,11411,118.31,110年=100
營業額指數,4713,便利商店業,11412,119.06,110年=100
營業額指數,4713,便利商店業,11501,121.26,110年=100
營業額指數,4713,便利商店業,11502,111.32,110年=100
營業額指數,4714,零售式量販業,08801,47.90,110年=100
營業額指數,4714,零售式量販業,08802,60.97,110年=100
營業額指數,4714,零售式量販業,08803,55.85,110年=100
營業額指數,4714,零售式量販業,08804,55.84,110年=100
營業額指數,4714,零售式量販業,08805,57.93,110年=100
營業額指數,4714,零售式量販業,08806,57.82,110年=100
營業額指數,4714,零售式量販業,08807,59.39,110年=100
營業額指數,4714,零售式量販業,08808,59.59,110年=100
營業額指數,4714,零售式量販業,08809,55.96,110年=100
營業額指數,4714,零售式量販業,08810,55.44,110年=100
營業額指數,4714,零售式量販業,08811,54.91,110年=100
營業額指數,4714,零售式量販業,08812,58.67,110年=100
營業額指數,4714,零售式量販業,08901,63.21,110年=100
營業額指數,4714,零售式量販業,08902,57.76,110年=100
營業額指數,4714,零售式量販業,08903,61.22,110年=100
營業額指數,4714,零售式量販業,08904,65.27,110年=100
營業額指數,4714,零售式量販業,08905,67.53,110年=100
營業額指數,4714,零售式量販業,08906,70.61,110年=100
營業額指數,4714,零售式量販業,08907,73.43,110年=100
營業額指數,4714,零售式量販業,08908,74.54,110年=100
營業額指數,4714,零售式量販業,08909,67.08,110年=100
營業額指數,4714,零售式量販業,08910,64.09,110年=100
營業額指數,4714,零售式量販業,08911,61.31,110年=100
營業額指數,4714,零售式量販業,08912,66.57,110年=100
營業額指數,4714,零售式量販業,09001,71.11,110年=100
營業額指數,4714,零售式量販業,09002,64.98,110年=100
營業額指數,4714,零售式量販業,09003,66.78,110年=100
營業額指數,4714,零售式量販業,09004,66.14,110年=100
營業額指數,4714,零售式量販業,09005,71.12,110年=100
營業額指數,4714,零售式量販業,09006,67.64,110年=100
營業額指數,4714,零售式量販業,09007,72.25,110年=100
營業額指數,4714,零售式量販業,09008,80.14,110年=100
營業額指數,4714,零售式量販業,09009,76.31,110年=100
營業額指數,4714,零售式量販業,09010,69.20,110年=100
營業額指數,4714,零售式量販業,09011,67.70,110年=100
營業額指數,4714,零售式量販業,09012,77.61,110年=100
營業額指數,4714,零售式量販業,09101,79.37,110年=100
營業額指數,4714,零售式量販業,09102,81.35,110年=100
營業額指數,4714,零售式量販業,09103,70.50,110年=100
營業額指數,4714,零售式量販業,09104,64.36,110年=100
營業額指數,4714,零售式量販業,09105,68.15,110年=100
營業額指數,4714,零售式量販業,09106,68.45,110年=100
營業額指數,4714,零售式量販業,09107,71.66,110年=100
營業額指數,4714,零售式量販業,09108,85.06,110年=100
營業額指數,4714,零售式量販業,09109,76.55,110年=100
營業額指數,4714,零售式量販業,09110,73.34,110年=100
營業額指數,4714,零售式量販業,09111,68.75,110年=100
營業額指數,4714,零售式量販業,09112,78.46,110年=100
營業額指數,4714,零售式量販業,09201,87.77,110年=100
營業額指數,4714,零售式量販業,09202,68.10,110年=100
營業額指數,4714,零售式量販業,09203,73.03,110年=100
營業額指數,4714,零售式量販業,09204,67.71,110年=100
營業額指數,4714,零售式量販業,09205,63.42,110年=100
營業額指數,4714,零售式量販業,09206,71.24,110年=100
營業額指數,4714,零售式量販業,09207,80.45,110年=100
營業額指數,4714,零售式量販業,09208,81.77,110年=100
營業額指數,4714,零售式量販業,09209,77.04,110年=100
營業額指數,4714,零售式量販業,09210,72.97,110年=100
營業額指數,4714,零售式量販業,09211,71.74,110年=100
營業額指數,4714,零售式量販業,09212,77.16,110年=100
營業額指數,4714,零售式量販業,09301,74.63,110年=100
營業額指數,4714,零售式量販業,09302,69.67,110年=100
營業額指數,4714,零售式量販業,09303,69.15,110年=100
營業額指數,4714,零售式量販業,09304,66.22,110年=100
營業額指數,4714,零售式量販業,09305,71.14,110年=100
營業額指數,4714,零售式量販業,09306,70.75,110年=100
營業額指數,4714,零售式量販業,09307,68.36,110年=100
營業額指數,4714,零售式量販業,09308,85.18,110年=100
營業額指數,4714,零售式量販業,09309,68.47,110年=100
營業額指數,4714,零售式量販業,09310,68.08,110年=100
營業額指數,4714,零售式量販業,09311,63.49,110年=100
營業額指數,4714,零售式量販業,09312,69.24,110年=100
營業額指數,4714,零售式量販業,09401,84.83,110年=100
營業額指數,4714,零售式量販業,09402,84.84,110年=100
營業額指數,4714,零售式量販業,09403,61.51,110年=100
營業額指數,4714,零售式量販業,09404,60.67,110年=100
營業額指數,4714,零售式量販業,09405,64.44,110年=100
營業額指數,4714,零售式量販業,09406,63.56,110年=100
營業額指數,4714,零售式量販業,09407,67.42,110年=100
營業額指數,4714,零售式量販業,09408,76.68,110年=100
營業額指數,4714,零售式量販業,09409,62.78,110年=100
營業額指數,4714,零售式量販業,09410,62.12,110年=100
營業額指數,4714,零售式量販業,09411,57.72,110年=100
營業額指數,4714,零售式量販業,09412,68.30,110年=100
營業額指數,4714,零售式量販業,09501,91.74,110年=100
營業額指數,4714,零售式量販業,09502,58.77,110年=100
營業額指數,4714,零售式量販業,09503,62.94,110年=100
營業額指數,4714,零售式量販業,09504,63.76,110年=100
營業額指數,4714,零售式量販業,09505,66.32,110年=100
營業額指數,4714,零售式量販業,09506,66.58,110年=100
營業額指數,4714,零售式量販業,09507,75.86,110年=100
營業額指數,4714,零售式量販業,09508,76.73,110年=100
營業額指數,4714,零售式量販業,09509,64.79,110年=100
營業額指數,4714,零售式量販業,09510,66.21,110年=100
營業額指數,4714,零售式量販業,09511,58.03,110年=100
營業額指數,4714,零售式量販業,09512,69.30,110年=100
營業額指數,4714,零售式量販業,09601,69.11,110年=100
營業額指數,4714,零售式量販業,09602,86.22,110年=100
營業額指數,4714,零售式量販業,09603,63.38,110年=100
營業額指數,4714,零售式量販業,09604,61.07,110年=100
營業額指數,4714,零售式量販業,09605,67.34,110年=100
營業額指數,4714,零售式量販業,09606,67.50,110年=100
營業額指數,4714,零售式量販業,09607,72.34,110年=100
營業額指數,4714,零售式量販業,09608,83.90,110年=100
營業額指數,4714,零售式量販業,09609,67.12,110年=100
營業額指數,4714,零售式量販業,09610,63.37,110年=100
營業額指數,4714,零售式量販業,09611,58.80,110年=100
營業額指數,4714,零售式量販業,09612,68.05,110年=100
營業額指數,4714,零售式量販業,09701,81.85,110年=100
營業額指數,4714,零售式量販業,09702,89.03,110年=100
營業額指數,4714,零售式量販業,09703,66.54,110年=100
營業額指數,4714,零售式量販業,09704,61.21,110年=100
營業額指數,4714,零售式量販業,09705,68.71,110年=100
營業額指數,4714,零售式量販業,09706,65.56,110年=100
營業額指數,4714,零售式量販業,09707,67.47,110年=100
營業額指數,4714,零售式量販業,09708,78.80,110年=100
營業額指數,4714,零售式量販業,09709,67.60,110年=100
營業額指數,4714,零售式量販業,09710,61.51,110年=100
營業額指數,4714,零售式量販業,09711,61.36,110年=100
營業額指數,4714,零售式量販業,09712,64.57,110年=100
營業額指數,4714,零售式量販業,09801,115.27,110年=100
營業額指數,4714,零售式量販業,09802,60.50,110年=100
營業額指數,4714,零售式量販業,09803,67.74,110年=100
營業額指數,4714,零售式量販業,09804,61.17,110年=100
營業額指數,4714,零售式量販業,09805,70.36,110年=100
營業額指數,4714,零售式量販業,09806,63.14,110年=100
營業額指數,4714,零售式量販業,09807,68.16,110年=100
營業額指數,4714,零售式量販業,09808,86.32,110年=100
營業額指數,4714,零售式量販業,09809,67.40,110年=100
營業額指數,4714,零售式量販業,09810,67.27,110年=100
營業額指數,4714,零售式量販業,09811,63.62,110年=100
營業額指數,4714,零售式量販業,09812,69.79,110年=100
營業額指數,4714,零售式量販業,09901,82.78,110年=100
營業額指數,4714,零售式量販業,09902,94.51,110年=100
營業額指數,4714,零售式量販業,09903,65.11,110年=100
營業額指數,4714,零售式量販業,09904,62.05,110年=100
營業額指數,4714,零售式量販業,09905,70.68,110年=100
營業額指數,4714,零售式量販業,09906,66.40,110年=100
營業額指數,4714,零售式量販業,09907,72.46,110年=100
營業額指數,4714,零售式量販業,09908,91.85,110年=100
營業額指數,4714,零售式量販業,09909,72.50,110年=100
營業額指數,4714,零售式量販業,09910,71.20,110年=100
營業額指數,4714,零售式量販業,09911,65.59,110年=100
營業額指數,4714,零售式量販業,09912,79.07,110年=100
營業額指數,4714,零售式量販業,10001,113.03,110年=100
營業額指數,4714,零售式量販業,10002,71.22,110年=100
營業額指數,4714,零售式量販業,10003,69.03,110年=100
營業額指數,4714,零售式量販業,10004,65.94,110年=100
營業額指數,4714,零售式量販業,10005,72.62,110年=100
營業額指數,4714,零售式量販業,10006,68.33,110年=100
營業額指數,4714,零售式量販業,10007,78.02,110年=100
營業額指數,4714,零售式量販業,10008,90.05,110年=100
營業額指數,4714,零售式量販業,10009,78.06,110年=100
營業額指數,4714,零售式量販業,10010,71.38,110年=100
營業額指數,4714,零售式量販業,10011,69.35,110年=100
營業額指數,4714,零售式量販業,10012,82.03,110年=100
營業額指數,4714,零售式量販業,10101,113.76,110年=100
營業額指數,4714,零售式量販業,10102,67.66,110年=100
營業額指數,4714,零售式量販業,10103,72.58,110年=100
營業額指數,4714,零售式量販業,10104,67.57,110年=100
營業額指數,4714,零售式量販業,10105,69.38,110年=100
營業額指數,4714,零售式量販業,10106,71.79,110年=100
營業額指數,4714,零售式量販業,10107,77.69,110年=100
營業額指數,4714,零售式量販業,10108,91.55,110年=100
營業額指數,4714,零售式量販業,10109,73.04,110年=100
營業額指數,4714,零售式量販業,10110,67.39,110年=100
營業額指數,4714,零售式量販業,10111,67.81,110年=100
營業額指數,4714,零售式量販業,10112,79.64,110年=100
營業額指數,4714,零售式量販業,10201,86.04,110年=100
營業額指數,4714,零售式量販業,10202,88.99,110年=100
營業額指數,4714,零售式量販業,10203,69.54,110年=100
營業額指數,4714,零售式量販業,10204,67.00,110年=100
營業額指數,4714,零售式量販業,10205,72.93,110年=100
營業額指數,4714,零售式量販業,10206,72.71,110年=100
營業額指數,4714,零售式量販業,10207,76.02,110年=100
營業額指數,4714,零售式量販業,10208,93.74,110年=100
營業額指數,4714,零售式量販業,10209,75.74,110年=100
營業額指數,4714,零售式量販業,10210,67.19,110年=100
營業額指數,4714,零售式量販業,10211,67.16,110年=100
營業額指數,4714,零售式量販業,10212,79.10,110年=100
營業額指數,4714,零售式量販業,10301,110.72,110年=100
營業額指數,4714,零售式量販業,10302,62.19,110年=100
營業額指數,4714,零售式量販業,10303,70.10,110年=100
營業額指數,4714,零售式量販業,10304,66.07,110年=100
營業額指數,4714,零售式量販業,10305,74.10,110年=100
營業額指數,4714,零售式量販業,10306,74.14,110年=100
營業額指數,4714,零售式量販業,10307,83.33,110年=100
營業額指數,4714,零售式量販業,10308,90.35,110年=100
營業額指數,4714,零售式量販業,10309,76.08,110年=100
營業額指數,4714,零售式量販業,10310,68.11,110年=100
營業額指數,4714,零售式量販業,10311,70.71,110年=100
營業額指數,4714,零售式量販業,10312,80.40,110年=100
營業額指數,4714,零售式量販業,10401,88.29,110年=100
營業額指數,4714,零售式量販業,10402,104.09,110年=100
營業額指數,4714,零售式量販業,10403,72.33,110年=100
營業額指數,4714,零售式量販業,10404,70.92,110年=100
營業額指數,4714,零售式量販業,10405,79.78,110年=100
營業額指數,4714,零售式量販業,10406,75.83,110年=100
營業額指數,4714,零售式量販業,10407,79.70,110年=100
營業額指數,4714,零售式量販業,10408,101.57,110年=100
營業額指數,4714,零售式量販業,10409,83.04,110年=100
營業額指數,4714,零售式量販業,10410,72.73,110年=100
營業額指數,4714,零售式量販業,10411,73.58,110年=100
營業額指數,4714,零售式量販業,10412,81.14,110年=100
營業額指數,4714,零售式量販業,10501,109.73,110年=100
營業額指數,4714,零售式量販業,10502,95.36,110年=100
營業額指數,4714,零售式量販業,10503,72.73,110年=100
營業額指數,4714,零售式量販業,10504,74.26,110年=100
營業額指數,4714,零售式量販業,10505,79.47,110年=100
營業額指數,4714,零售式量販業,10506,79.03,110年=100
營業額指數,4714,零售式量販業,10507,89.63,110年=100
營業額指數,4714,零售式量販業,10508,95.15,110年=100
營業額指數,4714,零售式量販業,10509,84.41,110年=100
營業額指數,4714,零售式量販業,10510,74.76,110年=100
營業額指數,4714,零售式量販業,10511,71.73,110年=100
營業額指數,4714,零售式量販業,10512,79.04,110年=100
營業額指數,4714,零售式量販業,10601,121.27,110年=100
營業額指數,4714,零售式量販業,10602,72.03,110年=100
營業額指數,4714,零售式量販業,10603,78.22,110年=100
營業額指數,4714,零售式量販業,10604,77.83,110年=100
營業額指數,4714,零售式量販業,10605,82.47,110年=100
營業額指數,4714,零售式量販業,10606,78.34,110年=100
營業額指數,4714,零售式量販業,10607,87.97,110年=100
營業額指數,4714,零售式量販業,10608,93.03,110年=100
營業額指數,4714,零售式量販業,10609,88.97,110年=100
營業額指數,4714,零售式量販業,10610,85.21,110年=100
營業額指數,4714,零售式量販業,10611,76.03,110年=100
營業額指數,4714,零售式量販業,10612,84.43,110年=100
營業額指數,4714,零售式量販業,10701,95.06,110年=100
營業額指數,4714,零售式量販業,10702,106.91,110年=100
營業額指數,4714,零售式量販業,10703,73.25,110年=100
營業額指數,4714,零售式量販業,10704,75.41,110年=100
營業額指數,4714,零售式量販業,10705,78.67,110年=100
營業額指數,4714,零售式量販業,10706,79.07,110年=100
營業額指數,4714,零售式量販業,10707,85.84,110年=100
營業額指數,4714,零售式量販業,10708,100.88,110年=100
營業額指數,4714,零售式量販業,10709,88.67,110年=100
營業額指數,4714,零售式量販業,10710,74.44,110年=100
營業額指數,4714,零售式量販業,10711,77.18,110年=100
營業額指數,4714,零售式量販業,10712,88.35,110年=100
營業額指數,4714,零售式量販業,10801,109.89,110年=100
營業額指數,4714,零售式量販業,10802,85.96,110年=100
營業額指數,4714,零售式量販業,10803,82.04,110年=100
營業額指數,4714,零售式量販業,10804,77.62,110年=100
營業額指數,4714,零售式量販業,10805,81.85,110年=100
營業額指數,4714,零售式量販業,10806,84.81,110年=100
營業額指數,4714,零售式量販業,10807,90.57,110年=100
營業額指數,4714,零售式量販業,10808,106.33,110年=100
營業額指數,4714,零售式量販業,10809,90.03,110年=100
營業額指數,4714,零售式量販業,10810,80.02,110年=100
營業額指數,4714,零售式量販業,10811,84.33,110年=100
營業額指數,4714,零售式量販業,10812,93.07,110年=100
營業額指數,4714,零售式量販業,10901,126.38,110年=100
營業額指數,4714,零售式量販業,10902,86.66,110年=100
營業額指數,4714,零售式量販業,10903,98.72,110年=100
營業額指數,4714,零售式量販業,10904,83.25,110年=100
營業額指數,4714,零售式量販業,10905,95.14,110年=100
營業額指數,4714,零售式量販業,10906,88.15,110年=100
營業額指數,4714,零售式量販業,10907,98.00,110年=100
營業額指數,4714,零售式量販業,10908,114.61,110年=100
營業額指數,4714,零售式量販業,10909,91.22,110年=100
營業額指數,4714,零售式量販業,10910,89.61,110年=100
營業額指數,4714,零售式量販業,10911,91.29,110年=100
營業額指數,4714,零售式量販業,10912,98.86,110年=100
營業額指數,4714,零售式量販業,11001,118.83,110年=100
營業額指數,4714,零售式量販業,11002,100.10,110年=100
營業額指數,4714,零售式量販業,11003,89.19,110年=100
營業額指數,4714,零售式量販業,11004,85.61,110年=100
營業額指數,4714,零售式量販業,11005,94.92,110年=100
營業額指數,4714,零售式量販業,11006,92.11,110年=100
營業額指數,4714,零售式量販業,11007,103.49,110年=100
營業額指數,4714,零售式量販業,11008,114.59,110年=100
營業額指數,4714,零售式量販業,11009,99.85,110年=100
營業額指數,4714,零售式量販業,11010,103.19,110年=100
營業額指數,4714,零售式量販業,11011,98.37,110年=100
營業額指數,4714,零售式量販業,11012,99.77,110年=100
營業額指數,4714,零售式量販業,11101,130.82,110年=100
營業額指數,4714,零售式量販業,11102,86.45,110年=100
營業額指數,4714,零售式量販業,11103,90.36,110年=100
營業額指數,4714,零售式量販業,11104,92.69,110年=100
營業額指數,4714,零售式量販業,11105,93.76,110年=100
營業額指數,4714,零售式量販業,11106,94.04,110年=100
營業額指數,4714,零售式量販業,11107,103.76,110年=100
營業額指數,4714,零售式量販業,11108,104.92,110年=100
營業額指數,4714,零售式量販業,11109,99.22,110年=100
營業額指數,4714,零售式量販業,11110,96.50,110年=100
營業額指數,4714,零售式量販業,11111,94.39,110年=100
營業額指數,4714,零售式量販業,11112,106.77,110年=100
營業額指數,4714,零售式量販業,11201,129.85,110年=100
營業額指數,4714,零售式量販業,11202,82.26,110年=100
營業額指數,4714,零售式量販業,11203,88.83,110年=100
營業額指數,4714,零售式量販業,11204,90.92,110年=100
營業額指數,4714,零售式量販業,11205,87.52,110年=100
營業額指數,4714,零售式量販業,11206,86.73,110年=100
營業額指數,4714,零售式量販業,11207,95.89,110年=100
營業額指數,4714,零售式量販業,11208,106.29,110年=100
營業額指數,4714,零售式量販業,11209,96.35,110年=100
營業額指數,4714,零售式量販業,11210,87.87,110年=100
營業額指數,4714,零售式量販業,11211,93.93,110年=100
營業額指數,4714,零售式量販業,11212,96.31,110年=100
營業額指數,4714,零售式量販業,11301,113.40,110年=100
營業額指數,4714,零售式量販業,11302,101.25,110年=100
營業額指數,4714,零售式量販業,11303,87.50,110年=100
營業額指數,4714,零售式量販業,11304,87.47,110年=100
營業額指數,4714,零售式量販業,11305,88.41,110年=100
營業額指數,4714,零售式量販業,11306,89.30,110年=100
營業額指數,4714,零售式量販業,11307,95.94,110年=100
營業額指數,4714,零售式量販業,11308,107.56,110年=100
營業額指數,4714,零售式量販業,11309,103.73,110年=100
營業額指數,4714,零售式量販業,11310,95.65,110年=100
營業額指數,4714,零售式量販業,11311,99.06,110年=100
營業額指數,4714,零售式量販業,11312,102.33,110年=100
營業額指數,4714,零售式量販業,11401,129.14,110年=100
營業額指數,4714,零售式量販業,11402,82.09,110年=100
營業額指數,4714,零售式量販業,11403,94.62,110年=100
營業額指數,4714,零售式量販業,11404,91.14,110年=100
營業額指數,4714,零售式量販業,11405,97.67,110年=100
營業額指數,4714,零售式量販業,11406,91.96,110年=100
營業額指數,4714,零售式量販業,11407,93.72,110年=100
營業額指數,4714,零售式量販業,11408,107.45,110年=100
營業額指數,4714,零售式量販業,11409,99.11,110年=100
營業額指數,4714,零售式量販業,11410,97.41,110年=100
營業額指數,4714,零售式量販業,11411,110.41,110年=100
營業額指數,4714,零售式量販業,11412,100.70,110年=100
營業額指數,4714,零售式量販業,11501,115.94,110年=100
營業額指數,4714,零售式量販業,11502,111.25,110年=100
營業額指數,4719,其他綜合商品零售業,08801,138.54,110年=100
營業額指數,4719,其他綜合商品零售業,08802,138.47,110年=100
營業額指數,4719,其他綜合商品零售業,08803,141.56,110年=100
營業額指數,4719,其他綜合商品零售業,08804,142.48,110年=100
營業額指數,4719,其他綜合商品零售業,08805,146.53,110年=100
營業額指數,4719,其他綜合商品零售業,08806,148.39,110年=100
營業額指數,4719,其他綜合商品零售業,08807,146.33,110年=100
營業額指數,4719,其他綜合商品零售業,08808,141.71,110年=100
營業額指數,4719,其他綜合商品零售業,08809,135.28,110年=100
營業額指數,4719,其他綜合商品零售業,08810,130.73,110年=100
營業額指數,4719,其他綜合商品零售業,08811,133.31,110年=100
營業額指數,4719,其他綜合商品零售業,08812,141.14,110年=100
營業額指數,4719,其他綜合商品零售業,08901,141.99,110年=100
營業額指數,4719,其他綜合商品零售業,08902,138.01,110年=100
營業額指數,4719,其他綜合商品零售業,08903,144.64,110年=100
營業額指數,4719,其他綜合商品零售業,08904,141.25,110年=100
營業額指數,4719,其他綜合商品零售業,08905,146.37,110年=100
營業額指數,4719,其他綜合商品零售業,08906,150.22,110年=100
營業額指數,4719,其他綜合商品零售業,08907,156.74,110年=100
營業額指數,4719,其他綜合商品零售業,08908,157.18,110年=100
營業額指數,4719,其他綜合商品零售業,08909,149.59,110年=100
營業額指數,4719,其他綜合商品零售業,08910,154.45,110年=100
營業額指數,4719,其他綜合商品零售業,08911,146.77,110年=100
營業額指數,4719,其他綜合商品零售業,08912,155.49,110年=100
營業額指數,4719,其他綜合商品零售業,09001,155.82,110年=100
營業額指數,4719,其他綜合商品零售業,09002,144.56,110年=100
營業額指數,4719,其他綜合商品零售業,09003,153.95,110年=100
營業額指數,4719,其他綜合商品零售業,09004,139.63,110年=100
營業額指數,4719,其他綜合商品零售業,09005,141.27,110年=100
營業額指數,4719,其他綜合商品零售業,09006,132.64,110年=100
營業額指數,4719,其他綜合商品零售業,09007,139.50,110年=100
營業額指數,4719,其他綜合商品零售業,09008,143.11,110年=100
營業額指數,4719,其他綜合商品零售業,09009,133.49,110年=100
營業額指數,4719,其他綜合商品零售業,09010,139.15,110年=100
營業額指數,4719,其他綜合商品零售業,09011,140.74,110年=100
營業額指數,4719,其他綜合商品零售業,09012,143.37,110年=100
營業額指數,4719,其他綜合商品零售業,09101,149.03,110年=100
營業額指數,4719,其他綜合商品零售業,09102,139.24,110年=100
營業額指數,4719,其他綜合商品零售業,09103,145.04,110年=100
營業額指數,4719,其他綜合商品零售業,09104,132.50,110年=100
營業額指數,4719,其他綜合商品零售業,09105,141.78,110年=100
營業額指數,4719,其他綜合商品零售業,09106,130.09,110年=100
營業額指數,4719,其他綜合商品零售業,09107,135.99,110年=100
營業額指數,4719,其他綜合商品零售業,09108,132.40,110年=100
營業額指數,4719,其他綜合商品零售業,09109,126.43,110年=100
營業額指數,4719,其他綜合商品零售業,09110,131.69,110年=100
營業額指數,4719,其他綜合商品零售業,09111,124.15,110年=100
營業額指數,4719,其他綜合商品零售業,09112,133.39,110年=100
營業額指數,4719,其他綜合商品零售業,09201,151.04,110年=100
營業額指數,4719,其他綜合商品零售業,09202,144.79,110年=100
營業額指數,4719,其他綜合商品零售業,09203,151.91,110年=100
營業額指數,4719,其他綜合商品零售業,09204,149.30,110年=100
營業額指數,4719,其他綜合商品零售業,09205,133.29,110年=100
營業額指數,4719,其他綜合商品零售業,09206,136.12,110年=100
營業額指數,4719,其他綜合商品零售業,09207,150.56,110年=100
營業額指數,4719,其他綜合商品零售業,09208,156.11,110年=100
營業額指數,4719,其他綜合商品零售業,09209,144.30,110年=100
營業額指數,4719,其他綜合商品零售業,09210,144.78,110年=100
營業額指數,4719,其他綜合商品零售業,09211,140.98,110年=100
營業額指數,4719,其他綜合商品零售業,09212,150.97,110年=100
營業額指數,4719,其他綜合商品零售業,09301,162.61,110年=100
營業額指數,4719,其他綜合商品零售業,09302,146.32,110年=100
營業額指數,4719,其他綜合商品零售業,09303,150.36,110年=100
營業額指數,4719,其他綜合商品零售業,09304,151.38,110年=100
營業額指數,4719,其他綜合商品零售業,09305,159.34,110年=100
營業額指數,4719,其他綜合商品零售業,09306,164.54,110年=100
營業額指數,4719,其他綜合商品零售業,09307,165.77,110年=100
營業額指數,4719,其他綜合商品零售業,09308,162.59,110年=100
營業額指數,4719,其他綜合商品零售業,09309,164.20,110年=100
營業額指數,4719,其他綜合商品零售業,09310,151.11,110年=100
營業額指數,4719,其他綜合商品零售業,09311,155.99,110年=100
營業額指數,4719,其他綜合商品零售業,09312,162.07,110年=100
營業額指數,4719,其他綜合商品零售業,09401,154.55,110年=100
營業額指數,4719,其他綜合商品零售業,09402,154.84,110年=100
營業額指數,4719,其他綜合商品零售業,09403,141.15,110年=100
營業額指數,4719,其他綜合商品零售業,09404,141.73,110年=100
營業額指數,4719,其他綜合商品零售業,09405,140.01,110年=100
營業額指數,4719,其他綜合商品零售業,09406,141.90,110年=100
營業額指數,4719,其他綜合商品零售業,09407,140.23,110年=100
營業額指數,4719,其他綜合商品零售業,09408,144.90,110年=100
營業額指數,4719,其他綜合商品零售業,09409,137.74,110年=100
營業額指數,4719,其他綜合商品零售業,09410,138.53,110年=100
營業額指數,4719,其他綜合商品零售業,09411,140.91,110年=100
營業額指數,4719,其他綜合商品零售業,09412,153.78,110年=100
營業額指數,4719,其他綜合商品零售業,09501,161.47,110年=100
營業額指數,4719,其他綜合商品零售業,09502,140.05,110年=100
營業額指數,4719,其他綜合商品零售業,09503,144.06,110年=100
營業額指數,4719,其他綜合商品零售業,09504,143.79,110年=100
營業額指數,4719,其他綜合商品零售業,09505,138.44,110年=100
營業額指數,4719,其他綜合商品零售業,09506,141.59,110年=100
營業額指數,4719,其他綜合商品零售業,09507,144.95,110年=100
營業額指數,4719,其他綜合商品零售業,09508,149.48,110年=100
營業額指數,4719,其他綜合商品零售業,09509,147.82,110年=100
營業額指數,4719,其他綜合商品零售業,09510,152.69,110年=100
營業額指數,4719,其他綜合商品零售業,09511,152.29,110年=100
營業額指數,4719,其他綜合商品零售業,09512,156.86,110年=100
營業額指數,4719,其他綜合商品零售業,09601,149.06,110年=100
營業額指數,4719,其他綜合商品零售業,09602,160.26,110年=100
營業額指數,4719,其他綜合商品零售業,09603,149.57,110年=100
營業額指數,4719,其他綜合商品零售業,09604,142.05,110年=100
營業額指數,4719,其他綜合商品零售業,09605,144.97,110年=100
營業額指數,4719,其他綜合商品零售業,09606,142.90,110年=100
營業額指數,4719,其他綜合商品零售業,09607,142.74,110年=100
營業額指數,4719,其他綜合商品零售業,09608,146.75,110年=100
營業額指數,4719,其他綜合商品零售業,09609,149.43,110年=100
營業額指數,4719,其他綜合商品零售業,09610,142.35,110年=100
營業額指數,4719,其他綜合商品零售業,09611,141.41,110年=100
營業額指數,4719,其他綜合商品零售業,09612,150.17,110年=100
營業額指數,4719,其他綜合商品零售業,09701,148.92,110年=100
營業額指數,4719,其他綜合商品零售業,09702,152.51,110年=100
營業額指數,4719,其他綜合商品零售業,09703,141.60,110年=100
營業額指數,4719,其他綜合商品零售業,09704,136.82,110年=100
營業額指數,4719,其他綜合商品零售業,09705,135.97,110年=100
營業額指數,4719,其他綜合商品零售業,09706,131.79,110年=100
營業額指數,4719,其他綜合商品零售業,09707,122.29,110年=100
營業額指數,4719,其他綜合商品零售業,09708,131.57,110年=100
營業額指數,4719,其他綜合商品零售業,09709,127.11,110年=100
營業額指數,4719,其他綜合商品零售業,09710,138.07,110年=100
營業額指數,4719,其他綜合商品零售業,09711,135.43,110年=100
營業額指數,4719,其他綜合商品零售業,09712,144.53,110年=100
營業額指數,4719,其他綜合商品零售業,09801,161.77,110年=100
營業額指數,4719,其他綜合商品零售業,09802,150.38,110年=100
營業額指數,4719,其他綜合商品零售業,09803,145.18,110年=100
營業額指數,4719,其他綜合商品零售業,09804,141.01,110年=100
營業額指數,4719,其他綜合商品零售業,09805,141.30,110年=100
營業額指數,4719,其他綜合商品零售業,09806,129.93,110年=100
營業額指數,4719,其他綜合商品零售業,09807,136.73,110年=100
營業額指數,4719,其他綜合商品零售業,09808,136.00,110年=100
營業額指數,4719,其他綜合商品零售業,09809,132.43,110年=100
營業額指數,4719,其他綜合商品零售業,09810,141.79,110年=100
營業額指數,4719,其他綜合商品零售業,09811,140.30,110年=100
營業額指數,4719,其他綜合商品零售業,09812,146.40,110年=100
營業額指數,4719,其他綜合商品零售業,09901,140.16,110年=100
營業額指數,4719,其他綜合商品零售業,09902,168.55,110年=100
營業額指數,4719,其他綜合商品零售業,09903,149.59,110年=100
營業額指數,4719,其他綜合商品零售業,09904,143.07,110年=100
營業額指數,4719,其他綜合商品零售業,09905,147.07,110年=100
營業額指數,4719,其他綜合商品零售業,09906,136.42,110年=100
營業額指數,4719,其他綜合商品零售業,09907,143.51,110年=100
營業額指數,4719,其他綜合商品零售業,09908,144.91,110年=100
營業額指數,4719,其他綜合商品零售業,09909,142.50,110年=100
營業額指數,4719,其他綜合商品零售業,09910,145.28,110年=100
營業額指數,4719,其他綜合商品零售業,09911,141.31,110年=100
營業額指數,4719,其他綜合商品零售業,09912,148.81,110年=100
營業額指數,4719,其他綜合商品零售業,10001,154.46,110年=100
營業額指數,4719,其他綜合商品零售業,10002,154.43,110年=100
營業額指數,4719,其他綜合商品零售業,10003,148.13,110年=100
營業額指數,4719,其他綜合商品零售業,10004,148.80,110年=100
營業額指數,4719,其他綜合商品零售業,10005,144.90,110年=100
營業額指數,4719,其他綜合商品零售業,10006,140.50,110年=100
營業額指數,4719,其他綜合商品零售業,10007,144.17,110年=100
營業額指數,4719,其他綜合商品零售業,10008,146.32,110年=100
營業額指數,4719,其他綜合商品零售業,10009,145.52,110年=100
營業額指數,4719,其他綜合商品零售業,10010,148.03,110年=100
營業額指數,4719,其他綜合商品零售業,10011,147.42,110年=100
營業額指數,4719,其他綜合商品零售業,10012,150.81,110年=100
營業額指數,4719,其他綜合商品零售業,10101,150.61,110年=100
營業額指數,4719,其他綜合商品零售業,10102,148.08,110年=100
營業額指數,4719,其他綜合商品零售業,10103,149.14,110年=100
營業額指數,4719,其他綜合商品零售業,10104,150.17,110年=100
營業額指數,4719,其他綜合商品零售業,10105,149.26,110年=100
營業額指數,4719,其他綜合商品零售業,10106,146.22,110年=100
營業額指數,4719,其他綜合商品零售業,10107,146.02,110年=100
營業額指數,4719,其他綜合商品零售業,10108,143.61,110年=100
營業額指數,4719,其他綜合商品零售業,10109,140.99,110年=100
營業額指數,4719,其他綜合商品零售業,10110,146.67,110年=100
營業額指數,4719,其他綜合商品零售業,10111,141.68,110年=100
營業額指數,4719,其他綜合商品零售業,10112,154.25,110年=100
營業額指數,4719,其他綜合商品零售業,10201,148.75,110年=100
營業額指數,4719,其他綜合商品零售業,10202,162.58,110年=100
營業額指數,4719,其他綜合商品零售業,10203,150.00,110年=100
營業額指數,4719,其他綜合商品零售業,10204,149.17,110年=100
營業額指數,4719,其他綜合商品零售業,10205,143.95,110年=100
營業額指數,4719,其他綜合商品零售業,10206,147.66,110年=100
營業額指數,4719,其他綜合商品零售業,10207,146.61,110年=100
營業額指數,4719,其他綜合商品零售業,10208,149.43,110年=100
營業額指數,4719,其他綜合商品零售業,10209,146.82,110年=100
營業額指數,4719,其他綜合商品零售業,10210,150.90,110年=100
營業額指數,4719,其他綜合商品零售業,10211,148.42,110年=100
營業額指數,4719,其他綜合商品零售業,10212,158.28,110年=100
營業額指數,4719,其他綜合商品零售業,10301,152.65,110年=100
營業額指數,4719,其他綜合商品零售業,10302,160.56,110年=100
營業額指數,4719,其他綜合商品零售業,10303,155.55,110年=100
營業額指數,4719,其他綜合商品零售業,10304,153.80,110年=100
營業額指數,4719,其他綜合商品零售業,10305,157.20,110年=100
營業額指數,4719,其他綜合商品零售業,10306,156.31,110年=100
營業額指數,4719,其他綜合商品零售業,10307,156.40,110年=100
營業額指數,4719,其他綜合商品零售業,10308,155.43,110年=100
營業額指數,4719,其他綜合商品零售業,10309,147.70,110年=100
營業額指數,4719,其他綜合商品零售業,10310,161.52,110年=100
營業額指數,4719,其他綜合商品零售業,10311,159.32,110年=100
營業額指數,4719,其他綜合商品零售業,10312,178.00,110年=100
營業額指數,4719,其他綜合商品零售業,10401,165.55,110年=100
營業額指數,4719,其他綜合商品零售業,10402,186.69,110年=100
營業額指數,4719,其他綜合商品零售業,10403,160.64,110年=100
營業額指數,4719,其他綜合商品零售業,10404,160.02,110年=100
營業額指數,4719,其他綜合商品零售業,10405,172.37,110年=100
營業額指數,4719,其他綜合商品零售業,10406,162.36,110年=100
營業額指數,4719,其他綜合商品零售業,10407,161.45,110年=100
營業額指數,4719,其他綜合商品零售業,10408,164.53,110年=100
營業額指數,4719,其他綜合商品零售業,10409,151.29,110年=100
營業額指數,4719,其他綜合商品零售業,10410,168.33,110年=100
營業額指數,4719,其他綜合商品零售業,10411,164.96,110年=100
營業額指數,4719,其他綜合商品零售業,10412,170.50,110年=100
營業額指數,4719,其他綜合商品零售業,10501,168.95,110年=100
營業額指數,4719,其他綜合商品零售業,10502,188.62,110年=100
營業額指數,4719,其他綜合商品零售業,10503,148.22,110年=100
營業額指數,4719,其他綜合商品零售業,10504,159.02,110年=100
營業額指數,4719,其他綜合商品零售業,10505,168.33,110年=100
營業額指數,4719,其他綜合商品零售業,10506,160.11,110年=100
營業額指數,4719,其他綜合商品零售業,10507,157.80,110年=100
營業額指數,4719,其他綜合商品零售業,10508,156.40,110年=100
營業額指數,4719,其他綜合商品零售業,10509,151.93,110年=100
營業額指數,4719,其他綜合商品零售業,10510,159.09,110年=100
營業額指數,4719,其他綜合商品零售業,10511,155.53,110年=100
營業額指數,4719,其他綜合商品零售業,10512,168.37,110年=100
營業額指數,4719,其他綜合商品零售業,10601,161.77,110年=100
營業額指數,4719,其他綜合商品零售業,10602,148.04,110年=100
營業額指數,4719,其他綜合商品零售業,10603,141.40,110年=100
營業額指數,4719,其他綜合商品零售業,10604,145.54,110年=100
營業額指數,4719,其他綜合商品零售業,10605,154.35,110年=100
營業額指數,4719,其他綜合商品零售業,10606,149.82,110年=100
營業額指數,4719,其他綜合商品零售業,10607,143.59,110年=100
營業額指數,4719,其他綜合商品零售業,10608,149.62,110年=100
營業額指數,4719,其他綜合商品零售業,10609,145.10,110年=100
營業額指數,4719,其他綜合商品零售業,10610,160.16,110年=100
營業額指數,4719,其他綜合商品零售業,10611,156.38,110年=100
營業額指數,4719,其他綜合商品零售業,10612,160.53,110年=100
營業額指數,4719,其他綜合商品零售業,10701,147.04,110年=100
營業額指數,4719,其他綜合商品零售業,10702,165.15,110年=100
營業額指數,4719,其他綜合商品零售業,10703,149.91,110年=100
營業額指數,4719,其他綜合商品零售業,10704,156.95,110年=100
營業額指數,4719,其他綜合商品零售業,10705,160.93,110年=100
營業額指數,4719,其他綜合商品零售業,10706,152.74,110年=100
營業額指數,4719,其他綜合商品零售業,10707,144.43,110年=100
營業額指數,4719,其他綜合商品零售業,10708,154.18,110年=100
營業額指數,4719,其他綜合商品零售業,10709,146.88,110年=100
營業額指數,4719,其他綜合商品零售業,10710,161.43,110年=100
營業額指數,4719,其他綜合商品零售業,10711,151.57,110年=100
營業額指數,4719,其他綜合商品零售業,10712,169.77,110年=100
營業額指數,4719,其他綜合商品零售業,10801,161.69,110年=100
營業額指數,4719,其他綜合商品零售業,10802,165.46,110年=100
營業額指數,4719,其他綜合商品零售業,10803,159.07,110年=100
營業額指數,4719,其他綜合商品零售業,10804,168.00,110年=100
營業額指數,4719,其他綜合商品零售業,10805,173.69,110年=100
營業額指數,4719,其他綜合商品零售業,10806,160.39,110年=100
營業額指數,4719,其他綜合商品零售業,10807,161.52,110年=100
營業額指數,4719,其他綜合商品零售業,10808,163.44,110年=100
營業額指數,4719,其他綜合商品零售業,10809,143.80,110年=100
營業額指數,4719,其他綜合商品零售業,10810,156.64,110年=100
營業額指數,4719,其他綜合商品零售業,10811,148.68,110年=100
營業額指數,4719,其他綜合商品零售業,10812,155.29,110年=100
營業額指數,4719,其他綜合商品零售業,10901,157.16,110年=100
營業額指數,4719,其他綜合商品零售業,10902,112.41,110年=100
營業額指數,4719,其他綜合商品零售業,10903,105.10,110年=100
營業額指數,4719,其他綜合商品零售業,10904,98.89,110年=100
營業額指數,4719,其他綜合商品零售業,10905,108.76,110年=100
營業額指數,4719,其他綜合商品零售業,10906,103.73,110年=100
營業額指數,4719,其他綜合商品零售業,10907,120.90,110年=100
營業額指數,4719,其他綜合商品零售業,10908,129.14,110年=100
營業額指數,4719,其他綜合商品零售業,10909,110.72,110年=100
營業額指數,4719,其他綜合商品零售業,10910,112.49,110年=100
營業額指數,4719,其他綜合商品零售業,10911,98.08,110年=100
營業額指數,4719,其他綜合商品零售業,10912,107.46,110年=100
營業額指數,4719,其他綜合商品零售業,11001,109.38,110年=100
營業額指數,4719,其他綜合商品零售業,11002,99.96,110年=100
營業額指數,4719,其他綜合商品零售業,11003,119.70,110年=100
營業額指數,4719,其他綜合商品零售業,11004,124.02,110年=100
營業額指數,4719,其他綜合商品零售業,11005,102.74,110年=100
營業額指數,4719,其他綜合商品零售業,11006,66.72,110年=100
營業額指數,4719,其他綜合商品零售業,11007,79.22,110年=100
營業額指數,4719,其他綜合商品零售業,11008,95.18,110年=100
營業額指數,4719,其他綜合商品零售業,11009,96.68,110年=100
營業額指數,4719,其他綜合商品零售業,11010,102.95,110年=100
營業額指數,4719,其他綜合商品零售業,11011,97.75,110年=100
營業額指數,4719,其他綜合商品零售業,11012,105.71,110年=100
營業額指數,4719,其他綜合商品零售業,11101,102.93,110年=100
營業額指數,4719,其他綜合商品零售業,11102,90.91,110年=100
營業額指數,4719,其他綜合商品零售業,11103,98.36,110年=100
營業額指數,4719,其他綜合商品零售業,11104,101.88,110年=100
營業額指數,4719,其他綜合商品零售業,11105,94.52,110年=100
營業額指數,4719,其他綜合商品零售業,11106,97.28,110年=100
營業額指數,4719,其他綜合商品零售業,11107,107.14,110年=100
營業額指數,4719,其他綜合商品零售業,11108,116.02,110年=100
營業額指數,4719,其他綜合商品零售業,11109,109.77,110年=100
營業額指數,4719,其他綜合商品零售業,11110,114.16,110年=100
營業額指數,4719,其他綜合商品零售業,11111,111.43,110年=100
營業額指數,4719,其他綜合商品零售業,11112,126.21,110年=100
營業額指數,4719,其他綜合商品零售業,11201,132.59,110年=100
營業額指數,4719,其他綜合商品零售業,11202,111.88,110年=100
營業額指數,4719,其他綜合商品零售業,11203,126.43,110年=100
營業額指數,4719,其他綜合商品零售業,11204,134.79,110年=100
營業額指數,4719,其他綜合商品零售業,11205,135.25,110年=100
營業額指數,4719,其他綜合商品零售業,11206,136.93,110年=100
營業額指數,4719,其他綜合商品零售業,11207,135.64,110年=100
營業額指數,4719,其他綜合商品零售業,11208,134.92,110年=100
營業額指數,4719,其他綜合商品零售業,11209,128.33,110年=100
營業額指數,4719,其他綜合商品零售業,11210,135.02,110年=100
營業額指數,4719,其他綜合商品零售業,11211,129.61,110年=100
營業額指數,4719,其他綜合商品零售業,11212,138.71,110年=100
營業額指數,4719,其他綜合商品零售業,11301,137.46,110年=100
營業額指數,4719,其他綜合商品零售業,11302,137.85,110年=100
營業額指數,4719,其他綜合商品零售業,11303,132.47,110年=100
營業額指數,4719,其他綜合商品零售業,11304,134.25,110年=100
營業額指數,4719,其他綜合商品零售業,11305,142.47,110年=100
營業額指數,4719,其他綜合商品零售業,11306,142.48,110年=100
營業額指數,4719,其他綜合商品零售業,11307,140.78,110年=100
營業額指數,4719,其他綜合商品零售業,11308,143.13,110年=100
營業額指數,4719,其他綜合商品零售業,11309,139.86,110年=100
營業額指數,4719,其他綜合商品零售業,11310,139.66,110年=100
營業額指數,4719,其他綜合商品零售業,11311,137.79,110年=100
營業額指數,4719,其他綜合商品零售業,11312,151.22,110年=100
營業額指數,4719,其他綜合商品零售業,11401,150.59,110年=100
營業額指數,4719,其他綜合商品零售業,11402,128.70,110年=100
營業額指數,4719,其他綜合商品零售業,11403,131.53,110年=100
營業額指數,4719,其他綜合商品零售業,11404,132.71,110年=100
營業額指數,4719,其他綜合商品零售業,11405,142.48,110年=100
營業額指數,4719,其他綜合商品零售業,11406,140.08,110年=100
營業額指數,4719,其他綜合商品零售業,11407,140.32,110年=100
營業額指數,4719,其他綜合商品零售業,11408,145.93,110年=100
營業額指數,4719,其他綜合商品零售業,11409,140.71,110年=100
營業額指數,4719,其他綜合商品零售業,11410,143.94,110年=100
營業額指數,4719,其他綜合商品零售業,11411,139.83,110年=100
營業額指數,4719,其他綜合商品零售業,11412,148.76,110年=100
營業額指數,4719,其他綜合商品零售業,11501,145.87,110年=100
營業額指數,4719,其他綜合商品零售業,11502,148.47,110年=100
營業額指數,472,食品、飲料及菸草製品零售業,08801,103.95,110年=100
營業額指數,472,食品、飲料及菸草製品零售業,08802,108.18,110年=100
營業額指數,472,食品、飲料及菸草製品零售業,08803,108.97,110年=100
營業額指數,472,食品、飲料及菸草製品零售業,08804,111.10,110年=100
營業額指數,472,食品、飲料及菸草製品零售業,08805,107.62,110年=100
營業額指數,472,食品、飲料及菸草製品零售業,08806,113.02,110年=100
營業額指數,472,食品、飲料及菸草製品零售業,08807,113.66,110年=100
營業額指數,472,食品、飲料及菸草製品零售業,08808,114.10,110年=100
營業額指數,472,食品、飲料及菸草製品零售業,08809,115.94,110年=100
營業額指數,472,食品、飲料及菸草製品零售業,08810,112.47,110年=100
營業額指數,472,食品、飲料及菸草製品零售業,08811,115.13,110年=100
營業額指數,472,食品、飲料及菸草製品零售業,08812,118.78,110年=100
營業額指數,472,食品、飲料及菸草製品零售業,08901,116.70,110年=100
營業額指數,472,食品、飲料及菸草製品零售業,08902,114.36,110年=100
營業額指數,472,食品、飲料及菸草製品零售業,08903,119.48,110年=100
營業額指數,472,食品、飲料及菸草製品零售業,08904,117.13,110年=100
營業額指數,472,食品、飲料及菸草製品零售業,08905,116.98,110年=100
營業額指數,472,食品、飲料及菸草製品零售業,08906,120.65,110年=100
營業額指數,472,食品、飲料及菸草製品零售業,08907,123.45,110年=100
營業額指數,472,食品、飲料及菸草製品零售業,08908,125.01,110年=100
營業額指數,472,食品、飲料及菸草製品零售業,08909,118.65,110年=100
營業額指數,472,食品、飲料及菸草製品零售業,08910,113.33,110年=100
營業額指數,472,食品、飲料及菸草製品零售業,08911,114.22,110年=100
營業額指數,472,食品、飲料及菸草製品零售業,08912,120.77,110年=100
營業額指數,472,食品、飲料及菸草製品零售業,09001,129.09,110年=100
營業額指數,472,食品、飲料及菸草製品零售業,09002,123.98,110年=100
營業額指數,472,食品、飲料及菸草製品零售業,09003,128.14,110年=100
營業額指數,472,食品、飲料及菸草製品零售業,09004,123.37,110年=100
營業額指數,472,食品、飲料及菸草製品零售業,09005,129.25,110年=100
營業額指數,472,食品、飲料及菸草製品零售業,09006,129.45,110年=100
營業額指數,472,食品、飲料及菸草製品零售業,09007,135.09,110年=100
營業額指數,472,食品、飲料及菸草製品零售業,09008,137.83,110年=100
營業額指數,472,食品、飲料及菸草製品零售業,09009,120.95,110年=100
營業額指數,472,食品、飲料及菸草製品零售業,09010,113.46,110年=100
營業額指數,472,食品、飲料及菸草製品零售業,09011,123.78,110年=100
營業額指數,472,食品、飲料及菸草製品零售業,09012,135.42,110年=100
營業額指數,472,食品、飲料及菸草製品零售業,09101,138.98,110年=100
營業額指數,472,食品、飲料及菸草製品零售業,09102,135.20,110年=100
營業額指數,472,食品、飲料及菸草製品零售業,09103,145.26,110年=100
營業額指數,472,食品、飲料及菸草製品零售業,09104,139.72,110年=100
營業額指數,472,食品、飲料及菸草製品零售業,09105,146.50,110年=100
營業額指數,472,食品、飲料及菸草製品零售業,09106,143.08,110年=100
營業額指數,472,食品、飲料及菸草製品零售業,09107,139.34,110年=100
營業額指數,472,食品、飲料及菸草製品零售業,09108,146.17,110年=100
營業額指數,472,食品、飲料及菸草製品零售業,09109,139.51,110年=100
營業額指數,472,食品、飲料及菸草製品零售業,09110,140.05,110年=100
營業額指數,472,食品、飲料及菸草製品零售業,09111,132.04,110年=100
營業額指數,472,食品、飲料及菸草製品零售業,09112,136.11,110年=100
營業額指數,472,食品、飲料及菸草製品零售業,09201,146.47,110年=100
營業額指數,472,食品、飲料及菸草製品零售業,09202,131.65,110年=100
營業額指數,472,食品、飲料及菸草製品零售業,09203,145.17,110年=100
營業額指數,472,食品、飲料及菸草製品零售業,09204,146.75,110年=100
營業額指數,472,食品、飲料及菸草製品零售業,09205,150.04,110年=100
營業額指數,472,食品、飲料及菸草製品零售業,09206,151.68,110年=100
營業額指數,472,食品、飲料及菸草製品零售業,09207,160.20,110年=100
營業額指數,472,食品、飲料及菸草製品零售業,09208,156.42,110年=100
營業額指數,472,食品、飲料及菸草製品零售業,09209,155.87,110年=100
營業額指數,472,食品、飲料及菸草製品零售業,09210,147.13,110年=100
營業額指數,472,食品、飲料及菸草製品零售業,09211,146.03,110年=100
營業額指數,472,食品、飲料及菸草製品零售業,09212,148.64,110年=100
營業額指數,472,食品、飲料及菸草製品零售業,09301,153.09,110年=100
營業額指數,472,食品、飲料及菸草製品零售業,09302,139.79,110年=100
營業額指數,472,食品、飲料及菸草製品零售業,09303,147.08,110年=100
營業額指數,472,食品、飲料及菸草製品零售業,09304,150.07,110年=100
營業額指數,472,食品、飲料及菸草製品零售業,09305,152.84,110年=100
營業額指數,472,食品、飲料及菸草製品零售業,09306,153.70,110年=100
營業額指數,472,食品、飲料及菸草製品零售業,09307,152.11,110年=100
營業額指數,472,食品、飲料及菸草製品零售業,09308,152.39,110年=100
營業額指數,472,食品、飲料及菸草製品零售業,09309,154.28,110年=100
營業額指數,472,食品、飲料及菸草製品零售業,09310,149.49,110年=100
營業額指數,472,食品、飲料及菸草製品零售業,09311,148.48,110年=100
營業額指數,472,食品、飲料及菸草製品零售業,09312,151.21,110年=100
營業額指數,472,食品、飲料及菸草製品零售業,09401,146.71,110年=100
營業額指數,472,食品、飲料及菸草製品零售業,09402,148.93,110年=100
營業額指數,472,食品、飲料及菸草製品零售業,09403,147.05,110年=100
營業額指數,472,食品、飲料及菸草製品零售業,09404,150.57,110年=100
營業額指數,472,食品、飲料及菸草製品零售業,09405,158.46,110年=100
營業額指數,472,食品、飲料及菸草製品零售業,09406,150.08,110年=100
營業額指數,472,食品、飲料及菸草製品零售業,09407,148.99,110年=100
營業額指數,472,食品、飲料及菸草製品零售業,09408,155.93,110年=100
營業額指數,472,食品、飲料及菸草製品零售業,09409,161.75,110年=100
營業額指數,472,食品、飲料及菸草製品零售業,09410,155.94,110年=100
營業額指數,472,食品、飲料及菸草製品零售業,09411,147.77,110年=100
營業額指數,472,食品、飲料及菸草製品零售業,09412,153.33,110年=100
營業額指數,472,食品、飲料及菸草製品零售業,09501,162.62,110年=100
營業額指數,472,食品、飲料及菸草製品零售業,09502,140.05,110年=100
營業額指數,472,食品、飲料及菸草製品零售業,09503,150.58,110年=100
營業額指數,472,食品、飲料及菸草製品零售業,09504,147.07,110年=100
營業額指數,472,食品、飲料及菸草製品零售業,09505,152.61,110年=100
營業額指數,472,食品、飲料及菸草製品零售業,09506,150.41,110年=100
營業額指數,472,食品、飲料及菸草製品零售業,09507,159.10,110年=100
營業額指數,472,食品、飲料及菸草製品零售業,09508,170.66,110年=100
營業額指數,472,食品、飲料及菸草製品零售業,09509,172.22,110年=100
營業額指數,472,食品、飲料及菸草製品零售業,09510,175.72,110年=100
營業額指數,472,食品、飲料及菸草製品零售業,09511,164.53,110年=100
營業額指數,472,食品、飲料及菸草製品零售業,09512,169.09,110年=100
營業額指數,472,食品、飲料及菸草製品零售業,09601,148.48,110年=100
營業額指數,472,食品、飲料及菸草製品零售業,09602,139.82,110年=100
營業額指數,472,食品、飲料及菸草製品零售業,09603,140.77,110年=100
營業額指數,472,食品、飲料及菸草製品零售業,09604,143.02,110年=100
營業額指數,472,食品、飲料及菸草製品零售業,09605,148.95,110年=100
營業額指數,472,食品、飲料及菸草製品零售業,09606,143.17,110年=100
營業額指數,472,食品、飲料及菸草製品零售業,09607,158.16,110年=100
營業額指數,472,食品、飲料及菸草製品零售業,09608,164.22,110年=100
營業額指數,472,食品、飲料及菸草製品零售業,09609,168.56,110年=100
營業額指數,472,食品、飲料及菸草製品零售業,09610,159.29,110年=100
營業額指數,472,食品、飲料及菸草製品零售業,09611,153.47,110年=100
營業額指數,472,食品、飲料及菸草製品零售業,09612,164.32,110年=100
營業額指數,472,食品、飲料及菸草製品零售業,09701,149.74,110年=100
營業額指數,472,食品、飲料及菸草製品零售業,09702,132.48,110年=100
營業額指數,472,食品、飲料及菸草製品零售業,09703,137.06,110年=100
營業額指數,472,食品、飲料及菸草製品零售業,09704,138.48,110年=100
營業額指數,472,食品、飲料及菸草製品零售業,09705,139.36,110年=100
營業額指數,472,食品、飲料及菸草製品零售業,09706,137.05,110年=100
營業額指數,472,食品、飲料及菸草製品零售業,09707,140.46,110年=100
營業額指數,472,食品、飲料及菸草製品零售業,09708,148.65,110年=100
營業額指數,472,食品、飲料及菸草製品零售業,09709,143.54,110年=100
營業額指數,472,食品、飲料及菸草製品零售業,09710,146.33,110年=100
營業額指數,472,食品、飲料及菸草製品零售業,09711,142.47,110年=100
營業額指數,472,食品、飲料及菸草製品零售業,09712,153.59,110年=100
營業額指數,472,食品、飲料及菸草製品零售業,09801,155.29,110年=100
營業額指數,472,食品、飲料及菸草製品零售業,09802,132.98,110年=100
營業額指數,472,食品、飲料及菸草製品零售業,09803,139.41,110年=100
營業額指數,472,食品、飲料及菸草製品零售業,09804,138.93,110年=100
營業額指數,472,食品、飲料及菸草製品零售業,09805,139.21,110年=100
營業額指數,472,食品、飲料及菸草製品零售業,09806,137.24,110年=100
營業額指數,472,食品、飲料及菸草製品零售業,09807,140.05,110年=100
營業額指數,472,食品、飲料及菸草製品零售業,09808,140.27,110年=100
營業額指數,472,食品、飲料及菸草製品零售業,09809,145.15,110年=100
營業額指數,472,食品、飲料及菸草製品零售業,09810,145.39,110年=100
營業額指數,472,食品、飲料及菸草製品零售業,09811,139.85,110年=100
營業額指數,472,食品、飲料及菸草製品零售業,09812,151.88,110年=100
營業額指數,472,食品、飲料及菸草製品零售業,09901,130.39,110年=100
營業額指數,472,食品、飲料及菸草製品零售業,09902,135.15,110年=100
營業額指數,472,食品、飲料及菸草製品零售業,09903,131.89,110年=100
營業額指數,472,食品、飲料及菸草製品零售業,09904,130.89,110年=100
營業額指數,472,食品、飲料及菸草製品零售業,09905,134.80,110年=100
營業額指數,472,食品、飲料及菸草製品零售業,09906,131.04,110年=100
營業額指數,472,食品、飲料及菸草製品零售業,09907,134.03,110年=100
營業額指數,472,食品、飲料及菸草製品零售業,09908,138.93,110年=100
營業額指數,472,食品、飲料及菸草製品零售業,09909,140.94,110年=100
營業額指數,472,食品、飲料及菸草製品零售業,09910,137.88,110年=100
營業額指數,472,食品、飲料及菸草製品零售業,09911,134.56,110年=100
營業額指數,472,食品、飲料及菸草製品零售業,09912,147.59,110年=100
營業額指數,472,食品、飲料及菸草製品零售業,10001,133.25,110年=100
營業額指數,472,食品、飲料及菸草製品零售業,10002,128.19,110年=100
營業額指數,472,食品、飲料及菸草製品零售業,10003,128.26,110年=100
營業額指數,472,食品、飲料及菸草製品零售業,10004,128.08,110年=100
營業額指數,472,食品、飲料及菸草製品零售業,10005,128.28,110年=100
營業額指數,472,食品、飲料及菸草製品零售業,10006,118.76,110年=100
營業額指數,472,食品、飲料及菸草製品零售業,10007,129.12,110年=100
營業額指數,472,食品、飲料及菸草製品零售業,10008,132.77,110年=100
營業額指數,472,食品、飲料及菸草製品零售業,10009,132.37,110年=100
營業額指數,472,食品、飲料及菸草製品零售業,10010,130.40,110年=100
營業額指數,472,食品、飲料及菸草製品零售業,10011,128.96,110年=100
營業額指數,472,食品、飲料及菸草製品零售業,10012,140.11,110年=100
營業額指數,472,食品、飲料及菸草製品零售業,10101,128.81,110年=100
營業額指數,472,食品、飲料及菸草製品零售業,10102,126.35,110年=100
營業額指數,472,食品、飲料及菸草製品零售業,10103,128.41,110年=100
營業額指數,472,食品、飲料及菸草製品零售業,10104,125.13,110年=100
營業額指數,472,食品、飲料及菸草製品零售業,10105,127.45,110年=100
營業額指數,472,食品、飲料及菸草製品零售業,10106,116.38,110年=100
營業額指數,472,食品、飲料及菸草製品零售業,10107,122.53,110年=100
營業額指數,472,食品、飲料及菸草製品零售業,10108,125.71,110年=100
營業額指數,472,食品、飲料及菸草製品零售業,10109,129.25,110年=100
營業額指數,472,食品、飲料及菸草製品零售業,10110,127.51,110年=100
營業額指數,472,食品、飲料及菸草製品零售業,10111,124.42,110年=100
營業額指數,472,食品、飲料及菸草製品零售業,10112,134.93,110年=100
營業額指數,472,食品、飲料及菸草製品零售業,10201,127.81,110年=100
營業額指數,472,食品、飲料及菸草製品零售業,10202,130.45,110年=100
營業額指數,472,食品、飲料及菸草製品零售業,10203,123.85,110年=100
營業額指數,472,食品、飲料及菸草製品零售業,10204,121.02,110年=100
營業額指數,472,食品、飲料及菸草製品零售業,10205,124.27,110年=100
營業額指數,472,食品、飲料及菸草製品零售業,10206,122.12,110年=100
營業額指數,472,食品、飲料及菸草製品零售業,10207,123.73,110年=100
營業額指數,472,食品、飲料及菸草製品零售業,10208,126.20,110年=100
營業額指數,472,食品、飲料及菸草製品零售業,10209,128.87,110年=100
營業額指數,472,食品、飲料及菸草製品零售業,10210,122.89,110年=100
營業額指數,472,食品、飲料及菸草製品零售業,10211,122.07,110年=100
營業額指數,472,食品、飲料及菸草製品零售業,10212,128.42,110年=100
營業額指數,472,食品、飲料及菸草製品零售業,10301,126.99,110年=100
營業額指數,472,食品、飲料及菸草製品零售業,10302,118.26,110年=100
營業額指數,472,食品、飲料及菸草製品零售業,10303,115.58,110年=100
營業額指數,472,食品、飲料及菸草製品零售業,10304,112.84,110年=100
營業額指數,472,食品、飲料及菸草製品零售業,10305,116.24,110年=100
營業額指數,472,食品、飲料及菸草製品零售業,10306,114.71,110年=100
營業額指數,472,食品、飲料及菸草製品零售業,10307,116.39,110年=100
營業額指數,472,食品、飲料及菸草製品零售業,10308,128.11,110年=100
營業額指數,472,食品、飲料及菸草製品零售業,10309,116.56,110年=100
營業額指數,472,食品、飲料及菸草製品零售業,10310,111.89,110年=100
營業額指數,472,食品、飲料及菸草製品零售業,10311,114.14,110年=100
營業額指數,472,食品、飲料及菸草製品零售業,10312,126.87,110年=100
營業額指數,472,食品、飲料及菸草製品零售業,10401,115.43,110年=100
營業額指數,472,食品、飲料及菸草製品零售業,10402,128.72,110年=100
營業額指數,472,食品、飲料及菸草製品零售業,10403,115.10,110年=100
營業額指數,472,食品、飲料及菸草製品零售業,10404,113.14,110年=100
營業額指數,472,食品、飲料及菸草製品零售業,10405,115.46,110年=100
營業額指數,472,食品、飲料及菸草製品零售業,10406,114.86,110年=100
營業額指數,472,食品、飲料及菸草製品零售業,10407,113.41,110年=100
營業額指數,472,食品、飲料及菸草製品零售業,10408,124.41,110年=100
營業額指數,472,食品、飲料及菸草製品零售業,10409,122.92,110年=100
營業額指數,472,食品、飲料及菸草製品零售業,10410,111.59,110年=100
營業額指數,472,食品、飲料及菸草製品零售業,10411,111.96,110年=100
營業額指數,472,食品、飲料及菸草製品零售業,10412,122.13,110年=100
營業額指數,472,食品、飲料及菸草製品零售業,10501,119.13,110年=100
營業額指數,472,食品、飲料及菸草製品零售業,10502,117.22,110年=100
營業額指數,472,食品、飲料及菸草製品零售業,10503,108.63,110年=100
營業額指數,472,食品、飲料及菸草製品零售業,10504,105.68,110年=100
營業額指數,472,食品、飲料及菸草製品零售業,10505,108.43,110年=100
營業額指數,472,食品、飲料及菸草製品零售業,10506,107.81,110年=100
營業額指數,472,食品、飲料及菸草製品零售業,10507,105.89,110年=100
營業額指數,472,食品、飲料及菸草製品零售業,10508,120.31,110年=100
營業額指數,472,食品、飲料及菸草製品零售業,10509,118.70,110年=100
營業額指數,472,食品、飲料及菸草製品零售業,10510,102.46,110年=100
營業額指數,472,食品、飲料及菸草製品零售業,10511,101.41,110年=100
營業額指數,472,食品、飲料及菸草製品零售業,10512,113.09,110年=100
營業額指數,472,食品、飲料及菸草製品零售業,10601,133.66,110年=100
營業額指數,472,食品、飲料及菸草製品零售業,10602,101.22,110年=100
營業額指數,472,食品、飲料及菸草製品零售業,10603,110.34,110年=100
營業額指數,472,食品、飲料及菸草製品零售業,10604,103.25,110年=100
營業額指數,472,食品、飲料及菸草製品零售業,10605,110.83,110年=100
營業額指數,472,食品、飲料及菸草製品零售業,10606,99.19,110年=100
營業額指數,472,食品、飲料及菸草製品零售業,10607,100.92,110年=100
營業額指數,472,食品、飲料及菸草製品零售業,10608,108.59,110年=100
營業額指數,472,食品、飲料及菸草製品零售業,10609,125.27,110年=100
營業額指數,472,食品、飲料及菸草製品零售業,10610,110.55,110年=100
營業額指數,472,食品、飲料及菸草製品零售業,10611,105.99,110年=100
營業額指數,472,食品、飲料及菸草製品零售業,10612,117.87,110年=100
營業額指數,472,食品、飲料及菸草製品零售業,10701,115.64,110年=100
營業額指數,472,食品、飲料及菸草製品零售業,10702,115.53,110年=100
營業額指數,472,食品、飲料及菸草製品零售業,10703,105.46,110年=100
營業額指數,472,食品、飲料及菸草製品零售業,10704,101.15,110年=100
營業額指數,472,食品、飲料及菸草製品零售業,10705,107.86,110年=100
營業額指數,472,食品、飲料及菸草製品零售業,10706,100.38,110年=100
營業額指數,472,食品、飲料及菸草製品零售業,10707,100.10,110年=100
營業額指數,472,食品、飲料及菸草製品零售業,10708,109.62,110年=100
營業額指數,472,食品、飲料及菸草製品零售業,10709,122.54,110年=100
營業額指數,472,食品、飲料及菸草製品零售業,10710,107.84,110年=100
營業額指數,472,食品、飲料及菸草製品零售業,10711,102.56,110年=100
營業額指數,472,食品、飲料及菸草製品零售業,10712,113.66,110年=100
營業額指數,472,食品、飲料及菸草製品零售業,10801,130.12,110年=100
營業額指數,472,食品、飲料及菸草製品零售業,10802,97.67,110年=100
營業額指數,472,食品、飲料及菸草製品零售業,10803,104.29,110年=100
營業額指數,472,食品、飲料及菸草製品零售業,10804,101.55,110年=100
營業額指數,472,食品、飲料及菸草製品零售業,10805,107.57,110年=100
營業額指數,472,食品、飲料及菸草製品零售業,10806,98.57,110年=100
營業額指數,472,食品、飲料及菸草製品零售業,10807,102.92,110年=100
營業額指數,472,食品、飲料及菸草製品零售業,10808,115.57,110年=100
營業額指數,472,食品、飲料及菸草製品零售業,10809,114.42,110年=100
營業額指數,472,食品、飲料及菸草製品零售業,10810,109.11,110年=100
營業額指數,472,食品、飲料及菸草製品零售業,10811,104.78,110年=100
營業額指數,472,食品、飲料及菸草製品零售業,10812,112.62,110年=100
營業額指數,472,食品、飲料及菸草製品零售業,10901,116.06,110年=100
營業額指數,472,食品、飲料及菸草製品零售業,10902,89.29,110年=100
營業額指數,472,食品、飲料及菸草製品零售業,10903,91.92,110年=100
營業額指數,472,食品、飲料及菸草製品零售業,10904,89.90,110年=100
營業額指數,472,食品、飲料及菸草製品零售業,10905,94.63,110年=100
營業額指數,472,食品、飲料及菸草製品零售業,10906,96.89,110年=100
營業額指數,472,食品、飲料及菸草製品零售業,10907,97.87,110年=100
營業額指數,472,食品、飲料及菸草製品零售業,10908,107.99,110年=100
營業額指數,472,食品、飲料及菸草製品零售業,10909,124.40,110年=100
營業額指數,472,食品、飲料及菸草製品零售業,10910,108.93,110年=100
營業額指數,472,食品、飲料及菸草製品零售業,10911,99.59,110年=100
營業額指數,472,食品、飲料及菸草製品零售業,10912,107.30,110年=100
營業額指數,472,食品、飲料及菸草製品零售業,11001,113.33,110年=100
營業額指數,472,食品、飲料及菸草製品零售業,11002,104.16,110年=100
營業額指數,472,食品、飲料及菸草製品零售業,11003,93.30,110年=100
營業額指數,472,食品、飲料及菸草製品零售業,11004,91.39,110年=100
營業額指數,472,食品、飲料及菸草製品零售業,11005,90.96,110年=100
營業額指數,472,食品、飲料及菸草製品零售業,11006,88.24,110年=100
營業額指數,472,食品、飲料及菸草製品零售業,11007,91.15,110年=100
營業額指數,472,食品、飲料及菸草製品零售業,11008,100.31,110年=100
營業額指數,472,食品、飲料及菸草製品零售業,11009,109.55,110年=100
營業額指數,472,食品、飲料及菸草製品零售業,11010,104.78,110年=100
營業額指數,472,食品、飲料及菸草製品零售業,11011,102.45,110年=100
營業額指數,472,食品、飲料及菸草製品零售業,11012,110.38,110年=100
營業額指數,472,食品、飲料及菸草製品零售業,11101,133.49,110年=100
營業額指數,472,食品、飲料及菸草製品零售業,11102,92.68,110年=100
營業額指數,472,食品、飲料及菸草製品零售業,11103,98.54,110年=100
營業額指數,472,食品、飲料及菸草製品零售業,11104,98.34,110年=100
營業額指數,472,食品、飲料及菸草製品零售業,11105,92.84,110年=100
營業額指數,472,食品、飲料及菸草製品零售業,11106,89.32,110年=100
營業額指數,472,食品、飲料及菸草製品零售業,11107,97.68,110年=100
營業額指數,472,食品、飲料及菸草製品零售業,11108,112.10,110年=100
營業額指數,472,食品、飲料及菸草製品零售業,11109,99.48,110年=100
營業額指數,472,食品、飲料及菸草製品零售業,11110,103.77,110年=100
營業額指數,472,食品、飲料及菸草製品零售業,11111,103.49,110年=100
營業額指數,472,食品、飲料及菸草製品零售業,11112,117.45,110年=100
營業額指數,472,食品、飲料及菸草製品零售業,11201,120.63,110年=100
營業額指數,472,食品、飲料及菸草製品零售業,11202,91.39,110年=100
營業額指數,472,食品、飲料及菸草製品零售業,11203,101.31,110年=100
營業額指數,472,食品、飲料及菸草製品零售業,11204,93.63,110年=100
營業額指數,472,食品、飲料及菸草製品零售業,11205,98.18,110年=100
營業額指數,472,食品、飲料及菸草製品零售業,11206,95.24,110年=100
營業額指數,472,食品、飲料及菸草製品零售業,11207,94.42,110年=100
營業額指數,472,食品、飲料及菸草製品零售業,11208,103.51,110年=100
營業額指數,472,食品、飲料及菸草製品零售業,11209,113.74,110年=100
營業額指數,472,食品、飲料及菸草製品零售業,11210,101.38,110年=100
營業額指數,472,食品、飲料及菸草製品零售業,11211,97.17,110年=100
營業額指數,472,食品、飲料及菸草製品零售業,11212,121.94,110年=100
營業額指數,472,食品、飲料及菸草製品零售業,11301,116.41,110年=100
營業額指數,472,食品、飲料及菸草製品零售業,11302,102.08,110年=100
營業額指數,472,食品、飲料及菸草製品零售業,11303,98.84,110年=100
營業額指數,472,食品、飲料及菸草製品零售業,11304,91.67,110年=100
營業額指數,472,食品、飲料及菸草製品零售業,11305,96.46,110年=100
營業額指數,472,食品、飲料及菸草製品零售業,11306,95.81,110年=100
營業額指數,472,食品、飲料及菸草製品零售業,11307,92.15,110年=100
營業額指數,472,食品、飲料及菸草製品零售業,11308,101.87,110年=100
營業額指數,472,食品、飲料及菸草製品零售業,11309,108.00,110年=100
營業額指數,472,食品、飲料及菸草製品零售業,11310,99.72,110年=100
營業額指數,472,食品、飲料及菸草製品零售業,11311,98.47,110年=100
營業額指數,472,食品、飲料及菸草製品零售業,11312,120.17,110年=100
營業額指數,472,食品、飲料及菸草製品零售業,11401,127.74,110年=100
營業額指數,472,食品、飲料及菸草製品零售業,11402,94.65,110年=100
營業額指數,472,食品、飲料及菸草製品零售業,11403,100.60,110年=100
營業額指數,472,食品、飲料及菸草製品零售業,11404,99.41,110年=100
營業額指數,472,食品、飲料及菸草製品零售業,11405,106.48,110年=100
營業額指數,472,食品、飲料及菸草製品零售業,11406,102.39,110年=100
營業額指數,472,食品、飲料及菸草製品零售業,11407,100.52,110年=100
營業額指數,472,食品、飲料及菸草製品零售業,11408,100.87,110年=100
營業額指數,472,食品、飲料及菸草製品零售業,11409,114.79,110年=100
營業額指數,472,食品、飲料及菸草製品零售業,11410,108.61,110年=100
營業額指數,472,食品、飲料及菸草製品零售業,11411,102.27,110年=100
營業額指數,472,食品、飲料及菸草製品零售業,11412,116.62,110年=100
營業額指數,472,食品、飲料及菸草製品零售業,11501,121.82,110年=100
營業額指數,472,食品、飲料及菸草製品零售業,11502,113.66,110年=100
營業額指數,473,布疋及服飾品零售業,08801,110.59,110年=100
營業額指數,473,布疋及服飾品零售業,08802,118.37,110年=100
營業額指數,473,布疋及服飾品零售業,08803,118.87,110年=100
營業額指數,473,布疋及服飾品零售業,08804,118.73,110年=100
營業額指數,473,布疋及服飾品零售業,08805,116.47,110年=100
營業額指數,473,布疋及服飾品零售業,08806,113.80,110年=100
營業額指數,473,布疋及服飾品零售業,08807,117.79,110年=100
營業額指數,473,布疋及服飾品零售業,08808,114.57,110年=100
營業額指數,473,布疋及服飾品零售業,08809,110.59,110年=100
營業額指數,473,布疋及服飾品零售業,08810,111.28,110年=100
營業額指數,473,布疋及服飾品零售業,08811,114.88,110年=100
營業額指數,473,布疋及服飾品零售業,08812,120.47,110年=100
營業額指數,473,布疋及服飾品零售業,08901,121.50,110年=100
營業額指數,473,布疋及服飾品零售業,08902,120.32,110年=100
營業額指數,473,布疋及服飾品零售業,08903,122.12,110年=100
營業額指數,473,布疋及服飾品零售業,08904,116.54,110年=100
營業額指數,473,布疋及服飾品零售業,08905,118.75,110年=100
營業額指數,473,布疋及服飾品零售業,08906,118.99,110年=100
營業額指數,473,布疋及服飾品零售業,08907,117.64,110年=100
營業額指數,473,布疋及服飾品零售業,08908,117.71,110年=100
營業額指數,473,布疋及服飾品零售業,08909,109.57,110年=100
營業額指數,473,布疋及服飾品零售業,08910,109.59,110年=100
營業額指數,473,布疋及服飾品零售業,08911,107.30,110年=100
營業額指數,473,布疋及服飾品零售業,08912,114.25,110年=100
營業額指數,473,布疋及服飾品零售業,09001,118.07,110年=100
營業額指數,473,布疋及服飾品零售業,09002,117.15,110年=100
營業額指數,473,布疋及服飾品零售業,09003,116.43,110年=100
營業額指數,473,布疋及服飾品零售業,09004,111.15,110年=100
營業額指數,473,布疋及服飾品零售業,09005,115.26,110年=100
營業額指數,473,布疋及服飾品零售業,09006,109.94,110年=100
營業額指數,473,布疋及服飾品零售業,09007,116.16,110年=100
營業額指數,473,布疋及服飾品零售業,09008,115.14,110年=100
營業額指數,473,布疋及服飾品零售業,09009,102.72,110年=100
營業額指數,473,布疋及服飾品零售業,09010,108.56,110年=100
營業額指數,473,布疋及服飾品零售業,09011,116.41,110年=100
營業額指數,473,布疋及服飾品零售業,09012,123.35,110年=100
營業額指數,473,布疋及服飾品零售業,09101,127.04,110年=100
營業額指數,473,布疋及服飾品零售業,09102,123.56,110年=100
營業額指數,473,布疋及服飾品零售業,09103,118.55,110年=100
營業額指數,473,布疋及服飾品零售業,09104,117.44,110年=100
營業額指數,473,布疋及服飾品零售業,09105,117.52,110年=100
營業額指數,473,布疋及服飾品零售業,09106,111.75,110年=100
營業額指數,473,布疋及服飾品零售業,09107,115.58,110年=100
營業額指數,473,布疋及服飾品零售業,09108,114.16,110年=100
營業額指數,473,布疋及服飾品零售業,09109,112.39,110年=100
營業額指數,473,布疋及服飾品零售業,09110,112.27,110年=100
營業額指數,473,布疋及服飾品零售業,09111,117.38,110年=100
營業額指數,473,布疋及服飾品零售業,09112,122.34,110年=100
營業額指數,473,布疋及服飾品零售業,09201,127.34,110年=100
營業額指數,473,布疋及服飾品零售業,09202,118.35,110年=100
營業額指數,473,布疋及服飾品零售業,09203,116.12,110年=100
營業額指數,473,布疋及服飾品零售業,09204,109.41,110年=100
營業額指數,473,布疋及服飾品零售業,09205,99.49,110年=100
營業額指數,473,布疋及服飾品零售業,09206,102.33,110年=100
營業額指數,473,布疋及服飾品零售業,09207,111.99,110年=100
營業額指數,473,布疋及服飾品零售業,09208,110.25,110年=100
營業額指數,473,布疋及服飾品零售業,09209,104.61,110年=100
營業額指數,473,布疋及服飾品零售業,09210,109.71,110年=100
營業額指數,473,布疋及服飾品零售業,09211,114.84,110年=100
營業額指數,473,布疋及服飾品零售業,09212,124.25,110年=100
營業額指數,473,布疋及服飾品零售業,09301,134.21,110年=100
營業額指數,473,布疋及服飾品零售業,09302,116.55,110年=100
營業額指數,473,布疋及服飾品零售業,09303,114.59,110年=100
營業額指數,473,布疋及服飾品零售業,09304,117.86,110年=100
營業額指數,473,布疋及服飾品零售業,09305,122.07,110年=100
營業額指數,473,布疋及服飾品零售業,09306,122.41,110年=100
營業額指數,473,布疋及服飾品零售業,09307,120.53,110年=100
營業額指數,473,布疋及服飾品零售業,09308,119.15,110年=100
營業額指數,473,布疋及服飾品零售業,09309,116.88,110年=100
營業額指數,473,布疋及服飾品零售業,09310,120.17,110年=100
營業額指數,473,布疋及服飾品零售業,09311,116.62,110年=100
營業額指數,473,布疋及服飾品零售業,09312,122.91,110年=100
營業額指數,473,布疋及服飾品零售業,09401,135.04,110年=100
營業額指數,473,布疋及服飾品零售業,09402,121.27,110年=100
營業額指數,473,布疋及服飾品零售業,09403,110.32,110年=100
營業額指數,473,布疋及服飾品零售業,09404,116.24,110年=100
營業額指數,473,布疋及服飾品零售業,09405,112.03,110年=100
營業額指數,473,布疋及服飾品零售業,09406,108.61,110年=100
營業額指數,473,布疋及服飾品零售業,09407,109.92,110年=100
營業額指數,473,布疋及服飾品零售業,09408,109.61,110年=100
營業額指數,473,布疋及服飾品零售業,09409,102.62,110年=100
營業額指數,473,布疋及服飾品零售業,09410,110.79,110年=100
營業額指數,473,布疋及服飾品零售業,09411,110.75,110年=100
營業額指數,473,布疋及服飾品零售業,09412,125.02,110年=100
營業額指數,473,布疋及服飾品零售業,09501,129.97,110年=100
營業額指數,473,布疋及服飾品零售業,09502,108.73,110年=100
營業額指數,473,布疋及服飾品零售業,09503,106.88,110年=100
營業額指數,473,布疋及服飾品零售業,09504,104.09,110年=100
營業額指數,473,布疋及服飾品零售業,09505,100.89,110年=100
營業額指數,473,布疋及服飾品零售業,09506,100.76,110年=100
營業額指數,473,布疋及服飾品零售業,09507,105.87,110年=100
營業額指數,473,布疋及服飾品零售業,09508,107.96,110年=100
營業額指數,473,布疋及服飾品零售業,09509,104.05,110年=100
營業額指數,473,布疋及服飾品零售業,09510,113.94,110年=100
營業額指數,473,布疋及服飾品零售業,09511,120.81,110年=100
營業額指數,473,布疋及服飾品零售業,09512,124.86,110年=100
營業額指數,473,布疋及服飾品零售業,09601,120.18,110年=100
營業額指數,473,布疋及服飾品零售業,09602,124.20,110年=100
營業額指數,473,布疋及服飾品零售業,09603,102.72,110年=100
營業額指數,473,布疋及服飾品零售業,09604,104.35,110年=100
營業額指數,473,布疋及服飾品零售業,09605,109.85,110年=100
營業額指數,473,布疋及服飾品零售業,09606,106.61,110年=100
營業額指數,473,布疋及服飾品零售業,09607,112.82,110年=100
營業額指數,473,布疋及服飾品零售業,09608,105.93,110年=100
營業額指數,473,布疋及服飾品零售業,09609,105.14,110年=100
營業額指數,473,布疋及服飾品零售業,09610,105.84,110年=100
營業額指數,473,布疋及服飾品零售業,09611,112.00,110年=100
營業額指數,473,布疋及服飾品零售業,09612,117.66,110年=100
營業額指數,473,布疋及服飾品零售業,09701,118.26,110年=100
營業額指數,473,布疋及服飾品零售業,09702,124.52,110年=100
營業額指數,473,布疋及服飾品零售業,09703,99.14,110年=100
營業額指數,473,布疋及服飾品零售業,09704,102.23,110年=100
營業額指數,473,布疋及服飾品零售業,09705,102.77,110年=100
營業額指數,473,布疋及服飾品零售業,09706,99.49,110年=100
營業額指數,473,布疋及服飾品零售業,09707,101.02,110年=100
營業額指數,473,布疋及服飾品零售業,09708,101.49,110年=100
營業額指數,473,布疋及服飾品零售業,09709,95.03,110年=100
營業額指數,473,布疋及服飾品零售業,09710,102.65,110年=100
營業額指數,473,布疋及服飾品零售業,09711,107.78,110年=100
營業額指數,473,布疋及服飾品零售業,09712,107.37,110年=100
營業額指數,473,布疋及服飾品零售業,09801,134.07,110年=100
營業額指數,473,布疋及服飾品零售業,09802,102.40,110年=100
營業額指數,473,布疋及服飾品零售業,09803,101.99,110年=100
營業額指數,473,布疋及服飾品零售業,09804,98.78,110年=100
營業額指數,473,布疋及服飾品零售業,09805,106.13,110年=100
營業額指數,473,布疋及服飾品零售業,09806,97.74,110年=100
營業額指數,473,布疋及服飾品零售業,09807,104.59,110年=100
營業額指數,473,布疋及服飾品零售業,09808,96.09,110年=100
營業額指數,473,布疋及服飾品零售業,09809,93.94,110年=100
營業額指數,473,布疋及服飾品零售業,09810,110.13,110年=100
營業額指數,473,布疋及服飾品零售業,09811,116.82,110年=100
營業額指數,473,布疋及服飾品零售業,09812,118.22,110年=100
營業額指數,473,布疋及服飾品零售業,09901,100.63,110年=100
營業額指數,473,布疋及服飾品零售業,09902,122.04,110年=100
營業額指數,473,布疋及服飾品零售業,09903,105.61,110年=100
營業額指數,473,布疋及服飾品零售業,09904,98.44,110年=100
營業額指數,473,布疋及服飾品零售業,09905,106.76,110年=100
營業額指數,473,布疋及服飾品零售業,09906,99.41,110年=100
營業額指數,473,布疋及服飾品零售業,09907,103.18,110年=100
營業額指數,473,布疋及服飾品零售業,09908,99.96,110年=100
營業額指數,473,布疋及服飾品零售業,09909,98.14,110年=100
營業額指數,473,布疋及服飾品零售業,09910,119.33,110年=100
營業額指數,473,布疋及服飾品零售業,09911,116.62,110年=100
營業額指數,473,布疋及服飾品零售業,09912,115.59,110年=100
營業額指數,473,布疋及服飾品零售業,10001,116.50,110年=100
營業額指數,473,布疋及服飾品零售業,10002,111.61,110年=100
營業額指數,473,布疋及服飾品零售業,10003,102.20,110年=100
營業額指數,473,布疋及服飾品零售業,10004,102.20,110年=100
營業額指數,473,布疋及服飾品零售業,10005,104.61,110年=100
營業額指數,473,布疋及服飾品零售業,10006,101.36,110年=100
營業額指數,473,布疋及服飾品零售業,10007,106.18,110年=100
營業額指數,473,布疋及服飾品零售業,10008,97.92,110年=100
營業額指數,473,布疋及服飾品零售業,10009,103.02,110年=100
營業額指數,473,布疋及服飾品零售業,10010,113.82,110年=100
營業額指數,473,布疋及服飾品零售業,10011,110.46,110年=100
營業額指數,473,布疋及服飾品零售業,10012,118.10,110年=100
營業額指數,473,布疋及服飾品零售業,10101,116.36,110年=100
營業額指數,473,布疋及服飾品零售業,10102,103.48,110年=100
營業額指數,473,布疋及服飾品零售業,10103,100.97,110年=100
營業額指數,473,布疋及服飾品零售業,10104,101.28,110年=100
營業額指數,473,布疋及服飾品零售業,10105,100.04,110年=100
營業額指數,473,布疋及服飾品零售業,10106,96.62,110年=100
營業額指數,473,布疋及服飾品零售業,10107,101.55,110年=100
營業額指數,473,布疋及服飾品零售業,10108,93.62,110年=100
營業額指數,473,布疋及服飾品零售業,10109,98.80,110年=100
營業額指數,473,布疋及服飾品零售業,10110,112.79,110年=100
營業額指數,473,布疋及服飾品零售業,10111,110.27,110年=100
營業額指數,473,布疋及服飾品零售業,10112,112.17,110年=100
營業額指數,473,布疋及服飾品零售業,10201,101.36,110年=100
營業額指數,473,布疋及服飾品零售業,10202,105.58,110年=100
營業額指數,473,布疋及服飾品零售業,10203,96.51,110年=100
營業額指數,473,布疋及服飾品零售業,10204,92.32,110年=100
營業額指數,473,布疋及服飾品零售業,10205,95.51,110年=100
營業額指數,473,布疋及服飾品零售業,10206,98.28,110年=100
營業額指數,473,布疋及服飾品零售業,10207,93.65,110年=100
營業額指數,473,布疋及服飾品零售業,10208,92.64,110年=100
營業額指數,473,布疋及服飾品零售業,10209,94.58,110年=100
營業額指數,473,布疋及服飾品零售業,10210,113.72,110年=100
營業額指數,473,布疋及服飾品零售業,10211,114.23,110年=100
營業額指數,473,布疋及服飾品零售業,10212,112.49,110年=100
營業額指數,473,布疋及服飾品零售業,10301,114.26,110年=100
營業額指數,473,布疋及服飾品零售業,10302,99.83,110年=100
營業額指數,473,布疋及服飾品零售業,10303,94.78,110年=100
營業額指數,473,布疋及服飾品零售業,10304,97.90,110年=100
營業額指數,473,布疋及服飾品零售業,10305,98.46,110年=100
營業額指數,473,布疋及服飾品零售業,10306,98.34,110年=100
營業額指數,473,布疋及服飾品零售業,10307,93.90,110年=100
營業額指數,473,布疋及服飾品零售業,10308,92.53,110年=100
營業額指數,473,布疋及服飾品零售業,10309,94.10,110年=100
營業額指數,473,布疋及服飾品零售業,10310,116.08,110年=100
營業額指數,473,布疋及服飾品零售業,10311,110.93,110年=100
營業額指數,473,布疋及服飾品零售業,10312,125.05,110年=100
營業額指數,473,布疋及服飾品零售業,10401,109.16,110年=100
營業額指數,473,布疋及服飾品零售業,10402,115.49,110年=100
營業額指數,473,布疋及服飾品零售業,10403,98.94,110年=100
營業額指數,473,布疋及服飾品零售業,10404,100.97,110年=100
營業額指數,473,布疋及服飾品零售業,10405,105.94,110年=100
營業額指數,473,布疋及服飾品零售業,10406,99.21,110年=100
營業額指數,473,布疋及服飾品零售業,10407,97.02,110年=100
營業額指數,473,布疋及服飾品零售業,10408,96.24,110年=100
營業額指數,473,布疋及服飾品零售業,10409,91.36,110年=100
營業額指數,473,布疋及服飾品零售業,10410,116.88,110年=100
營業額指數,473,布疋及服飾品零售業,10411,117.50,110年=100
營業額指數,473,布疋及服飾品零售業,10412,122.39,110年=100
營業額指數,473,布疋及服飾品零售業,10501,122.91,110年=100
營業額指數,473,布疋及服飾品零售業,10502,113.95,110年=100
營業額指數,473,布疋及服飾品零售業,10503,88.75,110年=100
營業額指數,473,布疋及服飾品零售業,10504,98.92,110年=100
營業額指數,473,布疋及服飾品零售業,10505,105.49,110年=100
營業額指數,473,布疋及服飾品零售業,10506,102.10,110年=100
營業額指數,473,布疋及服飾品零售業,10507,98.43,110年=100
營業額指數,473,布疋及服飾品零售業,10508,95.77,110年=100
營業額指數,473,布疋及服飾品零售業,10509,92.90,110年=100
營業額指數,473,布疋及服飾品零售業,10510,109.31,110年=100
營業額指數,473,布疋及服飾品零售業,10511,112.06,110年=100
營業額指數,473,布疋及服飾品零售業,10512,120.63,110年=100
營業額指數,473,布疋及服飾品零售業,10601,139.04,110年=100
營業額指數,473,布疋及服飾品零售業,10602,95.74,110年=100
營業額指數,473,布疋及服飾品零售業,10603,83.81,110年=100
營業額指數,473,布疋及服飾品零售業,10604,97.50,110年=100
營業額指數,473,布疋及服飾品零售業,10605,103.14,110年=100
營業額指數,473,布疋及服飾品零售業,10606,87.29,110年=100
營業額指數,473,布疋及服飾品零售業,10607,90.47,110年=100
營業額指數,473,布疋及服飾品零售業,10608,87.11,110年=100
營業額指數,473,布疋及服飾品零售業,10609,86.98,110年=100
營業額指數,473,布疋及服飾品零售業,10610,111.67,110年=100
營業額指數,473,布疋及服飾品零售業,10611,115.28,110年=100
營業額指數,473,布疋及服飾品零售業,10612,137.24,110年=100
營業額指數,473,布疋及服飾品零售業,10701,103.54,110年=100
營業額指數,473,布疋及服飾品零售業,10702,129.61,110年=100
營業額指數,473,布疋及服飾品零售業,10703,84.55,110年=100
營業額指數,473,布疋及服飾品零售業,10704,95.56,110年=100
營業額指數,473,布疋及服飾品零售業,10705,97.63,110年=100
營業額指數,473,布疋及服飾品零售業,10706,94.66,110年=100
營業額指數,473,布疋及服飾品零售業,10707,88.05,110年=100
營業額指數,473,布疋及服飾品零售業,10708,85.29,110年=100
營業額指數,473,布疋及服飾品零售業,10709,87.32,110年=100
營業額指數,473,布疋及服飾品零售業,10710,106.47,110年=100
營業額指數,473,布疋及服飾品零售業,10711,108.27,110年=100
營業額指數,473,布疋及服飾品零售業,10712,133.31,110年=100
營業額指數,473,布疋及服飾品零售業,10801,118.50,110年=100
營業額指數,473,布疋及服飾品零售業,10802,115.03,110年=100
營業額指數,473,布疋及服飾品零售業,10803,88.15,110年=100
營業額指數,473,布疋及服飾品零售業,10804,94.42,110年=100
營業額指數,473,布疋及服飾品零售業,10805,96.22,110年=100
營業額指數,473,布疋及服飾品零售業,10806,95.03,110年=100
營業額指數,473,布疋及服飾品零售業,10807,87.48,110年=100
營業額指數,473,布疋及服飾品零售業,10808,86.44,110年=100
營業額指數,473,布疋及服飾品零售業,10809,85.33,110年=100
營業額指數,473,布疋及服飾品零售業,10810,103.75,110年=100
營業額指數,473,布疋及服飾品零售業,10811,119.34,110年=100
營業額指數,473,布疋及服飾品零售業,10812,127.33,110年=100
營業額指數,473,布疋及服飾品零售業,10901,134.79,110年=100
營業額指數,473,布疋及服飾品零售業,10902,86.51,110年=100
營業額指數,473,布疋及服飾品零售業,10903,70.63,110年=100
營業額指數,473,布疋及服飾品零售業,10904,71.00,110年=100
營業額指數,473,布疋及服飾品零售業,10905,97.52,110年=100
營業額指數,473,布疋及服飾品零售業,10906,93.89,110年=100
營業額指數,473,布疋及服飾品零售業,10907,94.40,110年=100
營業額指數,473,布疋及服飾品零售業,10908,97.23,110年=100
營業額指數,473,布疋及服飾品零售業,10909,95.09,110年=100
營業額指數,473,布疋及服飾品零售業,10910,120.21,110年=100
營業額指數,473,布疋及服飾品零售業,10911,120.10,110年=100
營業額指數,473,布疋及服飾品零售業,10912,145.43,110年=100
營業額指數,473,布疋及服飾品零售業,11001,129.59,110年=100
營業額指數,473,布疋及服飾品零售業,11002,125.93,110年=100
營業額指數,473,布疋及服飾品零售業,11003,97.53,110年=100
營業額指數,473,布疋及服飾品零售業,11004,105.64,110年=100
營業額指數,473,布疋及服飾品零售業,11005,68.56,110年=100
營業額指數,473,布疋及服飾品零售業,11006,41.58,110年=100
營業額指數,473,布疋及服飾品零售業,11007,62.31,110年=100
營業額指數,473,布疋及服飾品零售業,11008,84.29,110年=100
營業額指數,473,布疋及服飾品零售業,11009,88.02,110年=100
營業額指數,473,布疋及服飾品零售業,11010,121.55,110年=100
營業額指數,473,布疋及服飾品零售業,11011,129.83,110年=100
營業額指數,473,布疋及服飾品零售業,11012,145.17,110年=100
營業額指數,473,布疋及服飾品零售業,11101,146.66,110年=100
營業額指數,473,布疋及服飾品零售業,11102,124.94,110年=100
營業額指數,473,布疋及服飾品零售業,11103,111.38,110年=100
營業額指數,473,布疋及服飾品零售業,11104,99.24,110年=100
營業額指數,473,布疋及服飾品零售業,11105,80.26,110年=100
營業額指數,473,布疋及服飾品零售業,11106,91.77,110年=100
營業額指數,473,布疋及服飾品零售業,11107,107.71,110年=100
營業額指數,473,布疋及服飾品零售業,11108,106.93,110年=100
營業額指數,473,布疋及服飾品零售業,11109,103.98,110年=100
營業額指數,473,布疋及服飾品零售業,11110,124.04,110年=100
營業額指數,473,布疋及服飾品零售業,11111,124.93,110年=100
營業額指數,473,布疋及服飾品零售業,11112,158.90,110年=100
營業額指數,473,布疋及服飾品零售業,11201,173.95,110年=100
營業額指數,473,布疋及服飾品零售業,11202,110.66,110年=100
營業額指數,473,布疋及服飾品零售業,11203,109.30,110年=100
營業額指數,473,布疋及服飾品零售業,11204,124.75,110年=100
營業額指數,473,布疋及服飾品零售業,11205,113.91,110年=100
營業額指數,473,布疋及服飾品零售業,11206,110.26,110年=100
營業額指數,473,布疋及服飾品零售業,11207,115.24,110年=100
營業額指數,473,布疋及服飾品零售業,11208,108.64,110年=100
營業額指數,473,布疋及服飾品零售業,11209,109.97,110年=100
營業額指數,473,布疋及服飾品零售業,11210,120.33,110年=100
營業額指數,473,布疋及服飾品零售業,11211,135.22,110年=100
營業額指數,473,布疋及服飾品零售業,11212,139.02,110年=100
營業額指數,473,布疋及服飾品零售業,11301,137.41,110年=100
營業額指數,473,布疋及服飾品零售業,11302,140.19,110年=100
營業額指數,473,布疋及服飾品零售業,11303,112.68,110年=100
營業額指數,473,布疋及服飾品零售業,11304,119.86,110年=100
營業額指數,473,布疋及服飾品零售業,11305,115.63,110年=100
營業額指數,473,布疋及服飾品零售業,11306,118.09,110年=100
營業額指數,473,布疋及服飾品零售業,11307,107.85,110年=100
營業額指數,473,布疋及服飾品零售業,11308,114.26,110年=100
營業額指數,473,布疋及服飾品零售業,11309,108.53,110年=100
營業額指數,473,布疋及服飾品零售業,11310,116.41,110年=100
營業額指數,473,布疋及服飾品零售業,11311,136.50,110年=100
營業額指數,473,布疋及服飾品零售業,11312,147.67,110年=100
營業額指數,473,布疋及服飾品零售業,11401,156.75,110年=100
營業額指數,473,布疋及服飾品零售業,11402,107.46,110年=100
營業額指數,473,布疋及服飾品零售業,11403,103.65,110年=100
營業額指數,473,布疋及服飾品零售業,11404,109.89,110年=100
營業額指數,473,布疋及服飾品零售業,11405,115.39,110年=100
營業額指數,473,布疋及服飾品零售業,11406,109.78,110年=100
營業額指數,473,布疋及服飾品零售業,11407,105.16,110年=100
營業額指數,473,布疋及服飾品零售業,11408,109.85,110年=100
營業額指數,473,布疋及服飾品零售業,11409,106.04,110年=100
營業額指數,473,布疋及服飾品零售業,11410,118.28,110年=100
營業額指數,473,布疋及服飾品零售業,11411,142.78,110年=100
營業額指數,473,布疋及服飾品零售業,11412,135.76,110年=100
營業額指數,473,布疋及服飾品零售業,11501,142.41,110年=100
營業額指數,473,布疋及服飾品零售業,11502,136.83,110年=100
營業額指數,474,家用器具及用品零售業,08801,109.77,110年=100
營業額指數,474,家用器具及用品零售業,08802,114.63,110年=100
營業額指數,474,家用器具及用品零售業,08803,116.85,110年=100
營業額指數,474,家用器具及用品零售業,08804,115.61,110年=100
營業額指數,474,家用器具及用品零售業,08805,113.33,110年=100
營業額指數,474,家用器具及用品零售業,08806,114.19,110年=100
營業額指數,474,家用器具及用品零售業,08807,118.43,110年=100
營業額指數,474,家用器具及用品零售業,08808,115.93,110年=100
營業額指數,474,家用器具及用品零售業,08809,114.96,110年=100
營業額指數,474,家用器具及用品零售業,08810,114.65,110年=100
營業額指數,474,家用器具及用品零售業,08811,116.07,110年=100
營業額指數,474,家用器具及用品零售業,08812,121.23,110年=100
營業額指數,474,家用器具及用品零售業,08901,122.15,110年=100
營業額指數,474,家用器具及用品零售業,08902,119.82,110年=100
營業額指數,474,家用器具及用品零售業,08903,121.52,110年=100
營業額指數,474,家用器具及用品零售業,08904,122.23,110年=100
營業額指數,474,家用器具及用品零售業,08905,120.14,110年=100
營業額指數,474,家用器具及用品零售業,08906,121.88,110年=100
營業額指數,474,家用器具及用品零售業,08907,125.10,110年=100
營業額指數,474,家用器具及用品零售業,08908,127.09,110年=100
營業額指數,474,家用器具及用品零售業,08909,126.28,110年=100
營業額指數,474,家用器具及用品零售業,08910,124.77,110年=100
營業額指數,474,家用器具及用品零售業,08911,122.84,110年=100
營業額指數,474,家用器具及用品零售業,08912,126.82,110年=100
營業額指數,474,家用器具及用品零售業,09001,123.40,110年=100
營業額指數,474,家用器具及用品零售業,09002,126.32,110年=100
營業額指數,474,家用器具及用品零售業,09003,126.14,110年=100
營業額指數,474,家用器具及用品零售業,09004,117.52,110年=100
營業額指數,474,家用器具及用品零售業,09005,115.87,110年=100
營業額指數,474,家用器具及用品零售業,09006,117.11,110年=100
營業額指數,474,家用器具及用品零售業,09007,118.20,110年=100
營業額指數,474,家用器具及用品零售業,09008,120.21,110年=100
營業額指數,474,家用器具及用品零售業,09009,112.04,110年=100
營業額指數,474,家用器具及用品零售業,09010,118.16,110年=100
營業額指數,474,家用器具及用品零售業,09011,124.60,110年=100
營業額指數,474,家用器具及用品零售業,09012,132.23,110年=100
營業額指數,474,家用器具及用品零售業,09101,131.09,110年=100
營業額指數,474,家用器具及用品零售業,09102,121.91,110年=100
營業額指數,474,家用器具及用品零售業,09103,132.07,110年=100
營業額指數,474,家用器具及用品零售業,09104,130.28,110年=100
營業額指數,474,家用器具及用品零售業,09105,133.72,110年=100
營業額指數,474,家用器具及用品零售業,09106,129.80,110年=100
營業額指數,474,家用器具及用品零售業,09107,132.46,110年=100
營業額指數,474,家用器具及用品零售業,09108,131.68,110年=100
營業額指數,474,家用器具及用品零售業,09109,130.83,110年=100
營業額指數,474,家用器具及用品零售業,09110,133.49,110年=100
營業額指數,474,家用器具及用品零售業,09111,129.76,110年=100
營業額指數,474,家用器具及用品零售業,09112,135.74,110年=100
營業額指數,474,家用器具及用品零售業,09201,133.58,110年=100
營業額指數,474,家用器具及用品零售業,09202,121.41,110年=100
營業額指數,474,家用器具及用品零售業,09203,129.91,110年=100
營業額指數,474,家用器具及用品零售業,09204,127.11,110年=100
營業額指數,474,家用器具及用品零售業,09205,133.32,110年=100
營業額指數,474,家用器具及用品零售業,09206,139.98,110年=100
營業額指數,474,家用器具及用品零售業,09207,149.26,110年=100
營業額指數,474,家用器具及用品零售業,09208,148.76,110年=100
營業額指數,474,家用器具及用品零售業,09209,145.89,110年=100
營業額指數,474,家用器具及用品零售業,09210,143.54,110年=100
營業額指數,474,家用器具及用品零售業,09211,147.06,110年=100
營業額指數,474,家用器具及用品零售業,09212,158.21,110年=100
營業額指數,474,家用器具及用品零售業,09301,156.22,110年=100
營業額指數,474,家用器具及用品零售業,09302,144.34,110年=100
營業額指數,474,家用器具及用品零售業,09303,134.72,110年=100
營業額指數,474,家用器具及用品零售業,09304,140.85,110年=100
營業額指數,474,家用器具及用品零售業,09305,148.95,110年=100
營業額指數,474,家用器具及用品零售業,09306,149.42,110年=100
營業額指數,474,家用器具及用品零售業,09307,150.70,110年=100
營業額指數,474,家用器具及用品零售業,09308,147.01,110年=100
營業額指數,474,家用器具及用品零售業,09309,149.84,110年=100
營業額指數,474,家用器具及用品零售業,09310,154.14,110年=100
營業額指數,474,家用器具及用品零售業,09311,156.24,110年=100
營業額指數,474,家用器具及用品零售業,09312,173.00,110年=100
營業額指數,474,家用器具及用品零售業,09401,175.87,110年=100
營業額指數,474,家用器具及用品零售業,09402,161.72,110年=100
營業額指數,474,家用器具及用品零售業,09403,153.99,110年=100
營業額指數,474,家用器具及用品零售業,09404,152.74,110年=100
營業額指數,474,家用器具及用品零售業,09405,149.29,110年=100
營業額指數,474,家用器具及用品零售業,09406,148.27,110年=100
營業額指數,474,家用器具及用品零售業,09407,153.66,110年=100
營業額指數,474,家用器具及用品零售業,09408,145.50,110年=100
營業額指數,474,家用器具及用品零售業,09409,148.25,110年=100
營業額指數,474,家用器具及用品零售業,09410,148.23,110年=100
營業額指數,474,家用器具及用品零售業,09411,152.97,110年=100
營業額指數,474,家用器具及用品零售業,09412,167.32,110年=100
營業額指數,474,家用器具及用品零售業,09501,176.39,110年=100
營業額指數,474,家用器具及用品零售業,09502,152.66,110年=100
營業額指數,474,家用器具及用品零售業,09503,156.70,110年=100
營業額指數,474,家用器具及用品零售業,09504,159.06,110年=100
營業額指數,474,家用器具及用品零售業,09505,150.20,110年=100
營業額指數,474,家用器具及用品零售業,09506,153.96,110年=100
營業額指數,474,家用器具及用品零售業,09507,163.32,110年=100
營業額指數,474,家用器具及用品零售業,09508,154.14,110年=100
營業額指數,474,家用器具及用品零售業,09509,156.06,110年=100
營業額指數,474,家用器具及用品零售業,09510,158.88,110年=100
營業額指數,474,家用器具及用品零售業,09511,160.83,110年=100
營業額指數,474,家用器具及用品零售業,09512,170.16,110年=100
營業額指數,474,家用器具及用品零售業,09601,168.02,110年=100
營業額指數,474,家用器具及用品零售業,09602,152.88,110年=100
營業額指數,474,家用器具及用品零售業,09603,150.65,110年=100
營業額指數,474,家用器具及用品零售業,09604,154.75,110年=100
營業額指數,474,家用器具及用品零售業,09605,153.49,110年=100
營業額指數,474,家用器具及用品零售業,09606,154.93,110年=100
營業額指數,474,家用器具及用品零售業,09607,171.30,110年=100
營業額指數,474,家用器具及用品零售業,09608,154.46,110年=100
營業額指數,474,家用器具及用品零售業,09609,147.82,110年=100
營業額指數,474,家用器具及用品零售業,09610,150.79,110年=100
營業額指數,474,家用器具及用品零售業,09611,152.38,110年=100
營業額指數,474,家用器具及用品零售業,09612,166.60,110年=100
營業額指數,474,家用器具及用品零售業,09701,173.70,110年=100
營業額指數,474,家用器具及用品零售業,09702,149.98,110年=100
營業額指數,474,家用器具及用品零售業,09703,145.81,110年=100
營業額指數,474,家用器具及用品零售業,09704,151.61,110年=100
營業額指數,474,家用器具及用品零售業,09705,147.21,110年=100
營業額指數,474,家用器具及用品零售業,09706,138.92,110年=100
營業額指數,474,家用器具及用品零售業,09707,139.66,110年=100
營業額指數,474,家用器具及用品零售業,09708,134.24,110年=100
營業額指數,474,家用器具及用品零售業,09709,130.74,110年=100
營業額指數,474,家用器具及用品零售業,09710,129.30,110年=100
營業額指數,474,家用器具及用品零售業,09711,131.98,110年=100
營業額指數,474,家用器具及用品零售業,09712,142.43,110年=100
營業額指數,474,家用器具及用品零售業,09801,161.45,110年=100
營業額指數,474,家用器具及用品零售業,09802,132.41,110年=100
營業額指數,474,家用器具及用品零售業,09803,129.38,110年=100
營業額指數,474,家用器具及用品零售業,09804,135.14,110年=100
營業額指數,474,家用器具及用品零售業,09805,144.60,110年=100
營業額指數,474,家用器具及用品零售業,09806,138.26,110年=100
營業額指數,474,家用器具及用品零售業,09807,141.41,110年=100
營業額指數,474,家用器具及用品零售業,09808,137.52,110年=100
營業額指數,474,家用器具及用品零售業,09809,131.11,110年=100
營業額指數,474,家用器具及用品零售業,09810,140.56,110年=100
營業額指數,474,家用器具及用品零售業,09811,138.68,110年=100
營業額指數,474,家用器具及用品零售業,09812,146.64,110年=100
營業額指數,474,家用器具及用品零售業,09901,141.96,110年=100
營業額指數,474,家用器具及用品零售業,09902,139.16,110年=100
營業額指數,474,家用器具及用品零售業,09903,136.56,110年=100
營業額指數,474,家用器具及用品零售業,09904,137.92,110年=100
營業額指數,474,家用器具及用品零售業,09905,145.27,110年=100
營業額指數,474,家用器具及用品零售業,09906,140.38,110年=100
營業額指數,474,家用器具及用品零售業,09907,141.14,110年=100
營業額指數,474,家用器具及用品零售業,09908,145.62,110年=100
營業額指數,474,家用器具及用品零售業,09909,136.54,110年=100
營業額指數,474,家用器具及用品零售業,09910,139.73,110年=100
營業額指數,474,家用器具及用品零售業,09911,138.94,110年=100
營業額指數,474,家用器具及用品零售業,09912,148.78,110年=100
營業額指數,474,家用器具及用品零售業,10001,145.24,110年=100
營業額指數,474,家用器具及用品零售業,10002,128.06,110年=100
營業額指數,474,家用器具及用品零售業,10003,135.92,110年=100
營業額指數,474,家用器具及用品零售業,10004,139.13,110年=100
營業額指數,474,家用器具及用品零售業,10005,140.15,110年=100
營業額指數,474,家用器具及用品零售業,10006,139.47,110年=100
營業額指數,474,家用器具及用品零售業,10007,141.69,110年=100
營業額指數,474,家用器具及用品零售業,10008,139.74,110年=100
營業額指數,474,家用器具及用品零售業,10009,135.39,110年=100
營業額指數,474,家用器具及用品零售業,10010,139.09,110年=100
營業額指數,474,家用器具及用品零售業,10011,135.20,110年=100
營業額指數,474,家用器具及用品零售業,10012,146.74,110年=100
營業額指數,474,家用器具及用品零售業,10101,128.59,110年=100
營業額指數,474,家用器具及用品零售業,10102,126.47,110年=100
營業額指數,474,家用器具及用品零售業,10103,129.17,110年=100
營業額指數,474,家用器具及用品零售業,10104,129.54,110年=100
營業額指數,474,家用器具及用品零售業,10105,128.23,110年=100
營業額指數,474,家用器具及用品零售業,10106,124.34,110年=100
營業額指數,474,家用器具及用品零售業,10107,129.09,110年=100
營業額指數,474,家用器具及用品零售業,10108,126.02,110年=100
營業額指數,474,家用器具及用品零售業,10109,123.68,110年=100
營業額指數,474,家用器具及用品零售業,10110,132.39,110年=100
營業額指數,474,家用器具及用品零售業,10111,127.22,110年=100
營業額指數,474,家用器具及用品零售業,10112,138.01,110年=100
營業額指數,474,家用器具及用品零售業,10201,122.07,110年=100
營業額指數,474,家用器具及用品零售業,10202,121.40,110年=100
營業額指數,474,家用器具及用品零售業,10203,107.27,110年=100
營業額指數,474,家用器具及用品零售業,10204,121.11,110年=100
營業額指數,474,家用器具及用品零售業,10205,116.34,110年=100
營業額指數,474,家用器具及用品零售業,10206,114.88,110年=100
營業額指數,474,家用器具及用品零售業,10207,120.77,110年=100
營業額指數,474,家用器具及用品零售業,10208,118.38,110年=100
營業額指數,474,家用器具及用品零售業,10209,124.89,110年=100
營業額指數,474,家用器具及用品零售業,10210,147.29,110年=100
營業額指數,474,家用器具及用品零售業,10211,131.84,110年=100
營業額指數,474,家用器具及用品零售業,10212,132.22,110年=100
營業額指數,474,家用器具及用品零售業,10301,126.40,110年=100
營業額指數,474,家用器具及用品零售業,10302,115.39,110年=100
營業額指數,474,家用器具及用品零售業,10303,110.46,110年=100
營業額指數,474,家用器具及用品零售業,10304,116.79,110年=100
營業額指數,474,家用器具及用品零售業,10305,115.39,110年=100
營業額指數,474,家用器具及用品零售業,10306,114.74,110年=100
營業額指數,474,家用器具及用品零售業,10307,116.75,110年=100
營業額指數,474,家用器具及用品零售業,10308,121.09,110年=100
營業額指數,474,家用器具及用品零售業,10309,122.09,110年=100
營業額指數,474,家用器具及用品零售業,10310,142.88,110年=100
營業額指數,474,家用器具及用品零售業,10311,141.25,110年=100
營業額指數,474,家用器具及用品零售業,10312,148.08,110年=100
營業額指數,474,家用器具及用品零售業,10401,129.41,110年=100
營業額指數,474,家用器具及用品零售業,10402,121.36,110年=100
營業額指數,474,家用器具及用品零售業,10403,110.46,110年=100
營業額指數,474,家用器具及用品零售業,10404,114.87,110年=100
營業額指數,474,家用器具及用品零售業,10405,115.91,110年=100
營業額指數,474,家用器具及用品零售業,10406,110.77,110年=100
營業額指數,474,家用器具及用品零售業,10407,111.63,110年=100
營業額指數,474,家用器具及用品零售業,10408,117.43,110年=100
營業額指數,474,家用器具及用品零售業,10409,114.07,110年=100
營業額指數,474,家用器具及用品零售業,10410,136.93,110年=100
營業額指數,474,家用器具及用品零售業,10411,139.04,110年=100
營業額指數,474,家用器具及用品零售業,10412,143.29,110年=100
營業額指數,474,家用器具及用品零售業,10501,130.51,110年=100
營業額指數,474,家用器具及用品零售業,10502,110.55,110年=100
營業額指數,474,家用器具及用品零售業,10503,105.54,110年=100
營業額指數,474,家用器具及用品零售業,10504,106.41,110年=100
營業額指數,474,家用器具及用品零售業,10505,106.46,110年=100
營業額指數,474,家用器具及用品零售業,10506,98.17,110年=100
營業額指數,474,家用器具及用品零售業,10507,105.69,110年=100
營業額指數,474,家用器具及用品零售業,10508,103.22,110年=100
營業額指數,474,家用器具及用品零售業,10509,101.75,110年=100
營業額指數,474,家用器具及用品零售業,10510,113.60,110年=100
營業額指數,474,家用器具及用品零售業,10511,117.31,110年=100
營業額指數,474,家用器具及用品零售業,10512,120.15,110年=100
營業額指數,474,家用器具及用品零售業,10601,112.24,110年=100
營業額指數,474,家用器具及用品零售業,10602,99.98,110年=100
營業額指數,474,家用器具及用品零售業,10603,91.14,110年=100
營業額指數,474,家用器具及用品零售業,10604,93.41,110年=100
營業額指數,474,家用器具及用品零售業,10605,98.46,110年=100
營業額指數,474,家用器具及用品零售業,10606,89.51,110年=100
營業額指數,474,家用器具及用品零售業,10607,97.93,110年=100
營業額指數,474,家用器具及用品零售業,10608,99.19,110年=100
營業額指數,474,家用器具及用品零售業,10609,97.99,110年=100
營業額指數,474,家用器具及用品零售業,10610,116.48,110年=100
營業額指數,474,家用器具及用品零售業,10611,121.71,110年=100
營業額指數,474,家用器具及用品零售業,10612,120.25,110年=100
營業額指數,474,家用器具及用品零售業,10701,108.91,110年=100
營業額指數,474,家用器具及用品零售業,10702,102.48,110年=100
營業額指數,474,家用器具及用品零售業,10703,96.07,110年=100
營業額指數,474,家用器具及用品零售業,10704,94.59,110年=100
營業額指數,474,家用器具及用品零售業,10705,107.98,110年=100
營業額指數,474,家用器具及用品零售業,10706,97.33,110年=100
營業額指數,474,家用器具及用品零售業,10707,96.91,110年=100
營業額指數,474,家用器具及用品零售業,10708,97.71,110年=100
營業額指數,474,家用器具及用品零售業,10709,102.23,110年=100
營業額指數,474,家用器具及用品零售業,10710,119.65,110年=100
營業額指數,474,家用器具及用品零售業,10711,118.61,110年=100
營業額指數,474,家用器具及用品零售業,10712,120.70,110年=100
營業額指數,474,家用器具及用品零售業,10801,122.54,110年=100
營業額指數,474,家用器具及用品零售業,10802,96.41,110年=100
營業額指數,474,家用器具及用品零售業,10803,104.84,110年=100
營業額指數,474,家用器具及用品零售業,10804,103.16,110年=100
營業額指數,474,家用器具及用品零售業,10805,110.56,110年=100
營業額指數,474,家用器具及用品零售業,10806,101.27,110年=100
營業額指數,474,家用器具及用品零售業,10807,102.90,110年=100
營業額指數,474,家用器具及用品零售業,10808,101.93,110年=100
營業額指數,474,家用器具及用品零售業,10809,100.21,110年=100
營業額指數,474,家用器具及用品零售業,10810,113.87,110年=100
營業額指數,474,家用器具及用品零售業,10811,113.72,110年=100
營業額指數,474,家用器具及用品零售業,10812,117.23,110年=100
營業額指數,474,家用器具及用品零售業,10901,105.41,110年=100
營業額指數,474,家用器具及用品零售業,10902,87.32,110年=100
營業額指數,474,家用器具及用品零售業,10903,81.39,110年=100
營業額指數,474,家用器具及用品零售業,10904,79.26,110年=100
營業額指數,474,家用器具及用品零售業,10905,92.22,110年=100
營業額指數,474,家用器具及用品零售業,10906,90.62,110年=100
營業額指數,474,家用器具及用品零售業,10907,98.81,110年=100
營業額指數,474,家用器具及用品零售業,10908,106.03,110年=100
營業額指數,474,家用器具及用品零售業,10909,106.43,110年=100
營業額指數,474,家用器具及用品零售業,10910,122.88,110年=100
營業額指數,474,家用器具及用品零售業,10911,114.81,110年=100
營業額指數,474,家用器具及用品零售業,10912,125.94,110年=100
營業額指數,474,家用器具及用品零售業,11001,112.53,110年=100
營業額指數,474,家用器具及用品零售業,11002,99.82,110年=100
營業額指數,474,家用器具及用品零售業,11003,94.95,110年=100
營業額指數,474,家用器具及用品零售業,11004,104.99,110年=100
營業額指數,474,家用器具及用品零售業,11005,78.80,110年=100
營業額指數,474,家用器具及用品零售業,11006,63.31,110年=100
營業額指數,474,家用器具及用品零售業,11007,86.42,110年=100
營業額指數,474,家用器具及用品零售業,11008,96.15,110年=100
營業額指數,474,家用器具及用品零售業,11009,95.78,110年=100
營業額指數,474,家用器具及用品零售業,11010,118.43,110年=100
營業額指數,474,家用器具及用品零售業,11011,121.18,110年=100
營業額指數,474,家用器具及用品零售業,11012,127.63,110年=100
營業額指數,474,家用器具及用品零售業,11101,119.02,110年=100
營業額指數,474,家用器具及用品零售業,11102,99.05,110年=100
營業額指數,474,家用器具及用品零售業,11103,103.93,110年=100
營業額指數,474,家用器具及用品零售業,11104,99.00,110年=100
營業額指數,474,家用器具及用品零售業,11105,88.67,110年=100
營業額指數,474,家用器具及用品零售業,11106,94.86,110年=100
營業額指數,474,家用器具及用品零售業,11107,101.94,110年=100
營業額指數,474,家用器具及用品零售業,11108,100.40,110年=100
營業額指數,474,家用器具及用品零售業,11109,98.16,110年=100
營業額指數,474,家用器具及用品零售業,11110,116.77,110年=100
營業額指數,474,家用器具及用品零售業,11111,114.61,110年=100
營業額指數,474,家用器具及用品零售業,11112,125.36,110年=100
營業額指數,474,家用器具及用品零售業,11201,113.64,110年=100
營業額指數,474,家用器具及用品零售業,11202,95.26,110年=100
營業額指數,474,家用器具及用品零售業,11203,98.35,110年=100
營業額指數,474,家用器具及用品零售業,11204,105.34,110年=100
營業額指數,474,家用器具及用品零售業,11205,105.66,110年=100
營業額指數,474,家用器具及用品零售業,11206,98.32,110年=100
營業額指數,474,家用器具及用品零售業,11207,103.18,110年=100
營業額指數,474,家用器具及用品零售業,11208,100.12,110年=100
營業額指數,474,家用器具及用品零售業,11209,98.31,110年=100
營業額指數,474,家用器具及用品零售業,11210,115.26,110年=100
營業額指數,474,家用器具及用品零售業,11211,113.01,110年=100
營業額指數,474,家用器具及用品零售業,11212,115.80,110年=100
營業額指數,474,家用器具及用品零售業,11301,116.70,110年=100
營業額指數,474,家用器具及用品零售業,11302,104.13,110年=100
營業額指數,474,家用器具及用品零售業,11303,96.03,110年=100
營業額指數,474,家用器具及用品零售業,11304,105.56,110年=100
營業額指數,474,家用器具及用品零售業,11305,104.58,110年=100
營業額指數,474,家用器具及用品零售業,11306,100.04,110年=100
營業額指數,474,家用器具及用品零售業,11307,98.52,110年=100
營業額指數,474,家用器具及用品零售業,11308,99.88,110年=100
營業額指數,474,家用器具及用品零售業,11309,98.75,110年=100
營業額指數,474,家用器具及用品零售業,11310,118.22,110年=100
營業額指數,474,家用器具及用品零售業,11311,116.32,110年=100
營業額指數,474,家用器具及用品零售業,11312,117.14,110年=100
營業額指數,474,家用器具及用品零售業,11401,115.08,110年=100
營業額指數,474,家用器具及用品零售業,11402,94.50,110年=100
營業額指數,474,家用器具及用品零售業,11403,96.29,110年=100
營業額指數,474,家用器具及用品零售業,11404,100.76,110年=100
營業額指數,474,家用器具及用品零售業,11405,102.70,110年=100
營業額指數,474,家用器具及用品零售業,11406,97.28,110年=100
營業額指數,474,家用器具及用品零售業,11407,95.53,110年=100
營業額指數,474,家用器具及用品零售業,11408,98.32,110年=100
營業額指數,474,家用器具及用品零售業,11409,95.17,110年=100
營業額指數,474,家用器具及用品零售業,11410,110.24,110年=100
營業額指數,474,家用器具及用品零售業,11411,112.10,110年=100
營業額指數,474,家用器具及用品零售業,11412,114.26,110年=100
營業額指數,474,家用器具及用品零售業,11501,112.55,110年=100
營業額指數,474,家用器具及用品零售業,11502,107.33,110年=100
營業額指數,475,藥品、醫療用品及化粧品零售業,08801,58.97,110年=100
營業額指數,475,藥品、醫療用品及化粧品零售業,08802,61.58,110年=100
營業額指數,475,藥品、醫療用品及化粧品零售業,08803,63.08,110年=100
營業額指數,475,藥品、醫療用品及化粧品零售業,08804,64.14,110年=100
營業額指數,475,藥品、醫療用品及化粧品零售業,08805,65.07,110年=100
營業額指數,475,藥品、醫療用品及化粧品零售業,08806,64.42,110年=100
營業額指數,475,藥品、醫療用品及化粧品零售業,08807,65.40,110年=100
營業額指數,475,藥品、醫療用品及化粧品零售業,08808,63.54,110年=100
營業額指數,475,藥品、醫療用品及化粧品零售業,08809,62.04,110年=100
營業額指數,475,藥品、醫療用品及化粧品零售業,08810,62.05,110年=100
營業額指數,475,藥品、醫療用品及化粧品零售業,08811,62.45,110年=100
營業額指數,475,藥品、醫療用品及化粧品零售業,08812,63.54,110年=100
營業額指數,475,藥品、醫療用品及化粧品零售業,08901,63.39,110年=100
營業額指數,475,藥品、醫療用品及化粧品零售業,08902,63.57,110年=100
營業額指數,475,藥品、醫療用品及化粧品零售業,08903,64.36,110年=100
營業額指數,475,藥品、醫療用品及化粧品零售業,08904,61.80,110年=100
營業額指數,475,藥品、醫療用品及化粧品零售業,08905,62.72,110年=100
營業額指數,475,藥品、醫療用品及化粧品零售業,08906,63.84,110年=100
營業額指數,475,藥品、醫療用品及化粧品零售業,08907,65.03,110年=100
營業額指數,475,藥品、醫療用品及化粧品零售業,08908,62.71,110年=100
營業額指數,475,藥品、醫療用品及化粧品零售業,08909,63.06,110年=100
營業額指數,475,藥品、醫療用品及化粧品零售業,08910,65.42,110年=100
營業額指數,475,藥品、醫療用品及化粧品零售業,08911,62.55,110年=100
營業額指數,475,藥品、醫療用品及化粧品零售業,08912,66.04,110年=100
營業額指數,475,藥品、醫療用品及化粧品零售業,09001,65.07,110年=100
營業額指數,475,藥品、醫療用品及化粧品零售業,09002,63.36,110年=100
營業額指數,475,藥品、醫療用品及化粧品零售業,09003,68.30,110年=100
營業額指數,475,藥品、醫療用品及化粧品零售業,09004,66.41,110年=100
營業額指數,475,藥品、醫療用品及化粧品零售業,09005,66.76,110年=100
營業額指數,475,藥品、醫療用品及化粧品零售業,09006,65.05,110年=100
營業額指數,475,藥品、醫療用品及化粧品零售業,09007,62.22,110年=100
營業額指數,475,藥品、醫療用品及化粧品零售業,09008,65.02,110年=100
營業額指數,475,藥品、醫療用品及化粧品零售業,09009,58.42,110年=100
營業額指數,475,藥品、醫療用品及化粧品零售業,09010,61.87,110年=100
營業額指數,475,藥品、醫療用品及化粧品零售業,09011,66.27,110年=100
營業額指數,475,藥品、醫療用品及化粧品零售業,09012,71.55,110年=100
營業額指數,475,藥品、醫療用品及化粧品零售業,09101,69.29,110年=100
營業額指數,475,藥品、醫療用品及化粧品零售業,09102,66.06,110年=100
營業額指數,475,藥品、醫療用品及化粧品零售業,09103,73.73,110年=100
營業額指數,475,藥品、醫療用品及化粧品零售業,09104,72.41,110年=100
營業額指數,475,藥品、醫療用品及化粧品零售業,09105,76.92,110年=100
營業額指數,475,藥品、醫療用品及化粧品零售業,09106,72.04,110年=100
營業額指數,475,藥品、醫療用品及化粧品零售業,09107,70.29,110年=100
營業額指數,475,藥品、醫療用品及化粧品零售業,09108,71.86,110年=100
營業額指數,475,藥品、醫療用品及化粧品零售業,09109,70.31,110年=100
營業額指數,475,藥品、醫療用品及化粧品零售業,09110,70.26,110年=100
營業額指數,475,藥品、醫療用品及化粧品零售業,09111,71.24,110年=100
營業額指數,475,藥品、醫療用品及化粧品零售業,09112,72.62,110年=100
營業額指數,475,藥品、醫療用品及化粧品零售業,09201,76.14,110年=100
營業額指數,475,藥品、醫療用品及化粧品零售業,09202,70.21,110年=100
營業額指數,475,藥品、醫療用品及化粧品零售業,09203,81.19,110年=100
營業額指數,475,藥品、醫療用品及化粧品零售業,09204,85.62,110年=100
營業額指數,475,藥品、醫療用品及化粧品零售業,09205,89.57,110年=100
營業額指數,475,藥品、醫療用品及化粧品零售業,09206,86.78,110年=100
營業額指數,475,藥品、醫療用品及化粧品零售業,09207,83.24,110年=100
營業額指數,475,藥品、醫療用品及化粧品零售業,09208,80.16,110年=100
營業額指數,475,藥品、醫療用品及化粧品零售業,09209,80.19,110年=100
營業額指數,475,藥品、醫療用品及化粧品零售業,09210,82.55,110年=100
營業額指數,475,藥品、醫療用品及化粧品零售業,09211,85.47,110年=100
營業額指數,475,藥品、醫療用品及化粧品零售業,09212,86.94,110年=100
營業額指數,475,藥品、醫療用品及化粧品零售業,09301,83.27,110年=100
營業額指數,475,藥品、醫療用品及化粧品零售業,09302,83.11,110年=100
營業額指數,475,藥品、醫療用品及化粧品零售業,09303,88.77,110年=100
營業額指數,475,藥品、醫療用品及化粧品零售業,09304,86.40,110年=100
營業額指數,475,藥品、醫療用品及化粧品零售業,09305,91.01,110年=100
營業額指數,475,藥品、醫療用品及化粧品零售業,09306,90.12,110年=100
營業額指數,475,藥品、醫療用品及化粧品零售業,09307,86.92,110年=100
營業額指數,475,藥品、醫療用品及化粧品零售業,09308,90.17,110年=100
營業額指數,475,藥品、醫療用品及化粧品零售業,09309,91.07,110年=100
營業額指數,475,藥品、醫療用品及化粧品零售業,09310,87.30,110年=100
營業額指數,475,藥品、醫療用品及化粧品零售業,09311,91.84,110年=100
營業額指數,475,藥品、醫療用品及化粧品零售業,09312,99.70,110年=100
營業額指數,475,藥品、醫療用品及化粧品零售業,09401,94.78,110年=100
營業額指數,475,藥品、醫療用品及化粧品零售業,09402,85.94,110年=100
營業額指數,475,藥品、醫療用品及化粧品零售業,09403,98.39,110年=100
營業額指數,475,藥品、醫療用品及化粧品零售業,09404,86.54,110年=100
營業額指數,475,藥品、醫療用品及化粧品零售業,09405,83.84,110年=100
營業額指數,475,藥品、醫療用品及化粧品零售業,09406,90.11,110年=100
營業額指數,475,藥品、醫療用品及化粧品零售業,09407,84.93,110年=100
營業額指數,475,藥品、醫療用品及化粧品零售業,09408,80.97,110年=100
營業額指數,475,藥品、醫療用品及化粧品零售業,09409,85.36,110年=100
營業額指數,475,藥品、醫療用品及化粧品零售業,09410,87.27,110年=100
營業額指數,475,藥品、醫療用品及化粧品零售業,09411,94.77,110年=100
營業額指數,475,藥品、醫療用品及化粧品零售業,09412,104.44,110年=100
營業額指數,475,藥品、醫療用品及化粧品零售業,09501,86.35,110年=100
營業額指數,475,藥品、醫療用品及化粧品零售業,09502,85.33,110年=100
營業額指數,475,藥品、醫療用品及化粧品零售業,09503,95.62,110年=100
營業額指數,475,藥品、醫療用品及化粧品零售業,09504,92.36,110年=100
營業額指數,475,藥品、醫療用品及化粧品零售業,09505,87.96,110年=100
營業額指數,475,藥品、醫療用品及化粧品零售業,09506,91.75,110年=100
營業額指數,475,藥品、醫療用品及化粧品零售業,09507,83.07,110年=100
營業額指數,475,藥品、醫療用品及化粧品零售業,09508,87.06,110年=100
營業額指數,475,藥品、醫療用品及化粧品零售業,09509,89.73,110年=100
營業額指數,475,藥品、醫療用品及化粧品零售業,09510,95.05,110年=100
營業額指數,475,藥品、醫療用品及化粧品零售業,09511,96.92,110年=100
營業額指數,475,藥品、醫療用品及化粧品零售業,09512,105.78,110年=100
營業額指數,475,藥品、醫療用品及化粧品零售業,09601,89.31,110年=100
營業額指數,475,藥品、醫療用品及化粧品零售業,09602,88.40,110年=100
營業額指數,475,藥品、醫療用品及化粧品零售業,09603,96.68,110年=100
營業額指數,475,藥品、醫療用品及化粧品零售業,09604,93.12,110年=100
營業額指數,475,藥品、醫療用品及化粧品零售業,09605,95.45,110年=100
營業額指數,475,藥品、醫療用品及化粧品零售業,09606,96.42,110年=100
營業額指數,475,藥品、醫療用品及化粧品零售業,09607,93.71,110年=100
營業額指數,475,藥品、醫療用品及化粧品零售業,09608,92.14,110年=100
營業額指數,475,藥品、醫療用品及化粧品零售業,09609,90.46,110年=100
營業額指數,475,藥品、醫療用品及化粧品零售業,09610,93.41,110年=100
營業額指數,475,藥品、醫療用品及化粧品零售業,09611,91.55,110年=100
營業額指數,475,藥品、醫療用品及化粧品零售業,09612,102.82,110年=100
營業額指數,475,藥品、醫療用品及化粧品零售業,09701,92.08,110年=100
營業額指數,475,藥品、醫療用品及化粧品零售業,09702,87.44,110年=100
營業額指數,475,藥品、醫療用品及化粧品零售業,09703,92.38,110年=100
營業額指數,475,藥品、醫療用品及化粧品零售業,09704,93.02,110年=100
營業額指數,475,藥品、醫療用品及化粧品零售業,09705,94.78,110年=100
營業額指數,475,藥品、醫療用品及化粧品零售業,09706,91.56,110年=100
營業額指數,475,藥品、醫療用品及化粧品零售業,09707,89.17,110年=100
營業額指數,475,藥品、醫療用品及化粧品零售業,09708,87.44,110年=100
營業額指數,475,藥品、醫療用品及化粧品零售業,09709,88.50,110年=100
營業額指數,475,藥品、醫療用品及化粧品零售業,09710,96.46,110年=100
營業額指數,475,藥品、醫療用品及化粧品零售業,09711,89.50,110年=100
營業額指數,475,藥品、醫療用品及化粧品零售業,09712,96.49,110年=100
營業額指數,475,藥品、醫療用品及化粧品零售業,09801,88.97,110年=100
營業額指數,475,藥品、醫療用品及化粧品零售業,09802,83.06,110年=100
營業額指數,475,藥品、醫療用品及化粧品零售業,09803,87.89,110年=100
營業額指數,475,藥品、醫療用品及化粧品零售業,09804,91.24,110年=100
營業額指數,475,藥品、醫療用品及化粧品零售業,09805,93.84,110年=100
營業額指數,475,藥品、醫療用品及化粧品零售業,09806,92.98,110年=100
營業額指數,475,藥品、醫療用品及化粧品零售業,09807,93.79,110年=100
營業額指數,475,藥品、醫療用品及化粧品零售業,09808,89.52,110年=100
營業額指數,475,藥品、醫療用品及化粧品零售業,09809,93.75,110年=100
營業額指數,475,藥品、醫療用品及化粧品零售業,09810,100.84,110年=100
營業額指數,475,藥品、醫療用品及化粧品零售業,09811,92.29,110年=100
營業額指數,475,藥品、醫療用品及化粧品零售業,09812,97.79,110年=100
營業額指數,475,藥品、醫療用品及化粧品零售業,09901,84.37,110年=100
營業額指數,475,藥品、醫療用品及化粧品零售業,09902,85.67,110年=100
營業額指數,475,藥品、醫療用品及化粧品零售業,09903,91.56,110年=100
營業額指數,475,藥品、醫療用品及化粧品零售業,09904,94.38,110年=100
營業額指數,475,藥品、醫療用品及化粧品零售業,09905,95.55,110年=100
營業額指數,475,藥品、醫療用品及化粧品零售業,09906,94.04,110年=100
營業額指數,475,藥品、醫療用品及化粧品零售業,09907,94.88,110年=100
營業額指數,475,藥品、醫療用品及化粧品零售業,09908,98.64,110年=100
營業額指數,475,藥品、醫療用品及化粧品零售業,09909,96.81,110年=100
營業額指數,475,藥品、醫療用品及化粧品零售業,09910,100.30,110年=100
營業額指數,475,藥品、醫療用品及化粧品零售業,09911,92.56,110年=100
營業額指數,475,藥品、醫療用品及化粧品零售業,09912,97.46,110年=100
營業額指數,475,藥品、醫療用品及化粧品零售業,10001,90.80,110年=100
營業額指數,475,藥品、醫療用品及化粧品零售業,10002,85.44,110年=100
營業額指數,475,藥品、醫療用品及化粧品零售業,10003,94.44,110年=100
營業額指數,475,藥品、醫療用品及化粧品零售業,10004,98.30,110年=100
營業額指數,475,藥品、醫療用品及化粧品零售業,10005,96.32,110年=100
營業額指數,475,藥品、醫療用品及化粧品零售業,10006,92.98,110年=100
營業額指數,475,藥品、醫療用品及化粧品零售業,10007,95.29,110年=100
營業額指數,475,藥品、醫療用品及化粧品零售業,10008,98.01,110年=100
營業額指數,475,藥品、醫療用品及化粧品零售業,10009,98.11,110年=100
營業額指數,475,藥品、醫療用品及化粧品零售業,10010,101.91,110年=100
營業額指數,475,藥品、醫療用品及化粧品零售業,10011,89.16,110年=100
營業額指數,475,藥品、醫療用品及化粧品零售業,10012,102.61,110年=100
營業額指數,475,藥品、醫療用品及化粧品零售業,10101,89.71,110年=100
營業額指數,475,藥品、醫療用品及化粧品零售業,10102,87.58,110年=100
營業額指數,475,藥品、醫療用品及化粧品零售業,10103,91.19,110年=100
營業額指數,475,藥品、醫療用品及化粧品零售業,10104,92.25,110年=100
營業額指數,475,藥品、醫療用品及化粧品零售業,10105,94.56,110年=100
營業額指數,475,藥品、醫療用品及化粧品零售業,10106,89.39,110年=100
營業額指數,475,藥品、醫療用品及化粧品零售業,10107,91.35,110年=100
營業額指數,475,藥品、醫療用品及化粧品零售業,10108,89.15,110年=100
營業額指數,475,藥品、醫療用品及化粧品零售業,10109,89.22,110年=100
營業額指數,475,藥品、醫療用品及化粧品零售業,10110,98.45,110年=100
營業額指數,475,藥品、醫療用品及化粧品零售業,10111,89.27,110年=100
營業額指數,475,藥品、醫療用品及化粧品零售業,10112,93.53,110年=100
營業額指數,475,藥品、醫療用品及化粧品零售業,10201,82.50,110年=100
營業額指數,475,藥品、醫療用品及化粧品零售業,10202,85.06,110年=100
營業額指數,475,藥品、醫療用品及化粧品零售業,10203,91.54,110年=100
營業額指數,475,藥品、醫療用品及化粧品零售業,10204,92.77,110年=100
營業額指數,475,藥品、醫療用品及化粧品零售業,10205,90.36,110年=100
營業額指數,475,藥品、醫療用品及化粧品零售業,10206,92.04,110年=100
營業額指數,475,藥品、醫療用品及化粧品零售業,10207,89.54,110年=100
營業額指數,475,藥品、醫療用品及化粧品零售業,10208,92.00,110年=100
營業額指數,475,藥品、醫療用品及化粧品零售業,10209,94.50,110年=100
營業額指數,475,藥品、醫療用品及化粧品零售業,10210,97.67,110年=100
營業額指數,475,藥品、醫療用品及化粧品零售業,10211,91.26,110年=100
營業額指數,475,藥品、醫療用品及化粧品零售業,10212,93.15,110年=100
營業額指數,475,藥品、醫療用品及化粧品零售業,10301,88.41,110年=100
營業額指數,475,藥品、醫療用品及化粧品零售業,10302,83.24,110年=100
營業額指數,475,藥品、醫療用品及化粧品零售業,10303,88.88,110年=100
營業額指數,475,藥品、醫療用品及化粧品零售業,10304,88.77,110年=100
營業額指數,475,藥品、醫療用品及化粧品零售業,10305,89.31,110年=100
營業額指數,475,藥品、醫療用品及化粧品零售業,10306,93.94,110年=100
營業額指數,475,藥品、醫療用品及化粧品零售業,10307,90.61,110年=100
營業額指數,475,藥品、醫療用品及化粧品零售業,10308,93.56,110年=100
營業額指數,475,藥品、醫療用品及化粧品零售業,10309,100.35,110年=100
營業額指數,475,藥品、醫療用品及化粧品零售業,10310,102.73,110年=100
營業額指數,475,藥品、醫療用品及化粧品零售業,10311,90.66,110年=100
營業額指數,475,藥品、醫療用品及化粧品零售業,10312,100.91,110年=100
營業額指數,475,藥品、醫療用品及化粧品零售業,10401,90.01,110年=100
營業額指數,475,藥品、醫療用品及化粧品零售業,10402,91.75,110年=100
營業額指數,475,藥品、醫療用品及化粧品零售業,10403,93.13,110年=100
營業額指數,475,藥品、醫療用品及化粧品零售業,10404,95.16,110年=100
營業額指數,475,藥品、醫療用品及化粧品零售業,10405,94.68,110年=100
營業額指數,475,藥品、醫療用品及化粧品零售業,10406,98.14,110年=100
營業額指數,475,藥品、醫療用品及化粧品零售業,10407,93.44,110年=100
營業額指數,475,藥品、醫療用品及化粧品零售業,10408,94.99,110年=100
營業額指數,475,藥品、醫療用品及化粧品零售業,10409,99.83,110年=100
營業額指數,475,藥品、醫療用品及化粧品零售業,10410,102.97,110年=100
營業額指數,475,藥品、醫療用品及化粧品零售業,10411,95.83,110年=100
營業額指數,475,藥品、醫療用品及化粧品零售業,10412,105.60,110年=100
營業額指數,475,藥品、醫療用品及化粧品零售業,10501,92.07,110年=100
營業額指數,475,藥品、醫療用品及化粧品零售業,10502,98.82,110年=100
營業額指數,475,藥品、醫療用品及化粧品零售業,10503,92.87,110年=100
營業額指數,475,藥品、醫療用品及化粧品零售業,10504,92.30,110年=100
營業額指數,475,藥品、醫療用品及化粧品零售業,10505,94.58,110年=100
營業額指數,475,藥品、醫療用品及化粧品零售業,10506,97.59,110年=100
營業額指數,475,藥品、醫療用品及化粧品零售業,10507,94.58,110年=100
營業額指數,475,藥品、醫療用品及化粧品零售業,10508,99.71,110年=100
營業額指數,475,藥品、醫療用品及化粧品零售業,10509,103.60,110年=100
營業額指數,475,藥品、醫療用品及化粧品零售業,10510,98.61,110年=100
營業額指數,475,藥品、醫療用品及化粧品零售業,10511,96.10,110年=100
營業額指數,475,藥品、醫療用品及化粧品零售業,10512,105.31,110年=100
營業額指數,475,藥品、醫療用品及化粧品零售業,10601,97.01,110年=100
營業額指數,475,藥品、醫療用品及化粧品零售業,10602,88.68,110年=100
營業額指數,475,藥品、醫療用品及化粧品零售業,10603,104.20,110年=100
營業額指數,475,藥品、醫療用品及化粧品零售業,10604,97.23,110年=100
營業額指數,475,藥品、醫療用品及化粧品零售業,10605,94.52,110年=100
營業額指數,475,藥品、醫療用品及化粧品零售業,10606,94.05,110年=100
營業額指數,475,藥品、醫療用品及化粧品零售業,10607,92.24,110年=100
營業額指數,475,藥品、醫療用品及化粧品零售業,10608,95.07,110年=100
營業額指數,475,藥品、醫療用品及化粧品零售業,10609,112.16,110年=100
營業額指數,475,藥品、醫療用品及化粧品零售業,10610,115.70,110年=100
營業額指數,475,藥品、醫療用品及化粧品零售業,10611,99.00,110年=100
營業額指數,475,藥品、醫療用品及化粧品零售業,10612,106.38,110年=100
營業額指數,475,藥品、醫療用品及化粧品零售業,10701,91.82,110年=100
營業額指數,475,藥品、醫療用品及化粧品零售業,10702,93.89,110年=100
營業額指數,475,藥品、醫療用品及化粧品零售業,10703,107.93,110年=100
營業額指數,475,藥品、醫療用品及化粧品零售業,10704,98.04,110年=100
營業額指數,475,藥品、醫療用品及化粧品零售業,10705,95.74,110年=100
營業額指數,475,藥品、醫療用品及化粧品零售業,10706,96.61,110年=100
營業額指數,475,藥品、醫療用品及化粧品零售業,10707,95.13,110年=100
營業額指數,475,藥品、醫療用品及化粧品零售業,10708,95.89,110年=100
營業額指數,475,藥品、醫療用品及化粧品零售業,10709,114.59,110年=100
營業額指數,475,藥品、醫療用品及化粧品零售業,10710,114.52,110年=100
營業額指數,475,藥品、醫療用品及化粧品零售業,10711,102.35,110年=100
營業額指數,475,藥品、醫療用品及化粧品零售業,10712,108.13,110年=100
營業額指數,475,藥品、醫療用品及化粧品零售業,10801,102.07,110年=100
營業額指數,475,藥品、醫療用品及化粧品零售業,10802,94.17,110年=100
營業額指數,475,藥品、醫療用品及化粧品零售業,10803,109.44,110年=100
營業額指數,475,藥品、醫療用品及化粧品零售業,10804,100.47,110年=100
營業額指數,475,藥品、醫療用品及化粧品零售業,10805,96.21,110年=100
營業額指數,475,藥品、醫療用品及化粧品零售業,10806,98.70,110年=100
營業額指數,475,藥品、醫療用品及化粧品零售業,10807,99.23,110年=100
營業額指數,475,藥品、醫療用品及化粧品零售業,10808,100.22,110年=100
營業額指數,475,藥品、醫療用品及化粧品零售業,10809,114.10,110年=100
營業額指數,475,藥品、醫療用品及化粧品零售業,10810,115.35,110年=100
營業額指數,475,藥品、醫療用品及化粧品零售業,10811,103.38,110年=100
營業額指數,475,藥品、醫療用品及化粧品零售業,10812,106.86,110年=100
營業額指數,475,藥品、醫療用品及化粧品零售業,10901,105.21,110年=100
營業額指數,475,藥品、醫療用品及化粧品零售業,10902,98.67,110年=100
營業額指數,475,藥品、醫療用品及化粧品零售業,10903,105.13,110年=100
營業額指數,475,藥品、醫療用品及化粧品零售業,10904,93.37,110年=100
營業額指數,475,藥品、醫療用品及化粧品零售業,10905,89.34,110年=100
營業額指數,475,藥品、醫療用品及化粧品零售業,10906,95.94,110年=100
營業額指數,475,藥品、醫療用品及化粧品零售業,10907,101.89,110年=100
營業額指數,475,藥品、醫療用品及化粧品零售業,10908,104.72,110年=100
營業額指數,475,藥品、醫療用品及化粧品零售業,10909,118.53,110年=100
營業額指數,475,藥品、醫療用品及化粧品零售業,10910,120.08,110年=100
營業額指數,475,藥品、醫療用品及化粧品零售業,10911,109.32,110年=100
營業額指數,475,藥品、醫療用品及化粧品零售業,10912,108.57,110年=100
營業額指數,475,藥品、醫療用品及化粧品零售業,11001,101.24,110年=100
營業額指數,475,藥品、醫療用品及化粧品零售業,11002,98.79,110年=100
營業額指數,475,藥品、醫療用品及化粧品零售業,11003,109.06,110年=100
營業額指數,475,藥品、醫療用品及化粧品零售業,11004,101.29,110年=100
營業額指數,475,藥品、醫療用品及化粧品零售業,11005,94.28,110年=100
營業額指數,475,藥品、醫療用品及化粧品零售業,11006,80.63,110年=100
營業額指數,475,藥品、醫療用品及化粧品零售業,11007,84.29,110年=100
營業額指數,475,藥品、醫療用品及化粧品零售業,11008,89.81,110年=100
營業額指數,475,藥品、醫療用品及化粧品零售業,11009,110.40,110年=100
營業額指數,475,藥品、醫療用品及化粧品零售業,11010,115.60,110年=100
營業額指數,475,藥品、醫療用品及化粧品零售業,11011,105.22,110年=100
營業額指數,475,藥品、醫療用品及化粧品零售業,11012,109.39,110年=100
營業額指數,475,藥品、醫療用品及化粧品零售業,11101,97.33,110年=100
營業額指數,475,藥品、醫療用品及化粧品零售業,11102,89.35,110年=100
營業額指數,475,藥品、醫療用品及化粧品零售業,11103,100.50,110年=100
營業額指數,475,藥品、醫療用品及化粧品零售業,11104,105.44,110年=100
營業額指數,475,藥品、醫療用品及化粧品零售業,11105,98.06,110年=100
營業額指數,475,藥品、醫療用品及化粧品零售業,11106,95.06,110年=100
營業額指數,475,藥品、醫療用品及化粧品零售業,11107,94.10,110年=100
營業額指數,475,藥品、醫療用品及化粧品零售業,11108,96.68,110年=100
營業額指數,475,藥品、醫療用品及化粧品零售業,11109,117.70,110年=100
營業額指數,475,藥品、醫療用品及化粧品零售業,11110,111.71,110年=100
營業額指數,475,藥品、醫療用品及化粧品零售業,11111,106.09,110年=100
營業額指數,475,藥品、醫療用品及化粧品零售業,11112,113.68,110年=100
營業額指數,475,藥品、醫療用品及化粧品零售業,11201,99.82,110年=100
營業額指數,475,藥品、醫療用品及化粧品零售業,11202,88.85,110年=100
營業額指數,475,藥品、醫療用品及化粧品零售業,11203,101.86,110年=100
營業額指數,475,藥品、醫療用品及化粧品零售業,11204,100.08,110年=100
營業額指數,475,藥品、醫療用品及化粧品零售業,11205,98.65,110年=100
營業額指數,475,藥品、醫療用品及化粧品零售業,11206,101.23,110年=100
營業額指數,475,藥品、醫療用品及化粧品零售業,11207,97.32,110年=100
營業額指數,475,藥品、醫療用品及化粧品零售業,11208,97.92,110年=100
營業額指數,475,藥品、醫療用品及化粧品零售業,11209,115.96,110年=100
營業額指數,475,藥品、醫療用品及化粧品零售業,11210,112.58,110年=100
營業額指數,475,藥品、醫療用品及化粧品零售業,11211,106.92,110年=100
營業額指數,475,藥品、醫療用品及化粧品零售業,11212,108.28,110年=100
營業額指數,475,藥品、醫療用品及化粧品零售業,11301,93.74,110年=100
營業額指數,475,藥品、醫療用品及化粧品零售業,11302,93.53,110年=100
營業額指數,475,藥品、醫療用品及化粧品零售業,11303,106.73,110年=100
營業額指數,475,藥品、醫療用品及化粧品零售業,11304,100.45,110年=100
營業額指數,475,藥品、醫療用品及化粧品零售業,11305,98.30,110年=100
營業額指數,475,藥品、醫療用品及化粧品零售業,11306,104.87,110年=100
營業額指數,475,藥品、醫療用品及化粧品零售業,11307,93.47,110年=100
營業額指數,475,藥品、醫療用品及化粧品零售業,11308,98.64,110年=100
營業額指數,475,藥品、醫療用品及化粧品零售業,11309,117.25,110年=100
營業額指數,475,藥品、醫療用品及化粧品零售業,11310,111.12,110年=100
營業額指數,475,藥品、醫療用品及化粧品零售業,11311,110.74,110年=100
營業額指數,475,藥品、醫療用品及化粧品零售業,11312,115.21,110年=100
營業額指數,475,藥品、醫療用品及化粧品零售業,11401,103.28,110年=100
營業額指數,475,藥品、醫療用品及化粧品零售業,11402,91.40,110年=100
營業額指數,475,藥品、醫療用品及化粧品零售業,11403,105.06,110年=100
營業額指數,475,藥品、醫療用品及化粧品零售業,11404,99.54,110年=100
營業額指數,475,藥品、醫療用品及化粧品零售業,11405,101.47,110年=100
營業額指數,475,藥品、醫療用品及化粧品零售業,11406,103.15,110年=100
營業額指數,475,藥品、醫療用品及化粧品零售業,11407,95.14,110年=100
營業額指數,475,藥品、醫療用品及化粧品零售業,11408,99.62,110年=100
營業額指數,475,藥品、醫療用品及化粧品零售業,11409,112.43,110年=100
營業額指數,475,藥品、醫療用品及化粧品零售業,11410,112.83,110年=100
營業額指數,475,藥品、醫療用品及化粧品零售業,11411,111.26,110年=100
營業額指數,475,藥品、醫療用品及化粧品零售業,11412,111.83,110年=100
營業額指數,475,藥品、醫療用品及化粧品零售業,11501,103.60,110年=100
營業額指數,475,藥品、醫療用品及化粧品零售業,11502,100.16,110年=100
營業額指數,476,文教育樂用品零售業,08801,140.60,110年=100
營業額指數,476,文教育樂用品零售業,08802,143.81,110年=100
營業額指數,476,文教育樂用品零售業,08803,146.74,110年=100
營業額指數,476,文教育樂用品零售業,08804,144.27,110年=100
營業額指數,476,文教育樂用品零售業,08805,145.41,110年=100
營業額指數,476,文教育樂用品零售業,08806,148.53,110年=100
營業額指數,476,文教育樂用品零售業,08807,150.12,110年=100
營業額指數,476,文教育樂用品零售業,08808,148.16,110年=100
營業額指數,476,文教育樂用品零售業,08809,148.01,110年=100
營業額指數,476,文教育樂用品零售業,08810,145.12,110年=100
營業額指數,476,文教育樂用品零售業,08811,142.43,110年=100
營業額指數,476,文教育樂用品零售業,08812,149.09,110年=100
營業額指數,476,文教育樂用品零售業,08901,147.90,110年=100
營業額指數,476,文教育樂用品零售業,08902,149.05,110年=100
營業額指數,476,文教育樂用品零售業,08903,154.55,110年=100
營業額指數,476,文教育樂用品零售業,08904,149.65,110年=100
營業額指數,476,文教育樂用品零售業,08905,150.93,110年=100
營業額指數,476,文教育樂用品零售業,08906,149.66,110年=100
營業額指數,476,文教育樂用品零售業,08907,152.70,110年=100
營業額指數,476,文教育樂用品零售業,08908,156.35,110年=100
營業額指數,476,文教育樂用品零售業,08909,159.80,110年=100
營業額指數,476,文教育樂用品零售業,08910,153.52,110年=100
營業額指數,476,文教育樂用品零售業,08911,148.33,110年=100
營業額指數,476,文教育樂用品零售業,08912,158.09,110年=100
營業額指數,476,文教育樂用品零售業,09001,156.00,110年=100
營業額指數,476,文教育樂用品零售業,09002,156.24,110年=100
營業額指數,476,文教育樂用品零售業,09003,165.39,110年=100
營業額指數,476,文教育樂用品零售業,09004,153.29,110年=100
營業額指數,476,文教育樂用品零售業,09005,155.47,110年=100
營業額指數,476,文教育樂用品零售業,09006,160.90,110年=100
營業額指數,476,文教育樂用品零售業,09007,157.75,110年=100
營業額指數,476,文教育樂用品零售業,09008,159.99,110年=100
營業額指數,476,文教育樂用品零售業,09009,145.57,110年=100
營業額指數,476,文教育樂用品零售業,09010,153.14,110年=100
營業額指數,476,文教育樂用品零售業,09011,159.84,110年=100
營業額指數,476,文教育樂用品零售業,09012,174.60,110年=100
營業額指數,476,文教育樂用品零售業,09101,163.76,110年=100
營業額指數,476,文教育樂用品零售業,09102,159.77,110年=100
營業額指數,476,文教育樂用品零售業,09103,168.37,110年=100
營業額指數,476,文教育樂用品零售業,09104,159.93,110年=100
營業額指數,476,文教育樂用品零售業,09105,161.41,110年=100
營業額指數,476,文教育樂用品零售業,09106,159.44,110年=100
營業額指數,476,文教育樂用品零售業,09107,163.90,110年=100
營業額指數,476,文教育樂用品零售業,09108,161.91,110年=100
營業額指數,476,文教育樂用品零售業,09109,170.09,110年=100
營業額指數,476,文教育樂用品零售業,09110,160.27,110年=100
營業額指數,476,文教育樂用品零售業,09111,163.65,110年=100
營業額指數,476,文教育樂用品零售業,09112,172.48,110年=100
營業額指數,476,文教育樂用品零售業,09201,161.33,110年=100
營業額指數,476,文教育樂用品零售業,09202,152.00,110年=100
營業額指數,476,文教育樂用品零售業,09203,158.73,110年=100
營業額指數,476,文教育樂用品零售業,09204,153.71,110年=100
營業額指數,476,文教育樂用品零售業,09205,138.52,110年=100
營業額指數,476,文教育樂用品零售業,09206,150.54,110年=100
營業額指數,476,文教育樂用品零售業,09207,169.15,110年=100
營業額指數,476,文教育樂用品零售業,09208,175.93,110年=100
營業額指數,476,文教育樂用品零售業,09209,177.89,110年=100
營業額指數,476,文教育樂用品零售業,09210,178.19,110年=100
營業額指數,476,文教育樂用品零售業,09211,168.88,110年=100
營業額指數,476,文教育樂用品零售業,09212,182.05,110年=100
營業額指數,476,文教育樂用品零售業,09301,179.65,110年=100
營業額指數,476,文教育樂用品零售業,09302,163.53,110年=100
營業額指數,476,文教育樂用品零售業,09303,167.80,110年=100
營業額指數,476,文教育樂用品零售業,09304,160.86,110年=100
營業額指數,476,文教育樂用品零售業,09305,154.80,110年=100
營業額指數,476,文教育樂用品零售業,09306,150.88,110年=100
營業額指數,476,文教育樂用品零售業,09307,158.42,110年=100
營業額指數,476,文教育樂用品零售業,09308,154.85,110年=100
營業額指數,476,文教育樂用品零售業,09309,174.77,110年=100
營業額指數,476,文教育樂用品零售業,09310,181.32,110年=100
營業額指數,476,文教育樂用品零售業,09311,180.87,110年=100
營業額指數,476,文教育樂用品零售業,09312,190.56,110年=100
營業額指數,476,文教育樂用品零售業,09401,182.26,110年=100
營業額指數,476,文教育樂用品零售業,09402,164.58,110年=100
營業額指數,476,文教育樂用品零售業,09403,160.79,110年=100
營業額指數,476,文教育樂用品零售業,09404,161.40,110年=100
營業額指數,476,文教育樂用品零售業,09405,148.96,110年=100
營業額指數,476,文教育樂用品零售業,09406,145.19,110年=100
營業額指數,476,文教育樂用品零售業,09407,152.89,110年=100
營業額指數,476,文教育樂用品零售業,09408,150.52,110年=100
營業額指數,476,文教育樂用品零售業,09409,149.34,110年=100
營業額指數,476,文教育樂用品零售業,09410,151.46,110年=100
營業額指數,476,文教育樂用品零售業,09411,168.77,110年=100
營業額指數,476,文教育樂用品零售業,09412,182.54,110年=100
營業額指數,476,文教育樂用品零售業,09501,186.30,110年=100
營業額指數,476,文教育樂用品零售業,09502,174.19,110年=100
營業額指數,476,文教育樂用品零售業,09503,170.53,110年=100
營業額指數,476,文教育樂用品零售業,09504,171.47,110年=100
營業額指數,476,文教育樂用品零售業,09505,163.06,110年=100
營業額指數,476,文教育樂用品零售業,09506,155.90,110年=100
營業額指數,476,文教育樂用品零售業,09507,165.50,110年=100
營業額指數,476,文教育樂用品零售業,09508,168.68,110年=100
營業額指數,476,文教育樂用品零售業,09509,171.90,110年=100
營業額指數,476,文教育樂用品零售業,09510,174.27,110年=100
營業額指數,476,文教育樂用品零售業,09511,174.18,110年=100
營業額指數,476,文教育樂用品零售業,09512,184.63,110年=100
營業額指數,476,文教育樂用品零售業,09601,173.82,110年=100
營業額指數,476,文教育樂用品零售業,09602,178.16,110年=100
營業額指數,476,文教育樂用品零售業,09603,157.30,110年=100
營業額指數,476,文教育樂用品零售業,09604,158.73,110年=100
營業額指數,476,文教育樂用品零售業,09605,153.30,110年=100
營業額指數,476,文教育樂用品零售業,09606,152.34,110年=100
營業額指數,476,文教育樂用品零售業,09607,161.81,110年=100
營業額指數,476,文教育樂用品零售業,09608,162.96,110年=100
營業額指數,476,文教育樂用品零售業,09609,163.64,110年=100
營業額指數,476,文教育樂用品零售業,09610,163.78,110年=100
營業額指數,476,文教育樂用品零售業,09611,158.72,110年=100
營業額指數,476,文教育樂用品零售業,09612,182.58,110年=100
營業額指數,476,文教育樂用品零售業,09701,167.48,110年=100
營業額指數,476,文教育樂用品零售業,09702,164.64,110年=100
營業額指數,476,文教育樂用品零售業,09703,149.15,110年=100
營業額指數,476,文教育樂用品零售業,09704,146.97,110年=100
營業額指數,476,文教育樂用品零售業,09705,141.70,110年=100
營業額指數,476,文教育樂用品零售業,09706,138.24,110年=100
營業額指數,476,文教育樂用品零售業,09707,142.28,110年=100
營業額指數,476,文教育樂用品零售業,09708,145.10,110年=100
營業額指數,476,文教育樂用品零售業,09709,140.26,110年=100
營業額指數,476,文教育樂用品零售業,09710,145.23,110年=100
營業額指數,476,文教育樂用品零售業,09711,140.11,110年=100
營業額指數,476,文教育樂用品零售業,09712,170.97,110年=100
營業額指數,476,文教育樂用品零售業,09801,164.39,110年=100
營業額指數,476,文教育樂用品零售業,09802,150.90,110年=100
營業額指數,476,文教育樂用品零售業,09803,147.10,110年=100
營業額指數,476,文教育樂用品零售業,09804,142.55,110年=100
營業額指數,476,文教育樂用品零售業,09805,133.25,110年=100
營業額指數,476,文教育樂用品零售業,09806,136.94,110年=100
營業額指數,476,文教育樂用品零售業,09807,142.94,110年=100
營業額指數,476,文教育樂用品零售業,09808,136.03,110年=100
營業額指數,476,文教育樂用品零售業,09809,136.47,110年=100
營業額指數,476,文教育樂用品零售業,09810,144.78,110年=100
營業額指數,476,文教育樂用品零售業,09811,138.24,110年=100
營業額指數,476,文教育樂用品零售業,09812,155.90,110年=100
營業額指數,476,文教育樂用品零售業,09901,137.92,110年=100
營業額指數,476,文教育樂用品零售業,09902,154.43,110年=100
營業額指數,476,文教育樂用品零售業,09903,141.21,110年=100
營業額指數,476,文教育樂用品零售業,09904,141.67,110年=100
營業額指數,476,文教育樂用品零售業,09905,134.19,110年=100
營業額指數,476,文教育樂用品零售業,09906,132.63,110年=100
營業額指數,476,文教育樂用品零售業,09907,139.59,110年=100
營業額指數,476,文教育樂用品零售業,09908,145.18,110年=100
營業額指數,476,文教育樂用品零售業,09909,143.16,110年=100
營業額指數,476,文教育樂用品零售業,09910,142.21,110年=100
營業額指數,476,文教育樂用品零售業,09911,136.46,110年=100
營業額指數,476,文教育樂用品零售業,09912,148.97,110年=100
營業額指數,476,文教育樂用品零售業,10001,145.49,110年=100
營業額指數,476,文教育樂用品零售業,10002,140.51,110年=100
營業額指數,476,文教育樂用品零售業,10003,136.69,110年=100
營業額指數,476,文教育樂用品零售業,10004,135.57,110年=100
營業額指數,476,文教育樂用品零售業,10005,131.70,110年=100
營業額指數,476,文教育樂用品零售業,10006,128.15,110年=100
營業額指數,476,文教育樂用品零售業,10007,134.89,110年=100
營業額指數,476,文教育樂用品零售業,10008,137.65,110年=100
營業額指數,476,文教育樂用品零售業,10009,135.44,110年=100
營業額指數,476,文教育樂用品零售業,10010,134.44,110年=100
營業額指數,476,文教育樂用品零售業,10011,126.56,110年=100
營業額指數,476,文教育樂用品零售業,10012,144.41,110年=100
營業額指數,476,文教育樂用品零售業,10101,136.91,110年=100
營業額指數,476,文教育樂用品零售業,10102,128.98,110年=100
營業額指數,476,文教育樂用品零售業,10103,123.77,110年=100
營業額指數,476,文教育樂用品零售業,10104,123.41,110年=100
營業額指數,476,文教育樂用品零售業,10105,123.54,110年=100
營業額指數,476,文教育樂用品零售業,10106,118.85,110年=100
營業額指數,476,文教育樂用品零售業,10107,122.72,110年=100
營業額指數,476,文教育樂用品零售業,10108,119.32,110年=100
營業額指數,476,文教育樂用品零售業,10109,116.38,110年=100
營業額指數,476,文教育樂用品零售業,10110,121.48,110年=100
營業額指數,476,文教育樂用品零售業,10111,118.01,110年=100
營業額指數,476,文教育樂用品零售業,10112,130.65,110年=100
營業額指數,476,文教育樂用品零售業,10201,111.36,110年=100
營業額指數,476,文教育樂用品零售業,10202,118.48,110年=100
營業額指數,476,文教育樂用品零售業,10203,111.30,110年=100
營業額指數,476,文教育樂用品零售業,10204,112.19,110年=100
營業額指數,476,文教育樂用品零售業,10205,113.71,110年=100
營業額指數,476,文教育樂用品零售業,10206,110.99,110年=100
營業額指數,476,文教育樂用品零售業,10207,113.81,110年=100
營業額指數,476,文教育樂用品零售業,10208,115.75,110年=100
營業額指數,476,文教育樂用品零售業,10209,105.27,110年=100
營業額指數,476,文教育樂用品零售業,10210,114.65,110年=100
營業額指數,476,文教育樂用品零售業,10211,119.99,110年=100
營業額指數,476,文教育樂用品零售業,10212,124.88,110年=100
營業額指數,476,文教育樂用品零售業,10301,121.28,110年=100
營業額指數,476,文教育樂用品零售業,10302,116.16,110年=100
營業額指數,476,文教育樂用品零售業,10303,109.71,110年=100
營業額指數,476,文教育樂用品零售業,10304,111.16,110年=100
營業額指數,476,文教育樂用品零售業,10305,112.12,110年=100
營業額指數,476,文教育樂用品零售業,10306,107.62,110年=100
營業額指數,476,文教育樂用品零售業,10307,110.69,110年=100
營業額指數,476,文教育樂用品零售業,10308,116.02,110年=100
營業額指數,476,文教育樂用品零售業,10309,105.71,110年=100
營業額指數,476,文教育樂用品零售業,10310,116.25,110年=100
營業額指數,476,文教育樂用品零售業,10311,114.10,110年=100
營業額指數,476,文教育樂用品零售業,10312,123.84,110年=100
營業額指數,476,文教育樂用品零售業,10401,116.62,110年=100
營業額指數,476,文教育樂用品零售業,10402,128.04,110年=100
營業額指數,476,文教育樂用品零售業,10403,112.77,110年=100
營業額指數,476,文教育樂用品零售業,10404,109.89,110年=100
營業額指數,476,文教育樂用品零售業,10405,114.15,110年=100
營業額指數,476,文教育樂用品零售業,10406,104.75,110年=100
營業額指數,476,文教育樂用品零售業,10407,110.64,110年=100
營業額指數,476,文教育樂用品零售業,10408,114.95,110年=100
營業額指數,476,文教育樂用品零售業,10409,104.44,110年=100
營業額指數,476,文教育樂用品零售業,10410,114.06,110年=100
營業額指數,476,文教育樂用品零售業,10411,115.70,110年=100
營業額指數,476,文教育樂用品零售業,10412,123.43,110年=100
營業額指數,476,文教育樂用品零售業,10501,112.67,110年=100
營業額指數,476,文教育樂用品零售業,10502,114.74,110年=100
營業額指數,476,文教育樂用品零售業,10503,99.73,110年=100
營業額指數,476,文教育樂用品零售業,10504,98.77,110年=100
營業額指數,476,文教育樂用品零售業,10505,103.56,110年=100
營業額指數,476,文教育樂用品零售業,10506,101.72,110年=100
營業額指數,476,文教育樂用品零售業,10507,103.43,110年=100
營業額指數,476,文教育樂用品零售業,10508,107.91,110年=100
營業額指數,476,文教育樂用品零售業,10509,93.22,110年=100
營業額指數,476,文教育樂用品零售業,10510,104.69,110年=100
營業額指數,476,文教育樂用品零售業,10511,105.20,110年=100
營業額指數,476,文教育樂用品零售業,10512,111.71,110年=100
營業額指數,476,文教育樂用品零售業,10601,116.22,110年=100
營業額指數,476,文教育樂用品零售業,10602,97.32,110年=100
營業額指數,476,文教育樂用品零售業,10603,96.71,110年=100
營業額指數,476,文教育樂用品零售業,10604,104.21,110年=100
營業額指數,476,文教育樂用品零售業,10605,101.56,110年=100
營業額指數,476,文教育樂用品零售業,10606,86.21,110年=100
營業額指數,476,文教育樂用品零售業,10607,98.98,110年=100
營業額指數,476,文教育樂用品零售業,10608,104.23,110年=100
營業額指數,476,文教育樂用品零售業,10609,91.42,110年=100
營業額指數,476,文教育樂用品零售業,10610,105.99,110年=100
營業額指數,476,文教育樂用品零售業,10611,97.76,110年=100
營業額指數,476,文教育樂用品零售業,10612,113.21,110年=100
營業額指數,476,文教育樂用品零售業,10701,94.35,110年=100
營業額指數,476,文教育樂用品零售業,10702,105.31,110年=100
營業額指數,476,文教育樂用品零售業,10703,95.44,110年=100
營業額指數,476,文教育樂用品零售業,10704,95.90,110年=100
營業額指數,476,文教育樂用品零售業,10705,93.63,110年=100
營業額指數,476,文教育樂用品零售業,10706,91.75,110年=100
營業額指數,476,文教育樂用品零售業,10707,96.21,110年=100
營業額指數,476,文教育樂用品零售業,10708,100.21,110年=100
營業額指數,476,文教育樂用品零售業,10709,90.69,110年=100
營業額指數,476,文教育樂用品零售業,10710,96.71,110年=100
營業額指數,476,文教育樂用品零售業,10711,103.28,110年=100
營業額指數,476,文教育樂用品零售業,10712,120.66,110年=100
營業額指數,476,文教育樂用品零售業,10801,117.46,110年=100
營業額指數,476,文教育樂用品零售業,10802,103.26,110年=100
營業額指數,476,文教育樂用品零售業,10803,100.49,110年=100
營業額指數,476,文教育樂用品零售業,10804,97.81,110年=100
營業額指數,476,文教育樂用品零售業,10805,99.30,110年=100
營業額指數,476,文教育樂用品零售業,10806,95.74,110年=100
營業額指數,476,文教育樂用品零售業,10807,103.77,110年=100
營業額指數,476,文教育樂用品零售業,10808,103.79,110年=100
營業額指數,476,文教育樂用品零售業,10809,93.90,110年=100
營業額指數,476,文教育樂用品零售業,10810,102.11,110年=100
營業額指數,476,文教育樂用品零售業,10811,103.65,110年=100
營業額指數,476,文教育樂用品零售業,10812,119.86,110年=100
營業額指數,476,文教育樂用品零售業,10901,118.54,110年=100
營業額指數,476,文教育樂用品零售業,10902,95.16,110年=100
營業額指數,476,文教育樂用品零售業,10903,91.29,110年=100
營業額指數,476,文教育樂用品零售業,10904,101.35,110年=100
營業額指數,476,文教育樂用品零售業,10905,111.69,110年=100
營業額指數,476,文教育樂用品零售業,10906,108.28,110年=100
營業額指數,476,文教育樂用品零售業,10907,126.60,110年=100
營業額指數,476,文教育樂用品零售業,10908,132.22,110年=100
營業額指數,476,文教育樂用品零售業,10909,108.15,110年=100
營業額指數,476,文教育樂用品零售業,10910,110.56,110年=100
營業額指數,476,文教育樂用品零售業,10911,118.74,110年=100
營業額指數,476,文教育樂用品零售業,10912,125.16,110年=100
營業額指數,476,文教育樂用品零售業,11001,118.41,110年=100
營業額指數,476,文教育樂用品零售業,11002,122.04,110年=100
營業額指數,476,文教育樂用品零售業,11003,113.84,110年=100
營業額指數,476,文教育樂用品零售業,11004,115.48,110年=100
營業額指數,476,文教育樂用品零售業,11005,86.32,110年=100
營業額指數,476,文教育樂用品零售業,11006,65.12,110年=100
營業額指數,476,文教育樂用品零售業,11007,76.53,110年=100
營業額指數,476,文教育樂用品零售業,11008,89.96,110年=100
營業額指數,476,文教育樂用品零售業,11009,89.00,110年=100
營業額指數,476,文教育樂用品零售業,11010,110.66,110年=100
營業額指數,476,文教育樂用品零售業,11011,104.54,110年=100
營業額指數,476,文教育樂用品零售業,11012,108.09,110年=100
營業額指數,476,文教育樂用品零售業,11101,111.84,110年=100
營業額指數,476,文教育樂用品零售業,11102,108.39,110年=100
營業額指數,476,文教育樂用品零售業,11103,103.94,110年=100
營業額指數,476,文教育樂用品零售業,11104,100.72,110年=100
營業額指數,476,文教育樂用品零售業,11105,86.64,110年=100
營業額指數,476,文教育樂用品零售業,11106,96.19,110年=100
營業額指數,476,文教育樂用品零售業,11107,111.38,110年=100
營業額指數,476,文教育樂用品零售業,11108,108.84,110年=100
營業額指數,476,文教育樂用品零售業,11109,98.55,110年=100
營業額指數,476,文教育樂用品零售業,11110,100.78,110年=100
營業額指數,476,文教育樂用品零售業,11111,105.09,110年=100
營業額指數,476,文教育樂用品零售業,11112,114.92,110年=100
營業額指數,476,文教育樂用品零售業,11201,118.55,110年=100
營業額指數,476,文教育樂用品零售業,11202,100.01,110年=100
營業額指數,476,文教育樂用品零售業,11203,96.99,110年=100
營業額指數,476,文教育樂用品零售業,11204,104.52,110年=100
營業額指數,476,文教育樂用品零售業,11205,100.66,110年=100
營業額指數,476,文教育樂用品零售業,11206,107.26,110年=100
營業額指數,476,文教育樂用品零售業,11207,117.78,110年=100
營業額指數,476,文教育樂用品零售業,11208,103.98,110年=100
營業額指數,476,文教育樂用品零售業,11209,95.65,110年=100
營業額指數,476,文教育樂用品零售業,11210,101.48,110年=100
營業額指數,476,文教育樂用品零售業,11211,106.40,110年=100
營業額指數,476,文教育樂用品零售業,11212,120.72,110年=100
營業額指數,476,文教育樂用品零售業,11301,104.74,110年=100
營業額指數,476,文教育樂用品零售業,11302,111.23,110年=100
營業額指數,476,文教育樂用品零售業,11303,104.05,110年=100
營業額指數,476,文教育樂用品零售業,11304,100.15,110年=100
營業額指數,476,文教育樂用品零售業,11305,99.37,110年=100
營業額指數,476,文教育樂用品零售業,11306,105.45,110年=100
營業額指數,476,文教育樂用品零售業,11307,102.46,110年=100
營業額指數,476,文教育樂用品零售業,11308,100.78,110年=100
營業額指數,476,文教育樂用品零售業,11309,93.37,110年=100
營業額指數,476,文教育樂用品零售業,11310,93.65,110年=100
營業額指數,476,文教育樂用品零售業,11311,109.64,110年=100
營業額指數,476,文教育樂用品零售業,11312,125.15,110年=100
營業額指數,476,文教育樂用品零售業,11401,124.16,110年=100
營業額指數,476,文教育樂用品零售業,11402,100.79,110年=100
營業額指數,476,文教育樂用品零售業,11403,99.04,110年=100
營業額指數,476,文教育樂用品零售業,11404,98.20,110年=100
營業額指數,476,文教育樂用品零售業,11405,97.10,110年=100
營業額指數,476,文教育樂用品零售業,11406,103.79,110年=100
營業額指數,476,文教育樂用品零售業,11407,109.37,110年=100
營業額指數,476,文教育樂用品零售業,11408,108.97,110年=100
營業額指數,476,文教育樂用品零售業,11409,100.19,110年=100
營業額指數,476,文教育樂用品零售業,11410,109.61,110年=100
營業額指數,476,文教育樂用品零售業,11411,116.05,110年=100
營業額指數,476,文教育樂用品零售業,11412,123.06,110年=100
營業額指數,476,文教育樂用品零售業,11501,120.60,110年=100
營業額指數,476,文教育樂用品零售業,11502,114.72,110年=100
營業額指數,481,建材零售業,08801,185.60,110年=100
營業額指數,481,建材零售業,08802,188.06,110年=100
營業額指數,481,建材零售業,08803,195.89,110年=100
營業額指數,481,建材零售業,08804,190.36,110年=100
營業額指數,481,建材零售業,08805,183.07,110年=100
營業額指數,481,建材零售業,08806,188.51,110年=100
營業額指數,481,建材零售業,08807,189.25,110年=100
營業額指數,481,建材零售業,08808,180.16,110年=100
營業額指數,481,建材零售業,08809,175.99,110年=100
營業額指數,481,建材零售業,08810,187.28,110年=100
營業額指數,481,建材零售業,08811,191.09,110年=100
營業額指數,481,建材零售業,08812,197.57,110年=100
營業額指數,481,建材零售業,08901,203.72,110年=100
營業額指數,481,建材零售業,08902,197.30,110年=100
營業額指數,481,建材零售業,08903,197.82,110年=100
營業額指數,481,建材零售業,08904,188.40,110年=100
營業額指數,481,建材零售業,08905,183.95,110年=100
營業額指數,481,建材零售業,08906,186.36,110年=100
營業額指數,481,建材零售業,08907,187.23,110年=100
營業額指數,481,建材零售業,08908,179.76,110年=100
營業額指數,481,建材零售業,08909,180.78,110年=100
營業額指數,481,建材零售業,08910,181.58,110年=100
營業額指數,481,建材零售業,08911,175.05,110年=100
營業額指數,481,建材零售業,08912,185.86,110年=100
營業額指數,481,建材零售業,09001,179.10,110年=100
營業額指數,481,建材零售業,09002,185.75,110年=100
營業額指數,481,建材零售業,09003,179.48,110年=100
營業額指數,481,建材零售業,09004,167.78,110年=100
營業額指數,481,建材零售業,09005,161.20,110年=100
營業額指數,481,建材零售業,09006,164.52,110年=100
營業額指數,481,建材零售業,09007,166.85,110年=100
營業額指數,481,建材零售業,09008,172.65,110年=100
營業額指數,481,建材零售業,09009,161.22,110年=100
營業額指數,481,建材零售業,09010,173.20,110年=100
營業額指數,481,建材零售業,09011,180.71,110年=100
營業額指數,481,建材零售業,09012,197.40,110年=100
營業額指數,481,建材零售業,09101,186.93,110年=100
營業額指數,481,建材零售業,09102,172.70,110年=100
營業額指數,481,建材零售業,09103,193.27,110年=100
營業額指數,481,建材零售業,09104,182.92,110年=100
營業額指數,481,建材零售業,09105,185.37,110年=100
營業額指數,481,建材零售業,09106,187.07,110年=100
營業額指數,481,建材零售業,09107,192.99,110年=100
營業額指數,481,建材零售業,09108,194.55,110年=100
營業額指數,481,建材零售業,09109,201.66,110年=100
營業額指數,481,建材零售業,09110,197.03,110年=100
營業額指數,481,建材零售業,09111,198.11,110年=100
營業額指數,481,建材零售業,09112,207.48,110年=100
營業額指數,481,建材零售業,09201,201.86,110年=100
營業額指數,481,建材零售業,09202,182.23,110年=100
營業額指數,481,建材零售業,09203,202.48,110年=100
營業額指數,481,建材零售業,09204,187.44,110年=100
營業額指數,481,建材零售業,09205,187.58,110年=100
營業額指數,481,建材零售業,09206,189.94,110年=100
營業額指數,481,建材零售業,09207,194.79,110年=100
營業額指數,481,建材零售業,09208,200.64,110年=100
營業額指數,481,建材零售業,09209,193.57,110年=100
營業額指數,481,建材零售業,09210,201.48,110年=100
營業額指數,481,建材零售業,09211,201.87,110年=100
營業額指數,481,建材零售業,09212,230.04,110年=100
營業額指數,481,建材零售業,09301,223.32,110年=100
營業額指數,481,建材零售業,09302,201.24,110年=100
營業額指數,481,建材零售業,09303,205.00,110年=100
營業額指數,481,建材零售業,09304,201.29,110年=100
營業額指數,481,建材零售業,09305,211.25,110年=100
營業額指數,481,建材零售業,09306,200.80,110年=100
營業額指數,481,建材零售業,09307,203.80,110年=100
營業額指數,481,建材零售業,09308,185.36,110年=100
營業額指數,481,建材零售業,09309,185.12,110年=100
營業額指數,481,建材零售業,09310,198.14,110年=100
營業額指數,481,建材零售業,09311,206.06,110年=100
營業額指數,481,建材零售業,09312,204.89,110年=100
營業額指數,481,建材零售業,09401,227.05,110年=100
營業額指數,481,建材零售業,09402,170.47,110年=100
營業額指數,481,建材零售業,09403,189.98,110年=100
營業額指數,481,建材零售業,09404,199.35,110年=100
營業額指數,481,建材零售業,09405,202.37,110年=100
營業額指數,481,建材零售業,09406,201.26,110年=100
營業額指數,481,建材零售業,09407,201.05,110年=100
營業額指數,481,建材零售業,09408,188.15,110年=100
營業額指數,481,建材零售業,09409,179.35,110年=100
營業額指數,481,建材零售業,09410,194.17,110年=100
營業額指數,481,建材零售業,09411,201.59,110年=100
營業額指數,481,建材零售業,09412,228.76,110年=100
營業額指數,481,建材零售業,09501,228.09,110年=100
營業額指數,481,建材零售業,09502,188.22,110年=100
營業額指數,481,建材零售業,09503,197.73,110年=100
營業額指數,481,建材零售業,09504,209.57,110年=100
營業額指數,481,建材零售業,09505,208.36,110年=100
營業額指數,481,建材零售業,09506,211.44,110年=100
營業額指數,481,建材零售業,09507,221.67,110年=100
營業額指數,481,建材零售業,09508,213.86,110年=100
營業額指數,481,建材零售業,09509,209.74,110年=100
營業額指數,481,建材零售業,09510,231.97,110年=100
營業額指數,481,建材零售業,09511,224.44,110年=100
營業額指數,481,建材零售業,09512,245.18,110年=100
營業額指數,481,建材零售業,09601,241.98,110年=100
營業額指數,481,建材零售業,09602,215.41,110年=100
營業額指數,481,建材零售業,09603,190.92,110年=100
營業額指數,481,建材零售業,09604,191.34,110年=100
營業額指數,481,建材零售業,09605,206.72,110年=100
營業額指數,481,建材零售業,09606,197.70,110年=100
營業額指數,481,建材零售業,09607,221.88,110年=100
營業額指數,481,建材零售業,09608,203.87,110年=100
營業額指數,481,建材零售業,09609,208.96,110年=100
營業額指數,481,建材零售業,09610,204.13,110年=100
營業額指數,481,建材零售業,09611,206.22,110年=100
營業額指數,481,建材零售業,09612,234.80,110年=100
營業額指數,481,建材零售業,09701,269.10,110年=100
營業額指數,481,建材零售業,09702,224.74,110年=100
營業額指數,481,建材零售業,09703,204.09,110年=100
營業額指數,481,建材零售業,09704,200.81,110年=100
營業額指數,481,建材零售業,09705,205.37,110年=100
營業額指數,481,建材零售業,09706,194.54,110年=100
營業額指數,481,建材零售業,09707,194.86,110年=100
營業額指數,481,建材零售業,09708,185.38,110年=100
營業額指數,481,建材零售業,09709,181.66,110年=100
營業額指數,481,建材零售業,09710,186.88,110年=100
營業額指數,481,建材零售業,09711,179.73,110年=100
營業額指數,481,建材零售業,09712,196.70,110年=100
營業額指數,481,建材零售業,09801,220.67,110年=100
營業額指數,481,建材零售業,09802,194.48,110年=100
營業額指數,481,建材零售業,09803,194.18,110年=100
營業額指數,481,建材零售業,09804,195.98,110年=100
營業額指數,481,建材零售業,09805,186.59,110年=100
營業額指數,481,建材零售業,09806,184.27,110年=100
營業額指數,481,建材零售業,09807,182.54,110年=100
營業額指數,481,建材零售業,09808,174.57,110年=100
營業額指數,481,建材零售業,09809,162.10,110年=100
營業額指數,481,建材零售業,09810,176.33,110年=100
營業額指數,481,建材零售業,09811,175.12,110年=100
營業額指數,481,建材零售業,09812,199.05,110年=100
營業額指數,481,建材零售業,09901,216.75,110年=100
營業額指數,481,建材零售業,09902,213.10,110年=100
營業額指數,481,建材零售業,09903,197.12,110年=100
營業額指數,481,建材零售業,09904,191.72,110年=100
營業額指數,481,建材零售業,09905,189.07,110年=100
營業額指數,481,建材零售業,09906,190.14,110年=100
營業額指數,481,建材零售業,09907,186.58,110年=100
營業額指數,481,建材零售業,09908,183.60,110年=100
營業額指數,481,建材零售業,09909,162.18,110年=100
營業額指數,481,建材零售業,09910,181.31,110年=100
營業額指數,481,建材零售業,09911,178.67,110年=100
營業額指數,481,建材零售業,09912,195.16,110年=100
營業額指數,481,建材零售業,10001,237.39,110年=100
營業額指數,481,建材零售業,10002,198.36,110年=100
營業額指數,481,建材零售業,10003,193.61,110年=100
營業額指數,481,建材零售業,10004,193.03,110年=100
營業額指數,481,建材零售業,10005,193.35,110年=100
營業額指數,481,建材零售業,10006,190.82,110年=100
營業額指數,481,建材零售業,10007,189.27,110年=100
營業額指數,481,建材零售業,10008,181.81,110年=100
營業額指數,481,建材零售業,10009,164.11,110年=100
營業額指數,481,建材零售業,10010,181.82,110年=100
營業額指數,481,建材零售業,10011,173.52,110年=100
營業額指數,481,建材零售業,10012,194.15,110年=100
營業額指數,481,建材零售業,10101,208.03,110年=100
營業額指數,481,建材零售業,10102,188.81,110年=100
營業額指數,481,建材零售業,10103,189.09,110年=100
營業額指數,481,建材零售業,10104,188.17,110年=100
營業額指數,481,建材零售業,10105,182.06,110年=100
營業額指數,481,建材零售業,10106,169.61,110年=100
營業額指數,481,建材零售業,10107,171.97,110年=100
營業額指數,481,建材零售業,10108,161.24,110年=100
營業額指數,481,建材零售業,10109,143.99,110年=100
營業額指數,481,建材零售業,10110,151.97,110年=100
營業額指數,481,建材零售業,10111,153.12,110年=100
營業額指數,481,建材零售業,10112,167.84,110年=100
營業額指數,481,建材零售業,10201,181.66,110年=100
營業額指數,481,建材零售業,10202,206.79,110年=100
營業額指數,481,建材零售業,10203,171.70,110年=100
營業額指數,481,建材零售業,10204,169.68,110年=100
營業額指數,481,建材零售業,10205,171.87,110年=100
營業額指數,481,建材零售業,10206,181.45,110年=100
營業額指數,481,建材零售業,10207,163.29,110年=100
營業額指數,481,建材零售業,10208,171.29,110年=100
營業額指數,481,建材零售業,10209,162.53,110年=100
營業額指數,481,建材零售業,10210,161.73,110年=100
營業額指數,481,建材零售業,10211,156.30,110年=100
營業額指數,481,建材零售業,10212,163.55,110年=100
營業額指數,481,建材零售業,10301,179.29,110年=100
營業額指數,481,建材零售業,10302,174.79,110年=100
營業額指數,481,建材零售業,10303,175.82,110年=100
營業額指數,481,建材零售業,10304,167.03,110年=100
營業額指數,481,建材零售業,10305,175.08,110年=100
營業額指數,481,建材零售業,10306,175.31,110年=100
營業額指數,481,建材零售業,10307,173.89,110年=100
營業額指數,481,建材零售業,10308,169.28,110年=100
營業額指數,481,建材零售業,10309,156.96,110年=100
營業額指數,481,建材零售業,10310,173.18,110年=100
營業額指數,481,建材零售業,10311,157.59,110年=100
營業額指數,481,建材零售業,10312,172.26,110年=100
營業額指數,481,建材零售業,10401,169.83,110年=100
營業額指數,481,建材零售業,10402,181.22,110年=100
營業額指數,481,建材零售業,10403,170.64,110年=100
營業額指數,481,建材零售業,10404,167.36,110年=100
營業額指數,481,建材零售業,10405,168.53,110年=100
營業額指數,481,建材零售業,10406,178.67,110年=100
營業額指數,481,建材零售業,10407,146.22,110年=100
營業額指數,481,建材零售業,10408,158.63,110年=100
營業額指數,481,建材零售業,10409,146.63,110年=100
營業額指數,481,建材零售業,10410,154.01,110年=100
營業額指數,481,建材零售業,10411,142.31,110年=100
營業額指數,481,建材零售業,10412,150.35,110年=100
營業額指數,481,建材零售業,10501,157.85,110年=100
營業額指數,481,建材零售業,10502,148.14,110年=100
營業額指數,481,建材零售業,10503,139.90,110年=100
營業額指數,481,建材零售業,10504,140.83,110年=100
營業額指數,481,建材零售業,10505,154.27,110年=100
營業額指數,481,建材零售業,10506,156.15,110年=100
營業額指數,481,建材零售業,10507,140.95,110年=100
營業額指數,481,建材零售業,10508,136.18,110年=100
營業額指數,481,建材零售業,10509,131.79,110年=100
營業額指數,481,建材零售業,10510,136.29,110年=100
營業額指數,481,建材零售業,10511,127.13,110年=100
營業額指數,481,建材零售業,10512,140.81,110年=100
營業額指數,481,建材零售業,10601,165.35,110年=100
營業額指數,481,建材零售業,10602,126.40,110年=100
營業額指數,481,建材零售業,10603,117.69,110年=100
營業額指數,481,建材零售業,10604,120.63,110年=100
營業額指數,481,建材零售業,10605,130.43,110年=100
營業額指數,481,建材零售業,10606,123.59,110年=100
營業額指數,481,建材零售業,10607,127.38,110年=100
營業額指數,481,建材零售業,10608,126.72,110年=100
營業額指數,481,建材零售業,10609,114.69,110年=100
營業額指數,481,建材零售業,10610,123.51,110年=100
營業額指數,481,建材零售業,10611,118.24,110年=100
營業額指數,481,建材零售業,10612,126.57,110年=100
營業額指數,481,建材零售業,10701,131.45,110年=100
營業額指數,481,建材零售業,10702,133.38,110年=100
營業額指數,481,建材零售業,10703,112.62,110年=100
營業額指數,481,建材零售業,10704,105.50,110年=100
營業額指數,481,建材零售業,10705,117.34,110年=100
營業額指數,481,建材零售業,10706,114.81,110年=100
營業額指數,481,建材零售業,10707,109.49,110年=100
營業額指數,481,建材零售業,10708,110.55,110年=100
營業額指數,481,建材零售業,10709,113.35,110年=100
營業額指數,481,建材零售業,10710,108.75,110年=100
營業額指數,481,建材零售業,10711,110.19,110年=100
營業額指數,481,建材零售業,10712,126.71,110年=100
營業額指數,481,建材零售業,10801,140.05,110年=100
營業額指數,481,建材零售業,10802,105.23,110年=100
營業額指數,481,建材零售業,10803,106.16,110年=100
營業額指數,481,建材零售業,10804,99.25,110年=100
營業額指數,481,建材零售業,10805,102.64,110年=100
營業額指數,481,建材零售業,10806,105.27,110年=100
營業額指數,481,建材零售業,10807,104.23,110年=100
營業額指數,481,建材零售業,10808,105.33,110年=100
營業額指數,481,建材零售業,10809,99.78,110年=100
營業額指數,481,建材零售業,10810,104.45,110年=100
營業額指數,481,建材零售業,10811,105.32,110年=100
營業額指數,481,建材零售業,10812,120.00,110年=100
營業額指數,481,建材零售業,10901,121.45,110年=100
營業額指數,481,建材零售業,10902,100.64,110年=100
營業額指數,481,建材零售業,10903,98.61,110年=100
營業額指數,481,建材零售業,10904,121.89,110年=100
營業額指數,481,建材零售業,10905,112.81,110年=100
營業額指數,481,建材零售業,10906,105.51,110年=100
營業額指數,481,建材零售業,10907,103.41,110年=100
營業額指數,481,建材零售業,10908,109.36,110年=100
營業額指數,481,建材零售業,10909,98.57,110年=100
營業額指數,481,建材零售業,10910,107.73,110年=100
營業額指數,481,建材零售業,10911,108.99,110年=100
營業額指數,481,建材零售業,10912,120.53,110年=100
營業額指數,481,建材零售業,11001,128.68,110年=100
營業額指數,481,建材零售業,11002,106.10,110年=100
營業額指數,481,建材零售業,11003,95.81,110年=100
營業額指數,481,建材零售業,11004,93.91,110年=100
營業額指數,481,建材零售業,11005,88.65,110年=100
營業額指數,481,建材零售業,11006,85.21,110年=100
營業額指數,481,建材零售業,11007,94.81,110年=100
營業額指數,481,建材零售業,11008,96.89,110年=100
營業額指數,481,建材零售業,11009,95.68,110年=100
營業額指數,481,建材零售業,11010,102.57,110年=100
營業額指數,481,建材零售業,11011,103.92,110年=100
營業額指數,481,建材零售業,11012,107.76,110年=100
營業額指數,481,建材零售業,11101,132.22,110年=100
營業額指數,481,建材零售業,11102,95.42,110年=100
營業額指數,481,建材零售業,11103,98.38,110年=100
營業額指數,481,建材零售業,11104,97.24,110年=100
營業額指數,481,建材零售業,11105,99.96,110年=100
營業額指數,481,建材零售業,11106,111.17,110年=100
營業額指數,481,建材零售業,11107,105.97,110年=100
營業額指數,481,建材零售業,11108,99.17,110年=100
營業額指數,481,建材零售業,11109,93.87,110年=100
營業額指數,481,建材零售業,11110,96.26,110年=100
營業額指數,481,建材零售業,11111,95.52,110年=100
營業額指數,481,建材零售業,11112,110.14,110年=100
營業額指數,481,建材零售業,11201,125.80,110年=100
營業額指數,481,建材零售業,11202,94.50,110年=100
營業額指數,481,建材零售業,11203,99.44,110年=100
營業額指數,481,建材零售業,11204,98.16,110年=100
營業額指數,481,建材零售業,11205,98.49,110年=100
營業額指數,481,建材零售業,11206,101.42,110年=100
營業額指數,481,建材零售業,11207,100.86,110年=100
營業額指數,481,建材零售業,11208,93.83,110年=100
營業額指數,481,建材零售業,11209,91.00,110年=100
營業額指數,481,建材零售業,11210,96.33,110年=100
營業額指數,481,建材零售業,11211,94.07,110年=100
營業額指數,481,建材零售業,11212,104.75,110年=100
營業額指數,481,建材零售業,11301,122.60,110年=100
營業額指數,481,建材零售業,11302,84.61,110年=100
營業額指數,481,建材零售業,11303,94.13,110年=100
營業額指數,481,建材零售業,11304,95.25,110年=100
營業額指數,481,建材零售業,11305,93.71,110年=100
營業額指數,481,建材零售業,11306,98.06,110年=100
營業額指數,481,建材零售業,11307,100.91,110年=100
營業額指數,481,建材零售業,11308,101.88,110年=100
營業額指數,481,建材零售業,11309,97.83,110年=100
營業額指數,481,建材零售業,11310,102.37,110年=100
營業額指數,481,建材零售業,11311,104.50,110年=100
營業額指數,481,建材零售業,11312,106.87,110年=100
營業額指數,481,建材零售業,11401,105.81,110年=100
營業額指數,481,建材零售業,11402,91.75,110年=100
營業額指數,481,建材零售業,11403,99.26,110年=100
營業額指數,481,建材零售業,11404,100.39,110年=100
營業額指數,481,建材零售業,11405,95.90,110年=100
營業額指數,481,建材零售業,11406,101.63,110年=100
營業額指數,481,建材零售業,11407,103.93,110年=100
營業額指數,481,建材零售業,11408,99.57,110年=100
營業額指數,481,建材零售業,11409,96.98,110年=100
營業額指數,481,建材零售業,11410,102.34,110年=100
營業額指數,481,建材零售業,11411,98.49,110年=100
營業額指數,481,建材零售業,11412,108.27,110年=100
營業額指數,481,建材零售業,11501,112.02,110年=100
營業額指數,481,建材零售業,11502,85.20,110年=100
營業額指數,482,燃料及相關產品零售業,08801,66.77,110年=100
營業額指數,482,燃料及相關產品零售業,08802,70.96,110年=100
營業額指數,482,燃料及相關產品零售業,08803,73.19,110年=100
營業額指數,482,燃料及相關產品零售業,08804,73.60,110年=100
營業額指數,482,燃料及相關產品零售業,08805,75.00,110年=100
營業額指數,482,燃料及相關產品零售業,08806,75.88,110年=100
營業額指數,482,燃料及相關產品零售業,08807,79.11,110年=100
營業額指數,482,燃料及相關產品零售業,08808,77.74,110年=100
營業額指數,482,燃料及相關產品零售業,08809,79.44,110年=100
營業額指數,482,燃料及相關產品零售業,08810,78.24,110年=100
營業額指數,482,燃料及相關產品零售業,08811,79.25,110年=100
營業額指數,482,燃料及相關產品零售業,08812,80.59,110年=100
營業額指數,482,燃料及相關產品零售業,08901,80.68,110年=100
營業額指數,482,燃料及相關產品零售業,08902,77.64,110年=100
營業額指數,482,燃料及相關產品零售業,08903,85.77,110年=100
營業額指數,482,燃料及相關產品零售業,08904,82.57,110年=100
營業額指數,482,燃料及相關產品零售業,08905,84.84,110年=100
營業額指數,482,燃料及相關產品零售業,08906,84.46,110年=100
營業額指數,482,燃料及相關產品零售業,08907,88.51,110年=100
營業額指數,482,燃料及相關產品零售業,08908,84.75,110年=100
營業額指數,482,燃料及相關產品零售業,08909,85.80,110年=100
營業額指數,482,燃料及相關產品零售業,08910,88.41,110年=100
營業額指數,482,燃料及相關產品零售業,08911,83.60,110年=100
營業額指數,482,燃料及相關產品零售業,08912,87.62,110年=100
營業額指數,482,燃料及相關產品零售業,09001,85.59,110年=100
營業額指數,482,燃料及相關產品零售業,09002,82.09,110年=100
營業額指數,482,燃料及相關產品零售業,09003,90.03,110年=100
營業額指數,482,燃料及相關產品零售業,09004,86.00,110年=100
營業額指數,482,燃料及相關產品零售業,09005,89.46,110年=100
營業額指數,482,燃料及相關產品零售業,09006,90.20,110年=100
營業額指數,482,燃料及相關產品零售業,09007,93.60,110年=100
營業額指數,482,燃料及相關產品零售業,09008,92.83,110年=100
營業額指數,482,燃料及相關產品零售業,09009,85.19,110年=100
營業額指數,482,燃料及相關產品零售業,09010,86.27,110年=100
營業額指數,482,燃料及相關產品零售業,09011,90.29,110年=100
營業額指數,482,燃料及相關產品零售業,09012,93.18,110年=100
營業額指數,482,燃料及相關產品零售業,09101,87.94,110年=100
營業額指數,482,燃料及相關產品零售業,09102,81.37,110年=100
營業額指數,482,燃料及相關產品零售業,09103,90.67,110年=100
營業額指數,482,燃料及相關產品零售業,09104,88.82,110年=100
營業額指數,482,燃料及相關產品零售業,09105,93.63,110年=100
營業額指數,482,燃料及相關產品零售業,09106,92.00,110年=100
營業額指數,482,燃料及相關產品零售業,09107,94.63,110年=100
營業額指數,482,燃料及相關產品零售業,09108,95.24,110年=100
營業額指數,482,燃料及相關產品零售業,09109,99.65,110年=100
營業額指數,482,燃料及相關產品零售業,09110,96.67,110年=100
營業額指數,482,燃料及相關產品零售業,09111,97.77,110年=100
營業額指數,482,燃料及相關產品零售業,09112,101.85,110年=100
營業額指數,482,燃料及相關產品零售業,09201,103.91,110年=100
營業額指數,482,燃料及相關產品零售業,09202,93.08,110年=100
營業額指數,482,燃料及相關產品零售業,09203,100.28,110年=100
營業額指數,482,燃料及相關產品零售業,09204,94.46,110年=100
營業額指數,482,燃料及相關產品零售業,09205,90.36,110年=100
營業額指數,482,燃料及相關產品零售業,09206,92.51,110年=100
營業額指數,482,燃料及相關產品零售業,09207,99.38,110年=100
營業額指數,482,燃料及相關產品零售業,09208,100.73,110年=100
營業額指數,482,燃料及相關產品零售業,09209,100.85,110年=100
營業額指數,482,燃料及相關產品零售業,09210,98.66,110年=100
營業額指數,482,燃料及相關產品零售業,09211,101.22,110年=100
營業額指數,482,燃料及相關產品零售業,09212,105.83,110年=100
營業額指數,482,燃料及相關產品零售業,09301,113.17,110年=100
營業額指數,482,燃料及相關產品零售業,09302,103.67,110年=100
營業額指數,482,燃料及相關產品零售業,09303,108.10,110年=100
營業額指數,482,燃料及相關產品零售業,09304,105.73,110年=100
營業額指數,482,燃料及相關產品零售業,09305,110.14,110年=100
營業額指數,482,燃料及相關產品零售業,09306,105.10,110年=100
營業額指數,482,燃料及相關產品零售業,09307,107.23,110年=100
營業額指數,482,燃料及相關產品零售業,09308,107.55,110年=100
營業額指數,482,燃料及相關產品零售業,09309,103.96,110年=100
營業額指數,482,燃料及相關產品零售業,09310,106.63,110年=100
營業額指數,482,燃料及相關產品零售業,09311,108.41,110年=100
營業額指數,482,燃料及相關產品零售業,09312,111.80,110年=100
營業額指數,482,燃料及相關產品零售業,09401,110.36,110年=100
營業額指數,482,燃料及相關產品零售業,09402,97.98,110年=100
營業額指數,482,燃料及相關產品零售業,09403,114.49,110年=100
營業額指數,482,燃料及相關產品零售業,09404,112.97,110年=100
營業額指數,482,燃料及相關產品零售業,09405,116.15,110年=100
營業額指數,482,燃料及相關產品零售業,09406,114.55,110年=100
營業額指數,482,燃料及相關產品零售業,09407,116.17,110年=100
營業額指數,482,燃料及相關產品零售業,09408,119.74,110年=100
營業額指數,482,燃料及相關產品零售業,09409,110.46,110年=100
營業額指數,482,燃料及相關產品零售業,09410,114.38,110年=100
營業額指數,482,燃料及相關產品零售業,09411,115.86,110年=100
營業額指數,482,燃料及相關產品零售業,09412,122.33,110年=100
營業額指數,482,燃料及相關產品零售業,09501,127.61,110年=100
營業額指數,482,燃料及相關產品零售業,09502,114.11,110年=100
營業額指數,482,燃料及相關產品零售業,09503,127.94,110年=100
營業額指數,482,燃料及相關產品零售業,09504,121.56,110年=100
營業額指數,482,燃料及相關產品零售業,09505,125.23,110年=100
營業額指數,482,燃料及相關產品零售業,09506,123.42,110年=100
營業額指數,482,燃料及相關產品零售業,09507,124.55,110年=100
營業額指數,482,燃料及相關產品零售業,09508,127.03,110年=100
營業額指數,482,燃料及相關產品零售業,09509,119.71,110年=100
營業額指數,482,燃料及相關產品零售業,09510,126.24,110年=100
營業額指數,482,燃料及相關產品零售業,09511,119.63,110年=100
營業額指數,482,燃料及相關產品零售業,09512,125.73,110年=100
營業額指數,482,燃料及相關產品零售業,09601,130.42,110年=100
營業額指數,482,燃料及相關產品零售業,09602,119.70,110年=100
營業額指數,482,燃料及相關產品零售業,09603,134.38,110年=100
營業額指數,482,燃料及相關產品零售業,09604,131.54,110年=100
營業額指數,482,燃料及相關產品零售業,09605,136.41,110年=100
營業額指數,482,燃料及相關產品零售業,09606,131.65,110年=100
營業額指數,482,燃料及相關產品零售業,09607,137.87,110年=100
營業額指數,482,燃料及相關產品零售業,09608,130.06,110年=100
營業額指數,482,燃料及相關產品零售業,09609,123.21,110年=100
營業額指數,482,燃料及相關產品零售業,09610,121.91,110年=100
營業額指數,482,燃料及相關產品零售業,09611,121.40,110年=100
營業額指數,482,燃料及相關產品零售業,09612,129.28,110年=100
營業額指數,482,燃料及相關產品零售業,09701,134.18,110年=100
營業額指數,482,燃料及相關產品零售業,09702,123.88,110年=100
營業額指數,482,燃料及相關產品零售業,09703,133.64,110年=100
營業額指數,482,燃料及相關產品零售業,09704,135.18,110年=100
營業額指數,482,燃料及相關產品零售業,09705,149.30,110年=100
營業額指數,482,燃料及相關產品零售業,09706,138.72,110年=100
營業額指數,482,燃料及相關產品零售業,09707,131.59,110年=100
營業額指數,482,燃料及相關產品零售業,09708,128.32,110年=100
營業額指數,482,燃料及相關產品零售業,09709,120.58,110年=100
營業額指數,482,燃料及相關產品零售業,09710,107.22,110年=100
營業額指數,482,燃料及相關產品零售業,09711,97.82,110年=100
營業額指數,482,燃料及相關產品零售業,09712,100.69,110年=100
營業額指數,482,燃料及相關產品零售業,09801,107.57,110年=100
營業額指數,482,燃料及相關產品零售業,09802,103.77,110年=100
營業額指數,482,燃料及相關產品零售業,09803,120.71,110年=100
營業額指數,482,燃料及相關產品零售業,09804,119.00,110年=100
營業額指數,482,燃料及相關產品零售業,09805,131.03,110年=100
營業額指數,482,燃料及相關產品零售業,09806,129.50,110年=100
營業額指數,482,燃料及相關產品零售業,09807,130.58,110年=100
營業額指數,482,燃料及相關產品零售業,09808,124.08,110年=100
營業額指數,482,燃料及相關產品零售業,09809,128.01,110年=100
營業額指數,482,燃料及相關產品零售業,09810,124.31,110年=100
營業額指數,482,燃料及相關產品零售業,09811,117.72,110年=100
營業額指數,482,燃料及相關產品零售業,09812,132.39,110年=100
營業額指數,482,燃料及相關產品零售業,09901,124.38,110年=100
營業額指數,482,燃料及相關產品零售業,09902,116.32,110年=100
營業額指數,482,燃料及相關產品零售業,09903,128.53,110年=100
營業額指數,482,燃料及相關產品零售業,09904,126.77,110年=100
營業額指數,482,燃料及相關產品零售業,09905,137.83,110年=100
營業額指數,482,燃料及相關產品零售業,09906,133.24,110年=100
營業額指數,482,燃料及相關產品零售業,09907,139.84,110年=100
營業額指數,482,燃料及相關產品零售業,09908,139.41,110年=100
營業額指數,482,燃料及相關產品零售業,09909,132.50,110年=100
營業額指數,482,燃料及相關產品零售業,09910,129.88,110年=100
營業額指數,482,燃料及相關產品零售業,09911,121.19,110年=100
營業額指數,482,燃料及相關產品零售業,09912,132.93,110年=100
營業額指數,482,燃料及相關產品零售業,10001,134.81,110年=100
營業額指數,482,燃料及相關產品零售業,10002,119.26,110年=100
營業額指數,482,燃料及相關產品零售業,10003,134.63,110年=100
營業額指數,482,燃料及相關產品零售業,10004,132.96,110年=100
營業額指數,482,燃料及相關產品零售業,10005,137.29,110年=100
營業額指數,482,燃料及相關產品零售業,10006,132.56,110年=100
營業額指數,482,燃料及相關產品零售業,10007,142.43,110年=100
營業額指數,482,燃料及相關產品零售業,10008,141.33,110年=100
營業額指數,482,燃料及相關產品零售業,10009,136.70,110年=100
營業額指數,482,燃料及相關產品零售業,10010,134.66,110年=100
營業額指數,482,燃料及相關產品零售業,10011,126.15,110年=100
營業額指數,482,燃料及相關產品零售業,10012,128.24,110年=100
營業額指數,482,燃料及相關產品零售業,10101,121.63,110年=100
營業額指數,482,燃料及相關產品零售業,10102,123.66,110年=100
營業額指數,482,燃料及相關產品零售業,10103,133.85,110年=100
營業額指數,482,燃料及相關產品零售業,10104,126.98,110年=100
營業額指數,482,燃料及相關產品零售業,10105,132.22,110年=100
營業額指數,482,燃料及相關產品零售業,10106,122.36,110年=100
營業額指數,482,燃料及相關產品零售業,10107,134.79,110年=100
營業額指數,482,燃料及相關產品零售業,10108,134.75,110年=100
營業額指數,482,燃料及相關產品零售業,10109,134.82,110年=100
營業額指數,482,燃料及相關產品零售業,10110,135.44,110年=100
營業額指數,482,燃料及相關產品零售業,10111,128.60,110年=100
營業額指數,482,燃料及相關產品零售業,10112,128.98,110年=100
營業額指數,482,燃料及相關產品零售業,10201,133.21,110年=100
營業額指數,482,燃料及相關產品零售業,10202,119.35,110年=100
營業額指數,482,燃料及相關產品零售業,10203,132.96,110年=100
營業額指數,482,燃料及相關產品零售業,10204,130.51,110年=100
營業額指數,482,燃料及相關產品零售業,10205,129.22,110年=100
營業額指數,482,燃料及相關產品零售業,10206,128.22,110年=100
營業額指數,482,燃料及相關產品零售業,10207,137.56,110年=100
營業額指數,482,燃料及相關產品零售業,10208,140.00,110年=100
營業額指數,482,燃料及相關產品零售業,10209,128.60,110年=100
營業額指數,482,燃料及相關產品零售業,10210,132.58,110年=100
營業額指數,482,燃料及相關產品零售業,10211,133.93,110年=100
營業額指數,482,燃料及相關產品零售業,10212,136.48,110年=100
營業額指數,482,燃料及相關產品零售業,10301,139.19,110年=100
營業額指數,482,燃料及相關產品零售業,10302,119.52,110年=100
營業額指數,482,燃料及相關產品零售業,10303,132.62,110年=100
營業額指數,482,燃料及相關產品零售業,10304,129.00,110年=100
營業額指數,482,燃料及相關產品零售業,10305,132.72,110年=100
營業額指數,482,燃料及相關產品零售業,10306,134.50,110年=100
營業額指數,482,燃料及相關產品零售業,10307,140.72,110年=100
營業額指數,482,燃料及相關產品零售業,10308,134.33,110年=100
營業額指數,482,燃料及相關產品零售業,10309,126.75,110年=100
營業額指數,482,燃料及相關產品零售業,10310,122.34,110年=100
營業額指數,482,燃料及相關產品零售業,10311,112.92,110年=100
營業額指數,482,燃料及相關產品零售業,10312,110.69,110年=100
營業額指數,482,燃料及相關產品零售業,10401,98.84,110年=100
營業額指數,482,燃料及相關產品零售業,10402,93.31,110年=100
營業額指數,482,燃料及相關產品零售業,10403,106.33,110年=100
營業額指數,482,燃料及相關產品零售業,10404,101.00,110年=100
營業額指數,482,燃料及相關產品零售業,10405,107.17,110年=100
營業額指數,482,燃料及相關產品零售業,10406,108.82,110年=100
營業額指數,482,燃料及相關產品零售業,10407,109.82,110年=100
營業額指數,482,燃料及相關產品零售業,10408,98.06,110年=100
營業額指數,482,燃料及相關產品零售業,10409,93.94,110年=100
營業額指數,482,燃料及相關產品零售業,10410,95.43,110年=100
營業額指數,482,燃料及相關產品零售業,10411,92.22,110年=100
營業額指數,482,燃料及相關產品零售業,10412,90.10,110年=100
營業額指數,482,燃料及相關產品零售業,10501,86.66,110年=100
營業額指數,482,燃料及相關產品零售業,10502,73.06,110年=100
營業額指數,482,燃料及相關產品零售業,10503,84.96,110年=100
營業額指數,482,燃料及相關產品零售業,10504,87.37,110年=100
營業額指數,482,燃料及相關產品零售業,10505,96.89,110年=100
營業額指數,482,燃料及相關產品零售業,10506,98.48,110年=100
營業額指數,482,燃料及相關產品零售業,10507,96.66,110年=100
營業額指數,482,燃料及相關產品零售業,10508,98.62,110年=100
營業額指數,482,燃料及相關產品零售業,10509,90.18,110年=100
營業額指數,482,燃料及相關產品零售業,10510,96.33,110年=100
營業額指數,482,燃料及相關產品零售業,10511,92.67,110年=100
營業額指數,482,燃料及相關產品零售業,10512,102.73,110年=100
營業額指數,482,燃料及相關產品零售業,10601,106.22,110年=100
營業額指數,482,燃料及相關產品零售業,10602,92.14,110年=100
營業額指數,482,燃料及相關產品零售業,10603,102.23,110年=100
營業額指數,482,燃料及相關產品零售業,10604,96.55,110年=100
營業額指數,482,燃料及相關產品零售業,10605,100.31,110年=100
營業額指數,482,燃料及相關產品零售業,10606,93.57,110年=100
營業額指數,482,燃料及相關產品零售業,10607,99.52,110年=100
營業額指數,482,燃料及相關產品零售業,10608,102.46,110年=100
營業額指數,482,燃料及相關產品零售業,10609,100.10,110年=100
營業額指數,482,燃料及相關產品零售業,10610,101.05,110年=100
營業額指數,482,燃料及相關產品零售業,10611,101.29,110年=100
營業額指數,482,燃料及相關產品零售業,10612,110.67,110年=100
營業額指數,482,燃料及相關產品零售業,10701,107.08,110年=100
營業額指數,482,燃料及相關產品零售業,10702,98.77,110年=100
營業額指數,482,燃料及相關產品零售業,10703,107.33,110年=100
營業額指數,482,燃料及相關產品零售業,10704,105.02,110年=100
營業額指數,482,燃料及相關產品零售業,10705,115.27,110年=100
營業額指數,482,燃料及相關產品零售業,10706,115.27,110年=100
營業額指數,482,燃料及相關產品零售業,10707,120.34,110年=100
營業額指數,482,燃料及相關產品零售業,10708,116.49,110年=100
營業額指數,482,燃料及相關產品零售業,10709,117.15,110年=100
營業額指數,482,燃料及相關產品零售業,10710,115.08,110年=100
營業額指數,482,燃料及相關產品零售業,10711,109.09,110年=100
營業額指數,482,燃料及相關產品零售業,10712,109.53,110年=100
營業額指數,482,燃料及相關產品零售業,10801,106.48,110年=100
營業額指數,482,燃料及相關產品零售業,10802,94.93,110年=100
營業額指數,482,燃料及相關產品零售業,10803,107.78,110年=100
營業額指數,482,燃料及相關產品零售業,10804,108.41,110年=100
營業額指數,482,燃料及相關產品零售業,10805,113.18,110年=100
營業額指數,482,燃料及相關產品零售業,10806,111.62,110年=100
營業額指數,482,燃料及相關產品零售業,10807,112.04,110年=100
營業額指數,482,燃料及相關產品零售業,10808,109.55,110年=100
營業額指數,482,燃料及相關產品零售業,10809,104.27,110年=100
營業額指數,482,燃料及相關產品零售業,10810,105.62,110年=100
營業額指數,482,燃料及相關產品零售業,10811,103.04,110年=100
營業額指數,482,燃料及相關產品零售業,10812,111.01,110年=100
營業額指數,482,燃料及相關產品零售業,10901,108.74,110年=100
營業額指數,482,燃料及相關產品零售業,10902,91.85,110年=100
營業額指數,482,燃料及相關產品零售業,10903,85.14,110年=100
營業額指數,482,燃料及相關產品零售業,10904,66.46,110年=100
營業額指數,482,燃料及相關產品零售業,10905,74.90,110年=100
營業額指數,482,燃料及相關產品零售業,10906,85.19,110年=100
營業額指數,482,燃料及相關產品零售業,10907,95.65,110年=100
營業額指數,482,燃料及相關產品零售業,10908,94.08,110年=100
營業額指數,482,燃料及相關產品零售業,10909,90.59,110年=100
營業額指數,482,燃料及相關產品零售業,10910,87.91,110年=100
營業額指數,482,燃料及相關產品零售業,10911,86.23,110年=100
營業額指數,482,燃料及相關產品零售業,10912,94.38,110年=100
營業額指數,482,燃料及相關產品零售業,11001,98.59,110年=100
營業額指數,482,燃料及相關產品零售業,11002,89.91,110年=100
營業額指數,482,燃料及相關產品零售業,11003,103.46,110年=100
營業額指數,482,燃料及相關產品零售業,11004,100.70,110年=100
營業額指數,482,燃料及相關產品零售業,11005,92.52,110年=100
營業額指數,482,燃料及相關產品零售業,11006,80.70,110年=100
營業額指數,482,燃料及相關產品零售業,11007,96.52,110年=100
營業額指數,482,燃料及相關產品零售業,11008,102.74,110年=100
營業額指數,482,燃料及相關產品零售業,11009,103.85,110年=100
營業額指數,482,燃料及相關產品零售業,11010,111.98,110年=100
營業額指數,482,燃料及相關產品零售業,11011,108.06,110年=100
營業額指數,482,燃料及相關產品零售業,11012,110.99,110年=100
營業額指數,482,燃料及相關產品零售業,11101,110.03,110年=100
營業額指數,482,燃料及相關產品零售業,11102,96.91,110年=100
營業額指數,482,燃料及相關產品零售業,11103,115.39,110年=100
營業額指數,482,燃料及相關產品零售業,11104,106.12,110年=100
營業額指數,482,燃料及相關產品零售業,11105,98.13,110年=100
營業額指數,482,燃料及相關產品零售業,11106,101.66,110年=100
營業額指數,482,燃料及相關產品零售業,11107,112.69,110年=100
營業額指數,482,燃料及相關產品零售業,11108,111.52,110年=100
營業額指數,482,燃料及相關產品零售業,11109,104.35,110年=100
營業額指數,482,燃料及相關產品零售業,11110,105.59,110年=100
營業額指數,482,燃料及相關產品零售業,11111,103.77,110年=100
營業額指數,482,燃料及相關產品零售業,11112,110.12,110年=100
營業額指數,482,燃料及相關產品零售業,11201,105.16,110年=100
營業額指數,482,燃料及相關產品零售業,11202,95.69,110年=100
營業額指數,482,燃料及相關產品零售業,11203,106.66,110年=100
營業額指數,482,燃料及相關產品零售業,11204,100.70,110年=100
營業額指數,482,燃料及相關產品零售業,11205,104.26,110年=100
營業額指數,482,燃料及相關產品零售業,11206,104.15,110年=100
營業額指數,482,燃料及相關產品零售業,11207,108.40,110年=100
營業額指數,482,燃料及相關產品零售業,11208,110.76,110年=100
營業額指數,482,燃料及相關產品零售業,11209,106.59,110年=100
營業額指數,482,燃料及相關產品零售業,11210,104.08,110年=100
營業額指數,482,燃料及相關產品零售業,11211,100.82,110年=100
營業額指數,482,燃料及相關產品零售業,11212,104.92,110年=100
營業額指數,482,燃料及相關產品零售業,11301,102.00,110年=100
營業額指數,482,燃料及相關產品零售業,11302,92.86,110年=100
營業額指數,482,燃料及相關產品零售業,11303,101.65,110年=100
營業額指數,482,燃料及相關產品零售業,11304,98.95,110年=100
營業額指數,482,燃料及相關產品零售業,11305,100.34,110年=100
營業額指數,482,燃料及相關產品零售業,11306,98.85,110年=100
營業額指數,482,燃料及相關產品零售業,11307,101.06,110年=100
營業額指數,482,燃料及相關產品零售業,11308,102.79,110年=100
營業額指數,482,燃料及相關產品零售業,11309,98.05,110年=100
營業額指數,482,燃料及相關產品零售業,11310,92.41,110年=100
營業額指數,482,燃料及相關產品零售業,11311,94.87,110年=100
營業額指數,482,燃料及相關產品零售業,11312,98.17,110年=100
營業額指數,482,燃料及相關產品零售業,11401,97.11,110年=100
營業額指數,482,燃料及相關產品零售業,11402,88.02,110年=100
營業額指數,482,燃料及相關產品零售業,11403,98.41,110年=100
營業額指數,482,燃料及相關產品零售業,11404,92.05,110年=100
營業額指數,482,燃料及相關產品零售業,11405,90.82,110年=100
營業額指數,482,燃料及相關產品零售業,11406,91.35,110年=100
營業額指數,482,燃料及相關產品零售業,11407,91.49,110年=100
營業額指數,482,燃料及相關產品零售業,11408,94.51,110年=100
營業額指數,482,燃料及相關產品零售業,11409,90.21,110年=100
營業額指數,482,燃料及相關產品零售業,11410,92.77,110年=100
營業額指數,482,燃料及相關產品零售業,11411,88.50,110年=100
營業額指數,482,燃料及相關產品零售業,11412,90.73,110年=100
營業額指數,482,燃料及相關產品零售業,11501,88.81,110年=100
營業額指數,482,燃料及相關產品零售業,11502,80.42,110年=100
營業額指數,483,資通訊及家電設備零售業,08801,98.90,110年=100
營業額指數,483,資通訊及家電設備零售業,08802,103.59,110年=100
營業額指數,483,資通訊及家電設備零售業,08803,106.26,110年=100
營業額指數,483,資通訊及家電設備零售業,08804,105.83,110年=100
營業額指數,483,資通訊及家電設備零售業,08805,101.60,110年=100
營業額指數,483,資通訊及家電設備零售業,08806,104.22,110年=100
營業額指數,483,資通訊及家電設備零售業,08807,107.67,110年=100
營業額指數,483,資通訊及家電設備零售業,08808,105.85,110年=100
營業額指數,483,資通訊及家電設備零售業,08809,104.01,110年=100
營業額指數,483,資通訊及家電設備零售業,08810,104.06,110年=100
營業額指數,483,資通訊及家電設備零售業,08811,105.40,110年=100
營業額指數,483,資通訊及家電設備零售業,08812,111.07,110年=100
營業額指數,483,資通訊及家電設備零售業,08901,112.43,110年=100
營業額指數,483,資通訊及家電設備零售業,08902,110.07,110年=100
營業額指數,483,資通訊及家電設備零售業,08903,111.96,110年=100
營業額指數,483,資通訊及家電設備零售業,08904,113.56,110年=100
營業額指數,483,資通訊及家電設備零售業,08905,110.74,110年=100
營業額指數,483,資通訊及家電設備零售業,08906,113.51,110年=100
營業額指數,483,資通訊及家電設備零售業,08907,116.38,110年=100
營業額指數,483,資通訊及家電設備零售業,08908,118.47,110年=100
營業額指數,483,資通訊及家電設備零售業,08909,118.10,110年=100
營業額指數,483,資通訊及家電設備零售業,08910,114.10,110年=100
營業額指數,483,資通訊及家電設備零售業,08911,112.29,110年=100
營業額指數,483,資通訊及家電設備零售業,08912,114.90,110年=100
營業額指數,483,資通訊及家電設備零售業,09001,111.31,110年=100
營業額指數,483,資通訊及家電設備零售業,09002,114.65,110年=100
營業額指數,483,資通訊及家電設備零售業,09003,117.10,110年=100
營業額指數,483,資通訊及家電設備零售業,09004,108.78,110年=100
營業額指數,483,資通訊及家電設備零售業,09005,106.45,110年=100
營業額指數,483,資通訊及家電設備零售業,09006,107.89,110年=100
營業額指數,483,資通訊及家電設備零售業,09007,108.72,110年=100
營業額指數,483,資通訊及家電設備零售業,09008,111.86,110年=100
營業額指數,483,資通訊及家電設備零售業,09009,103.68,110年=100
營業額指數,483,資通訊及家電設備零售業,09010,109.50,110年=100
營業額指數,483,資通訊及家電設備零售業,09011,115.04,110年=100
營業額指數,483,資通訊及家電設備零售業,09012,122.57,110年=100
營業額指數,483,資通訊及家電設備零售業,09101,121.55,110年=100
營業額指數,483,資通訊及家電設備零售業,09102,112.94,110年=100
營業額指數,483,資通訊及家電設備零售業,09103,123.87,110年=100
營業額指數,483,資通訊及家電設備零售業,09104,122.96,110年=100
營業額指數,483,資通訊及家電設備零售業,09105,125.12,110年=100
營業額指數,483,資通訊及家電設備零售業,09106,121.76,110年=100
營業額指數,483,資通訊及家電設備零售業,09107,124.20,110年=100
營業額指數,483,資通訊及家電設備零售業,09108,123.27,110年=100
營業額指數,483,資通訊及家電設備零售業,09109,121.39,110年=100
營業額指數,483,資通訊及家電設備零售業,09110,123.74,110年=100
營業額指數,483,資通訊及家電設備零售業,09111,120.61,110年=100
營業額指數,483,資通訊及家電設備零售業,09112,128.17,110年=100
營業額指數,483,資通訊及家電設備零售業,09201,126.39,110年=100
營業額指數,483,資通訊及家電設備零售業,09202,112.79,110年=100
營業額指數,483,資通訊及家電設備零售業,09203,122.67,110年=100
營業額指數,483,資通訊及家電設備零售業,09204,119.54,110年=100
營業額指數,483,資通訊及家電設備零售業,09205,124.24,110年=100
營業額指數,483,資通訊及家電設備零售業,09206,132.65,110年=100
營業額指數,483,資通訊及家電設備零售業,09207,139.20,110年=100
營業額指數,483,資通訊及家電設備零售業,09208,136.75,110年=100
營業額指數,483,資通訊及家電設備零售業,09209,137.15,110年=100
營業額指數,483,資通訊及家電設備零售業,09210,132.46,110年=100
營業額指數,483,資通訊及家電設備零售業,09211,135.13,110年=100
營業額指數,483,資通訊及家電設備零售業,09212,150.03,110年=100
營業額指數,483,資通訊及家電設備零售業,09301,145.27,110年=100
營業額指數,483,資通訊及家電設備零售業,09302,136.55,110年=100
營業額指數,483,資通訊及家電設備零售業,09303,131.23,110年=100
營業額指數,483,資通訊及家電設備零售業,09304,134.02,110年=100
營業額指數,483,資通訊及家電設備零售業,09305,137.52,110年=100
營業額指數,483,資通訊及家電設備零售業,09306,142.15,110年=100
營業額指數,483,資通訊及家電設備零售業,09307,144.43,110年=100
營業額指數,483,資通訊及家電設備零售業,09308,136.71,110年=100
營業額指數,483,資通訊及家電設備零售業,09309,143.04,110年=100
營業額指數,483,資通訊及家電設備零售業,09310,146.67,110年=100
營業額指數,483,資通訊及家電設備零售業,09311,146.50,110年=100
營業額指數,483,資通訊及家電設備零售業,09312,166.83,110年=100
營業額指數,483,資通訊及家電設備零售業,09401,165.78,110年=100
營業額指數,483,資通訊及家電設備零售業,09402,151.48,110年=100
營業額指數,483,資通訊及家電設備零售業,09403,153.59,110年=100
營業額指數,483,資通訊及家電設備零售業,09404,146.51,110年=100
營業額指數,483,資通訊及家電設備零售業,09405,140.62,110年=100
營業額指數,483,資通訊及家電設備零售業,09406,142.63,110年=100
營業額指數,483,資通訊及家電設備零售業,09407,146.42,110年=100
營業額指數,483,資通訊及家電設備零售業,09408,138.83,110年=100
營業額指數,483,資通訊及家電設備零售業,09409,140.25,110年=100
營業額指數,483,資通訊及家電設備零售業,09410,137.87,110年=100
營業額指數,483,資通訊及家電設備零售業,09411,142.68,110年=100
營業額指數,483,資通訊及家電設備零售業,09412,155.54,110年=100
營業額指數,483,資通訊及家電設備零售業,09501,164.58,110年=100
營業額指數,483,資通訊及家電設備零售業,09502,143.40,110年=100
營業額指數,483,資通訊及家電設備零售業,09503,152.51,110年=100
營業額指數,483,資通訊及家電設備零售業,09504,154.18,110年=100
營業額指數,483,資通訊及家電設備零售業,09505,143.11,110年=100
營業額指數,483,資通訊及家電設備零售業,09506,150.44,110年=100
營業額指數,483,資通訊及家電設備零售業,09507,157.36,110年=100
營業額指數,483,資通訊及家電設備零售業,09508,149.04,110年=100
營業額指數,483,資通訊及家電設備零售業,09509,155.80,110年=100
營業額指數,483,資通訊及家電設備零售業,09510,151.44,110年=100
營業額指數,483,資通訊及家電設備零售業,09511,151.02,110年=100
營業額指數,483,資通訊及家電設備零售業,09512,163.15,110年=100
營業額指數,483,資通訊及家電設備零售業,09601,157.04,110年=100
營業額指數,483,資通訊及家電設備零售業,09602,144.03,110年=100
營業額指數,483,資通訊及家電設備零售業,09603,147.59,110年=100
營業額指數,483,資通訊及家電設備零售業,09604,148.46,110年=100
營業額指數,483,資通訊及家電設備零售業,09605,143.90,110年=100
營業額指數,483,資通訊及家電設備零售業,09606,148.06,110年=100
營業額指數,483,資通訊及家電設備零售業,09607,163.88,110年=100
營業額指數,483,資通訊及家電設備零售業,09608,146.71,110年=100
營業額指數,483,資通訊及家電設備零售業,09609,146.16,110年=100
營業額指數,483,資通訊及家電設備零售業,09610,142.89,110年=100
營業額指數,483,資通訊及家電設備零售業,09611,143.21,110年=100
營業額指數,483,資通訊及家電設備零售業,09612,159.45,110年=100
營業額指數,483,資通訊及家電設備零售業,09701,160.46,110年=100
營業額指數,483,資通訊及家電設備零售業,09702,138.84,110年=100
營業額指數,483,資通訊及家電設備零售業,09703,141.68,110年=100
營業額指數,483,資通訊及家電設備零售業,09704,145.14,110年=100
營業額指數,483,資通訊及家電設備零售業,09705,136.57,110年=100
營業額指數,483,資通訊及家電設備零售業,09706,134.25,110年=100
營業額指數,483,資通訊及家電設備零售業,09707,133.96,110年=100
營業額指數,483,資通訊及家電設備零售業,09708,126.46,110年=100
營業額指數,483,資通訊及家電設備零售業,09709,127.08,110年=100
營業額指數,483,資通訊及家電設備零售業,09710,121.78,110年=100
營業額指數,483,資通訊及家電設備零售業,09711,122.94,110年=100
營業額指數,483,資通訊及家電設備零售業,09712,136.50,110年=100
營業額指數,483,資通訊及家電設備零售業,09801,150.46,110年=100
營業額指數,483,資通訊及家電設備零售業,09802,131.82,110年=100
營業額指數,483,資通訊及家電設備零售業,09803,126.48,110年=100
營業額指數,483,資通訊及家電設備零售業,09804,124.79,110年=100
營業額指數,483,資通訊及家電設備零售業,09805,115.41,110年=100
營業額指數,483,資通訊及家電設備零售業,09806,118.04,110年=100
營業額指數,483,資通訊及家電設備零售業,09807,122.01,110年=100
營業額指數,483,資通訊及家電設備零售業,09808,117.67,110年=100
營業額指數,483,資通訊及家電設備零售業,09809,117.73,110年=100
營業額指數,483,資通訊及家電設備零售業,09810,110.39,110年=100
營業額指數,483,資通訊及家電設備零售業,09811,113.69,110年=100
營業額指數,483,資通訊及家電設備零售業,09812,126.01,110年=100
營業額指數,483,資通訊及家電設備零售業,09901,120.11,110年=100
營業額指數,483,資通訊及家電設備零售業,09902,124.78,110年=100
營業額指數,483,資通訊及家電設備零售業,09903,111.46,110年=100
營業額指數,483,資通訊及家電設備零售業,09904,119.84,110年=100
營業額指數,483,資通訊及家電設備零售業,09905,113.99,110年=100
營業額指數,483,資通訊及家電設備零售業,09906,118.64,110年=100
營業額指數,483,資通訊及家電設備零售業,09907,127.21,110年=100
營業額指數,483,資通訊及家電設備零售業,09908,123.25,110年=100
營業額指數,483,資通訊及家電設備零售業,09909,116.98,110年=100
營業額指數,483,資通訊及家電設備零售業,09910,114.02,110年=100
營業額指數,483,資通訊及家電設備零售業,09911,109.53,110年=100
營業額指數,483,資通訊及家電設備零售業,09912,129.11,110年=100
營業額指數,483,資通訊及家電設備零售業,10001,133.92,110年=100
營業額指數,483,資通訊及家電設備零售業,10002,114.92,110年=100
營業額指數,483,資通訊及家電設備零售業,10003,104.90,110年=100
營業額指數,483,資通訊及家電設備零售業,10004,114.52,110年=100
營業額指數,483,資通訊及家電設備零售業,10005,114.23,110年=100
營業額指數,483,資通訊及家電設備零售業,10006,123.96,110年=100
營業額指數,483,資通訊及家電設備零售業,10007,129.51,110年=100
營業額指數,483,資通訊及家電設備零售業,10008,123.91,110年=100
營業額指數,483,資通訊及家電設備零售業,10009,116.73,110年=100
營業額指數,483,資通訊及家電設備零售業,10010,110.47,110年=100
營業額指數,483,資通訊及家電設備零售業,10011,114.41,110年=100
營業額指數,483,資通訊及家電設備零售業,10012,123.37,110年=100
營業額指數,483,資通訊及家電設備零售業,10101,130.33,110年=100
營業額指數,483,資通訊及家電設備零售業,10102,111.96,110年=100
營業額指數,483,資通訊及家電設備零售業,10103,110.49,110年=100
營業額指數,483,資通訊及家電設備零售業,10104,113.15,110年=100
營業額指數,483,資通訊及家電設備零售業,10105,111.03,110年=100
營業額指數,483,資通訊及家電設備零售業,10106,116.73,110年=100
營業額指數,483,資通訊及家電設備零售業,10107,126.26,110年=100
營業額指數,483,資通訊及家電設備零售業,10108,111.27,110年=100
營業額指數,483,資通訊及家電設備零售業,10109,110.01,110年=100
營業額指數,483,資通訊及家電設備零售業,10110,105.14,110年=100
營業額指數,483,資通訊及家電設備零售業,10111,106.71,110年=100
營業額指數,483,資通訊及家電設備零售業,10112,122.57,110年=100
營業額指數,483,資通訊及家電設備零售業,10201,120.86,110年=100
營業額指數,483,資通訊及家電設備零售業,10202,109.94,110年=100
營業額指數,483,資通訊及家電設備零售業,10203,97.16,110年=100
營業額指數,483,資通訊及家電設備零售業,10204,106.88,110年=100
營業額指數,483,資通訊及家電設備零售業,10205,111.88,110年=100
營業額指數,483,資通訊及家電設備零售業,10206,111.73,110年=100
營業額指數,483,資通訊及家電設備零售業,10207,115.14,110年=100
營業額指數,483,資通訊及家電設備零售業,10208,113.62,110年=100
營業額指數,483,資通訊及家電設備零售業,10209,94.83,110年=100
營業額指數,483,資通訊及家電設備零售業,10210,99.80,110年=100
營業額指數,483,資通訊及家電設備零售業,10211,100.22,110年=100
營業額指數,483,資通訊及家電設備零售業,10212,117.30,110年=100
營業額指數,483,資通訊及家電設備零售業,10301,119.40,110年=100
營業額指數,483,資通訊及家電設備零售業,10302,104.27,110年=100
營業額指數,483,資通訊及家電設備零售業,10303,89.96,110年=100
營業額指數,483,資通訊及家電設備零售業,10304,98.35,110年=100
營業額指數,483,資通訊及家電設備零售業,10305,101.05,110年=100
營業額指數,483,資通訊及家電設備零售業,10306,100.71,110年=100
營業額指數,483,資通訊及家電設備零售業,10307,110.93,110年=100
營業額指數,483,資通訊及家電設備零售業,10308,105.52,110年=100
營業額指數,483,資通訊及家電設備零售業,10309,99.28,110年=100
營業額指數,483,資通訊及家電設備零售業,10310,104.83,110年=100
營業額指數,483,資通訊及家電設備零售業,10311,99.17,110年=100
營業額指數,483,資通訊及家電設備零售業,10312,111.30,110年=100
營業額指數,483,資通訊及家電設備零售業,10401,112.04,110年=100
營業額指數,483,資通訊及家電設備零售業,10402,114.07,110年=100
營業額指數,483,資通訊及家電設備零售業,10403,93.71,110年=100
營業額指數,483,資通訊及家電設備零售業,10404,99.75,110年=100
營業額指數,483,資通訊及家電設備零售業,10405,101.52,110年=100
營業額指數,483,資通訊及家電設備零售業,10406,102.80,110年=100
營業額指數,483,資通訊及家電設備零售業,10407,107.90,110年=100
營業額指數,483,資通訊及家電設備零售業,10408,96.32,110年=100
營業額指數,483,資通訊及家電設備零售業,10409,90.75,110年=100
營業額指數,483,資通訊及家電設備零售業,10410,101.63,110年=100
營業額指數,483,資通訊及家電設備零售業,10411,103.47,110年=100
營業額指數,483,資通訊及家電設備零售業,10412,107.73,110年=100
營業額指數,483,資通訊及家電設備零售業,10501,111.20,110年=100
營業額指數,483,資通訊及家電設備零售業,10502,105.74,110年=100
營業額指數,483,資通訊及家電設備零售業,10503,86.77,110年=100
營業額指數,483,資通訊及家電設備零售業,10504,89.37,110年=100
營業額指數,483,資通訊及家電設備零售業,10505,92.17,110年=100
營業額指數,483,資通訊及家電設備零售業,10506,92.82,110年=100
營業額指數,483,資通訊及家電設備零售業,10507,100.90,110年=100
營業額指數,483,資通訊及家電設備零售業,10508,94.07,110年=100
營業額指數,483,資通訊及家電設備零售業,10509,86.14,110年=100
營業額指數,483,資通訊及家電設備零售業,10510,93.77,110年=100
營業額指數,483,資通訊及家電設備零售業,10511,96.14,110年=100
營業額指數,483,資通訊及家電設備零售業,10512,99.82,110年=100
營業額指數,483,資通訊及家電設備零售業,10601,107.53,110年=100
營業額指數,483,資通訊及家電設備零售業,10602,85.65,110年=100
營業額指數,483,資通訊及家電設備零售業,10603,83.65,110年=100
營業額指數,483,資通訊及家電設備零售業,10604,90.37,110年=100
營業額指數,483,資通訊及家電設備零售業,10605,94.76,110年=100
營業額指數,483,資通訊及家電設備零售業,10606,97.65,110年=100
營業額指數,483,資通訊及家電設備零售業,10607,103.17,110年=100
營業額指數,483,資通訊及家電設備零售業,10608,98.10,110年=100
營業額指數,483,資通訊及家電設備零售業,10609,92.75,110年=100
營業額指數,483,資通訊及家電設備零售業,10610,91.25,110年=100
營業額指數,483,資通訊及家電設備零售業,10611,96.82,110年=100
營業額指數,483,資通訊及家電設備零售業,10612,98.08,110年=100
營業額指數,483,資通訊及家電設備零售業,10701,101.88,110年=100
營業額指數,483,資通訊及家電設備零售業,10702,101.64,110年=100
營業額指數,483,資通訊及家電設備零售業,10703,88.65,110年=100
營業額指數,483,資通訊及家電設備零售業,10704,86.46,110年=100
營業額指數,483,資通訊及家電設備零售業,10705,96.77,110年=100
營業額指數,483,資通訊及家電設備零售業,10706,85.68,110年=100
營業額指數,483,資通訊及家電設備零售業,10707,90.91,110年=100
營業額指數,483,資通訊及家電設備零售業,10708,85.70,110年=100
營業額指數,483,資通訊及家電設備零售業,10709,86.49,110年=100
營業額指數,483,資通訊及家電設備零售業,10710,87.31,110年=100
營業額指數,483,資通訊及家電設備零售業,10711,91.42,110年=100
營業額指數,483,資通訊及家電設備零售業,10712,89.21,110年=100
營業額指數,483,資通訊及家電設備零售業,10801,103.57,110年=100
營業額指數,483,資通訊及家電設備零售業,10802,81.29,110年=100
營業額指數,483,資通訊及家電設備零售業,10803,85.24,110年=100
營業額指數,483,資通訊及家電設備零售業,10804,88.35,110年=100
營業額指數,483,資通訊及家電設備零售業,10805,88.42,110年=100
營業額指數,483,資通訊及家電設備零售業,10806,84.54,110年=100
營業額指數,483,資通訊及家電設備零售業,10807,96.00,110年=100
營業額指數,483,資通訊及家電設備零售業,10808,88.44,110年=100
營業額指數,483,資通訊及家電設備零售業,10809,87.01,110年=100
營業額指數,483,資通訊及家電設備零售業,10810,88.96,110年=100
營業額指數,483,資通訊及家電設備零售業,10811,91.35,110年=100
營業額指數,483,資通訊及家電設備零售業,10812,82.46,110年=100
營業額指數,483,資通訊及家電設備零售業,10901,97.56,110年=100
營業額指數,483,資通訊及家電設備零售業,10902,83.57,110年=100
營業額指數,483,資通訊及家電設備零售業,10903,84.17,110年=100
營業額指數,483,資通訊及家電設備零售業,10904,85.01,110年=100
營業額指數,483,資通訊及家電設備零售業,10905,92.45,110年=100
營業額指數,483,資通訊及家電設備零售業,10906,88.05,110年=100
營業額指數,483,資通訊及家電設備零售業,10907,102.99,110年=100
營業額指數,483,資通訊及家電設備零售業,10908,97.92,110年=100
營業額指數,483,資通訊及家電設備零售業,10909,85.51,110年=100
營業額指數,483,資通訊及家電設備零售業,10910,85.68,110年=100
營業額指數,483,資通訊及家電設備零售業,10911,94.56,110年=100
營業額指數,483,資通訊及家電設備零售業,10912,95.73,110年=100
營業額指數,483,資通訊及家電設備零售業,11001,103.74,110年=100
營業額指數,483,資通訊及家電設備零售業,11002,89.30,110年=100
營業額指數,483,資通訊及家電設備零售業,11003,87.47,110年=100
營業額指數,483,資通訊及家電設備零售業,11004,94.84,110年=100
營業額指數,483,資通訊及家電設備零售業,11005,108.15,110年=100
營業額指數,483,資通訊及家電設備零售業,11006,100.32,110年=100
營業額指數,483,資通訊及家電設備零售業,11007,104.04,110年=100
營業額指數,483,資通訊及家電設備零售業,11008,93.71,110年=100
營業額指數,483,資通訊及家電設備零售業,11009,95.37,110年=100
營業額指數,483,資通訊及家電設備零售業,11010,116.49,110年=100
營業額指數,483,資通訊及家電設備零售業,11011,109.20,110年=100
營業額指數,483,資通訊及家電設備零售業,11012,97.37,110年=100
營業額指數,483,資通訊及家電設備零售業,11101,113.76,110年=100
營業額指數,483,資通訊及家電設備零售業,11102,91.11,110年=100
營業額指數,483,資通訊及家電設備零售業,11103,103.20,110年=100
營業額指數,483,資通訊及家電設備零售業,11104,102.67,110年=100
營業額指數,483,資通訊及家電設備零售業,11105,104.32,110年=100
營業額指數,483,資通訊及家電設備零售業,11106,97.63,110年=100
營業額指數,483,資通訊及家電設備零售業,11107,101.70,110年=100
營業額指數,483,資通訊及家電設備零售業,11108,97.39,110年=100
營業額指數,483,資通訊及家電設備零售業,11109,100.49,110年=100
營業額指數,483,資通訊及家電設備零售業,11110,108.46,110年=100
營業額指數,483,資通訊及家電設備零售業,11111,99.43,110年=100
營業額指數,483,資通訊及家電設備零售業,11112,99.51,110年=100
營業額指數,483,資通訊及家電設備零售業,11201,100.14,110年=100
營業額指數,483,資通訊及家電設備零售業,11202,83.95,110年=100
營業額指數,483,資通訊及家電設備零售業,11203,91.08,110年=100
營業額指數,483,資通訊及家電設備零售業,11204,90.06,110年=100
營業額指數,483,資通訊及家電設備零售業,11205,94.39,110年=100
營業額指數,483,資通訊及家電設備零售業,11206,90.91,110年=100
營業額指數,483,資通訊及家電設備零售業,11207,94.44,110年=100
營業額指數,483,資通訊及家電設備零售業,11208,91.01,110年=100
營業額指數,483,資通訊及家電設備零售業,11209,93.19,110年=100
營業額指數,483,資通訊及家電設備零售業,11210,103.39,110年=100
營業額指數,483,資通訊及家電設備零售業,11211,99.39,110年=100
營業額指數,483,資通訊及家電設備零售業,11212,91.89,110年=100
營業額指數,483,資通訊及家電設備零售業,11301,95.08,110年=100
營業額指數,483,資通訊及家電設備零售業,11302,91.60,110年=100
營業額指數,483,資通訊及家電設備零售業,11303,86.51,110年=100
營業額指數,483,資通訊及家電設備零售業,11304,94.28,110年=100
營業額指數,483,資通訊及家電設備零售業,11305,90.61,110年=100
營業額指數,483,資通訊及家電設備零售業,11306,87.60,110年=100
營業額指數,483,資通訊及家電設備零售業,11307,94.07,110年=100
營業額指數,483,資通訊及家電設備零售業,11308,91.46,110年=100
營業額指數,483,資通訊及家電設備零售業,11309,95.20,110年=100
營業額指數,483,資通訊及家電設備零售業,11310,103.44,110年=100
營業額指數,483,資通訊及家電設備零售業,11311,101.90,110年=100
營業額指數,483,資通訊及家電設備零售業,11312,94.62,110年=100
營業額指數,483,資通訊及家電設備零售業,11401,95.42,110年=100
營業額指數,483,資通訊及家電設備零售業,11402,85.97,110年=100
營業額指數,483,資通訊及家電設備零售業,11403,83.78,110年=100
營業額指數,483,資通訊及家電設備零售業,11404,87.54,110年=100
營業額指數,483,資通訊及家電設備零售業,11405,93.40,110年=100
營業額指數,483,資通訊及家電設備零售業,11406,89.17,110年=100
營業額指數,483,資通訊及家電設備零售業,11407,89.90,110年=100
營業額指數,483,資通訊及家電設備零售業,11408,89.19,110年=100
營業額指數,483,資通訊及家電設備零售業,11409,98.05,110年=100
營業額指數,483,資通訊及家電設備零售業,11410,108.74,110年=100
營業額指數,483,資通訊及家電設備零售業,11411,108.72,110年=100
營業額指數,483,資通訊及家電設備零售業,11412,98.76,110年=100
營業額指數,483,資通訊及家電設備零售業,11501,99.78,110年=100
營業額指數,483,資通訊及家電設備零售業,11502,91.09,110年=100
營業額指數,484,汽機車及其零配件、用品零售業,08801,81.95,110年=100
營業額指數,484,汽機車及其零配件、用品零售業,08802,85.36,110年=100
營業額指數,484,汽機車及其零配件、用品零售業,08803,88.97,110年=100
營業額指數,484,汽機車及其零配件、用品零售業,08804,85.18,110年=100
營業額指數,484,汽機車及其零配件、用品零售業,08805,83.02,110年=100
營業額指數,484,汽機車及其零配件、用品零售業,08806,88.28,110年=100
營業額指數,484,汽機車及其零配件、用品零售業,08807,91.00,110年=100
營業額指數,484,汽機車及其零配件、用品零售業,08808,85.71,110年=100
營業額指數,484,汽機車及其零配件、用品零售業,08809,86.60,110年=100
營業額指數,484,汽機車及其零配件、用品零售業,08810,82.46,110年=100
營業額指數,484,汽機車及其零配件、用品零售業,08811,82.37,110年=100
營業額指數,484,汽機車及其零配件、用品零售業,08812,82.74,110年=100
營業額指數,484,汽機車及其零配件、用品零售業,08901,84.38,110年=100
營業額指數,484,汽機車及其零配件、用品零售業,08902,84.01,110年=100
營業額指數,484,汽機車及其零配件、用品零售業,08903,89.92,110年=100
營業額指數,484,汽機車及其零配件、用品零售業,08904,82.76,110年=100
營業額指數,484,汽機車及其零配件、用品零售業,08905,83.52,110年=100
營業額指數,484,汽機車及其零配件、用品零售業,08906,87.26,110年=100
營業額指數,484,汽機車及其零配件、用品零售業,08907,87.57,110年=100
營業額指數,484,汽機車及其零配件、用品零售業,08908,84.01,110年=100
營業額指數,484,汽機車及其零配件、用品零售業,08909,85.71,110年=100
營業額指數,484,汽機車及其零配件、用品零售業,08910,81.76,110年=100
營業額指數,484,汽機車及其零配件、用品零售業,08911,76.53,110年=100
營業額指數,484,汽機車及其零配件、用品零售業,08912,75.27,110年=100
營業額指數,484,汽機車及其零配件、用品零售業,09001,80.58,110年=100
營業額指數,484,汽機車及其零配件、用品零售業,09002,75.27,110年=100
營業額指數,484,汽機車及其零配件、用品零售業,09003,77.76,110年=100
營業額指數,484,汽機車及其零配件、用品零售業,09004,74.56,110年=100
營業額指數,484,汽機車及其零配件、用品零售業,09005,73.24,110年=100
營業額指數,484,汽機車及其零配件、用品零售業,09006,72.72,110年=100
營業額指數,484,汽機車及其零配件、用品零售業,09007,78.15,110年=100
營業額指數,484,汽機車及其零配件、用品零售業,09008,72.32,110年=100
營業額指數,484,汽機車及其零配件、用品零售業,09009,65.67,110年=100
營業額指數,484,汽機車及其零配件、用品零售業,09010,74.02,110年=100
營業額指數,484,汽機車及其零配件、用品零售業,09011,69.06,110年=100
營業額指數,484,汽機車及其零配件、用品零售業,09012,68.06,110年=100
營業額指數,484,汽機車及其零配件、用品零售業,09101,73.82,110年=100
營業額指數,484,汽機車及其零配件、用品零售業,09102,58.96,110年=100
營業額指數,484,汽機車及其零配件、用品零售業,09103,73.07,110年=100
營業額指數,484,汽機車及其零配件、用品零售業,09104,72.42,110年=100
營業額指數,484,汽機車及其零配件、用品零售業,09105,73.50,110年=100
營業額指數,484,汽機車及其零配件、用品零售業,09106,69.81,110年=100
營業額指數,484,汽機車及其零配件、用品零售業,09107,77.14,110年=100
營業額指數,484,汽機車及其零配件、用品零售業,09108,61.48,110年=100
營業額指數,484,汽機車及其零配件、用品零售業,09109,76.65,110年=100
營業額指數,484,汽機車及其零配件、用品零售業,09110,72.62,110年=100
營業額指數,484,汽機車及其零配件、用品零售業,09111,73.39,110年=100
營業額指數,484,汽機車及其零配件、用品零售業,09112,80.64,110年=100
營業額指數,484,汽機車及其零配件、用品零售業,09201,80.89,110年=100
營業額指數,484,汽機車及其零配件、用品零售業,09202,59.46,110年=100
營業額指數,484,汽機車及其零配件、用品零售業,09203,78.17,110年=100
營業額指數,484,汽機車及其零配件、用品零售業,09204,71.83,110年=100
營業額指數,484,汽機車及其零配件、用品零售業,09205,65.35,110年=100
營業額指數,484,汽機車及其零配件、用品零售業,09206,75.18,110年=100
營業額指數,484,汽機車及其零配件、用品零售業,09207,82.58,110年=100
營業額指數,484,汽機車及其零配件、用品零售業,09208,62.57,110年=100
營業額指數,484,汽機車及其零配件、用品零售業,09209,76.93,110年=100
營業額指數,484,汽機車及其零配件、用品零售業,09210,81.52,110年=100
營業額指數,484,汽機車及其零配件、用品零售業,09211,80.92,110年=100
營業額指數,484,汽機車及其零配件、用品零售業,09212,77.58,110年=100
營業額指數,484,汽機車及其零配件、用品零售業,09301,99.08,110年=100
營業額指數,484,汽機車及其零配件、用品零售業,09302,69.48,110年=100
營業額指數,484,汽機車及其零配件、用品零售業,09303,86.95,110年=100
營業額指數,484,汽機車及其零配件、用品零售業,09304,85.37,110年=100
營業額指數,484,汽機車及其零配件、用品零售業,09305,85.86,110年=100
營業額指數,484,汽機車及其零配件、用品零售業,09306,89.72,110年=100
營業額指數,484,汽機車及其零配件、用品零售業,09307,83.04,110年=100
營業額指數,484,汽機車及其零配件、用品零售業,09308,65.56,110年=100
營業額指數,484,汽機車及其零配件、用品零售業,09309,59.64,110年=100
營業額指數,484,汽機車及其零配件、用品零售業,09310,66.22,110年=100
營業額指數,484,汽機車及其零配件、用品零售業,09311,72.07,110年=100
營業額指數,484,汽機車及其零配件、用品零售業,09312,67.60,110年=100
營業額指數,484,汽機車及其零配件、用品零售業,09401,101.10,110年=100
營業額指數,484,汽機車及其零配件、用品零售業,09402,66.30,110年=100
營業額指數,484,汽機車及其零配件、用品零售業,09403,87.14,110年=100
營業額指數,484,汽機車及其零配件、用品零售業,09404,84.85,110年=100
營業額指數,484,汽機車及其零配件、用品零售業,09405,90.48,110年=100
營業額指數,484,汽機車及其零配件、用品零售業,09406,94.56,110年=100
營業額指數,484,汽機車及其零配件、用品零售業,09407,94.88,110年=100
營業額指數,484,汽機車及其零配件、用品零售業,09408,66.59,110年=100
營業額指數,484,汽機車及其零配件、用品零售業,09409,78.03,110年=100
營業額指數,484,汽機車及其零配件、用品零售業,09410,69.62,110年=100
營業額指數,484,汽機車及其零配件、用品零售業,09411,75.00,110年=100
營業額指數,484,汽機車及其零配件、用品零售業,09412,79.49,110年=100
營業額指數,484,汽機車及其零配件、用品零售業,09501,101.93,110年=100
營業額指數,484,汽機車及其零配件、用品零售業,09502,68.09,110年=100
營業額指數,484,汽機車及其零配件、用品零售業,09503,84.31,110年=100
營業額指數,484,汽機車及其零配件、用品零售業,09504,75.00,110年=100
營業額指數,484,汽機車及其零配件、用品零售業,09505,82.43,110年=100
營業額指數,484,汽機車及其零配件、用品零售業,09506,81.87,110年=100
營業額指數,484,汽機車及其零配件、用品零售業,09507,82.61,110年=100
營業額指數,484,汽機車及其零配件、用品零售業,09508,48.46,110年=100
營業額指數,484,汽機車及其零配件、用品零售業,09509,64.36,110年=100
營業額指數,484,汽機車及其零配件、用品零售業,09510,61.86,110年=100
營業額指數,484,汽機車及其零配件、用品零售業,09511,68.19,110年=100
營業額指數,484,汽機車及其零配件、用品零售業,09512,76.89,110年=100
營業額指數,484,汽機車及其零配件、用品零售業,09601,96.00,110年=100
營業額指數,484,汽機車及其零配件、用品零售業,09602,63.71,110年=100
營業額指數,484,汽機車及其零配件、用品零售業,09603,78.38,110年=100
營業額指數,484,汽機車及其零配件、用品零售業,09604,71.53,110年=100
營業額指數,484,汽機車及其零配件、用品零售業,09605,74.52,110年=100
營業額指數,484,汽機車及其零配件、用品零售業,09606,77.41,110年=100
營業額指數,484,汽機車及其零配件、用品零售業,09607,87.84,110年=100
營業額指數,484,汽機車及其零配件、用品零售業,09608,58.85,110年=100
營業額指數,484,汽機車及其零配件、用品零售業,09609,57.10,110年=100
營業額指數,484,汽機車及其零配件、用品零售業,09610,59.77,110年=100
營業額指數,484,汽機車及其零配件、用品零售業,09611,57.84,110年=100
營業額指數,484,汽機車及其零配件、用品零售業,09612,70.57,110年=100
營業額指數,484,汽機車及其零配件、用品零售業,09701,87.67,110年=100
營業額指數,484,汽機車及其零配件、用品零售業,09702,47.59,110年=100
營業額指數,484,汽機車及其零配件、用品零售業,09703,61.18,110年=100
營業額指數,484,汽機車及其零配件、用品零售業,09704,55.67,110年=100
營業額指數,484,汽機車及其零配件、用品零售業,09705,60.84,110年=100
營業額指數,484,汽機車及其零配件、用品零售業,09706,53.65,110年=100
營業額指數,484,汽機車及其零配件、用品零售業,09707,59.55,110年=100
營業額指數,484,汽機車及其零配件、用品零售業,09708,36.79,110年=100
營業額指數,484,汽機車及其零配件、用品零售業,09709,43.51,110年=100
營業額指數,484,汽機車及其零配件、用品零售業,09710,48.94,110年=100
營業額指數,484,汽機車及其零配件、用品零售業,09711,42.30,110年=100
營業額指數,484,汽機車及其零配件、用品零售業,09712,50.93,110年=100
營業額指數,484,汽機車及其零配件、用品零售業,09801,64.14,110年=100
營業額指數,484,汽機車及其零配件、用品零售業,09802,47.60,110年=100
營業額指數,484,汽機車及其零配件、用品零售業,09803,57.78,110年=100
營業額指數,484,汽機車及其零配件、用品零售業,09804,55.99,110年=100
營業額指數,484,汽機車及其零配件、用品零售業,09805,54.30,110年=100
營業額指數,484,汽機車及其零配件、用品零售業,09806,65.34,110年=100
營業額指數,484,汽機車及其零配件、用品零售業,09807,72.89,110年=100
營業額指數,484,汽機車及其零配件、用品零售業,09808,58.22,110年=100
營業額指數,484,汽機車及其零配件、用品零售業,09809,52.01,110年=100
營業額指數,484,汽機車及其零配件、用品零售業,09810,59.44,110年=100
營業額指數,484,汽機車及其零配件、用品零售業,09811,69.40,110年=100
營業額指數,484,汽機車及其零配件、用品零售業,09812,89.64,110年=100
營業額指數,484,汽機車及其零配件、用品零售業,09901,67.09,110年=100
營業額指數,484,汽機車及其零配件、用品零售業,09902,52.29,110年=100
營業額指數,484,汽機車及其零配件、用品零售業,09903,66.86,110年=100
營業額指數,484,汽機車及其零配件、用品零售業,09904,71.67,110年=100
營業額指數,484,汽機車及其零配件、用品零售業,09905,70.28,110年=100
營業額指數,484,汽機車及其零配件、用品零售業,09906,76.38,110年=100
營業額指數,484,汽機車及其零配件、用品零售業,09907,85.74,110年=100
營業額指數,484,汽機車及其零配件、用品零售業,09908,64.14,110年=100
營業額指數,484,汽機車及其零配件、用品零售業,09909,68.20,110年=100
營業額指數,484,汽機車及其零配件、用品零售業,09910,70.12,110年=100
營業額指數,484,汽機車及其零配件、用品零售業,09911,72.60,110年=100
營業額指數,484,汽機車及其零配件、用品零售業,09912,74.06,110年=100
營業額指數,484,汽機車及其零配件、用品零售業,10001,118.50,110年=100
營業額指數,484,汽機車及其零配件、用品零售業,10002,53.82,110年=100
營業額指數,484,汽機車及其零配件、用品零售業,10003,91.18,110年=100
營業額指數,484,汽機車及其零配件、用品零售業,10004,75.66,110年=100
營業額指數,484,汽機車及其零配件、用品零售業,10005,68.38,110年=100
營業額指數,484,汽機車及其零配件、用品零售業,10006,81.56,110年=100
營業額指數,484,汽機車及其零配件、用品零售業,10007,88.93,110年=100
營業額指數,484,汽機車及其零配件、用品零售業,10008,63.87,110年=100
營業額指數,484,汽機車及其零配件、用品零售業,10009,74.53,110年=100
營業額指數,484,汽機車及其零配件、用品零售業,10010,74.08,110年=100
營業額指數,484,汽機車及其零配件、用品零售業,10011,75.55,110年=100
營業額指數,484,汽機車及其零配件、用品零售業,10012,80.68,110年=100
營業額指數,484,汽機車及其零配件、用品零售業,10101,86.79,110年=100
營業額指數,484,汽機車及其零配件、用品零售業,10102,64.45,110年=100
營業額指數,484,汽機車及其零配件、用品零售業,10103,85.52,110年=100
營業額指數,484,汽機車及其零配件、用品零售業,10104,75.11,110年=100
營業額指數,484,汽機車及其零配件、用品零售業,10105,82.38,110年=100
營業額指數,484,汽機車及其零配件、用品零售業,10106,80.37,110年=100
營業額指數,484,汽機車及其零配件、用品零售業,10107,89.73,110年=100
營業額指數,484,汽機車及其零配件、用品零售業,10108,66.85,110年=100
營業額指數,484,汽機車及其零配件、用品零售業,10109,61.54,110年=100
營業額指數,484,汽機車及其零配件、用品零售業,10110,68.11,110年=100
營業額指數,484,汽機車及其零配件、用品零售業,10111,74.66,110年=100
營業額指數,484,汽機車及其零配件、用品零售業,10112,83.01,110年=100
營業額指數,484,汽機車及其零配件、用品零售業,10201,92.45,110年=100
營業額指數,484,汽機車及其零配件、用品零售業,10202,58.07,110年=100
營業額指數,484,汽機車及其零配件、用品零售業,10203,76.42,110年=100
營業額指數,484,汽機車及其零配件、用品零售業,10204,77.10,110年=100
營業額指數,484,汽機車及其零配件、用品零售業,10205,79.31,110年=100
營業額指數,484,汽機車及其零配件、用品零售業,10206,81.24,110年=100
營業額指數,484,汽機車及其零配件、用品零售業,10207,89.62,110年=100
營業額指數,484,汽機車及其零配件、用品零售業,10208,62.86,110年=100
營業額指數,484,汽機車及其零配件、用品零售業,10209,70.87,110年=100
營業額指數,484,汽機車及其零配件、用品零售業,10210,77.69,110年=100
營業額指數,484,汽機車及其零配件、用品零售業,10211,83.77,110年=100
營業額指數,484,汽機車及其零配件、用品零售業,10212,92.15,110年=100
營業額指數,484,汽機車及其零配件、用品零售業,10301,93.09,110年=100
營業額指數,484,汽機車及其零配件、用品零售業,10302,59.87,110年=100
營業額指數,484,汽機車及其零配件、用品零售業,10303,82.82,110年=100
營業額指數,484,汽機車及其零配件、用品零售業,10304,83.91,110年=100
營業額指數,484,汽機車及其零配件、用品零售業,10305,84.71,110年=100
營業額指數,484,汽機車及其零配件、用品零售業,10306,93.72,110年=100
營業額指數,484,汽機車及其零配件、用品零售業,10307,95.71,110年=100
營業額指數,484,汽機車及其零配件、用品零售業,10308,64.85,110年=100
營業額指數,484,汽機車及其零配件、用品零售業,10309,84.06,110年=100
營業額指數,484,汽機車及其零配件、用品零售業,10310,83.47,110年=100
營業額指數,484,汽機車及其零配件、用品零售業,10311,84.18,110年=100
營業額指數,484,汽機車及其零配件、用品零售業,10312,93.48,110年=100
營業額指數,484,汽機車及其零配件、用品零售業,10401,104.69,110年=100
營業額指數,484,汽機車及其零配件、用品零售業,10402,67.45,110年=100
營業額指數,484,汽機車及其零配件、用品零售業,10403,90.93,110年=100
營業額指數,484,汽機車及其零配件、用品零售業,10404,86.15,110年=100
營業額指數,484,汽機車及其零配件、用品零售業,10405,86.54,110年=100
營業額指數,484,汽機車及其零配件、用品零售業,10406,98.61,110年=100
營業額指數,484,汽機車及其零配件、用品零售業,10407,100.57,110年=100
營業額指數,484,汽機車及其零配件、用品零售業,10408,66.91,110年=100
營業額指數,484,汽機車及其零配件、用品零售業,10409,70.63,110年=100
營業額指數,484,汽機車及其零配件、用品零售業,10410,83.50,110年=100
營業額指數,484,汽機車及其零配件、用品零售業,10411,84.27,110年=100
營業額指數,484,汽機車及其零配件、用品零售業,10412,96.36,110年=100
營業額指數,484,汽機車及其零配件、用品零售業,10501,106.56,110年=100
營業額指數,484,汽機車及其零配件、用品零售業,10502,58.82,110年=100
營業額指數,484,汽機車及其零配件、用品零售業,10503,92.35,110年=100
營業額指數,484,汽機車及其零配件、用品零售業,10504,88.88,110年=100
營業額指數,484,汽機車及其零配件、用品零售業,10505,89.73,110年=100
營業額指數,484,汽機車及其零配件、用品零售業,10506,100.92,110年=100
營業額指數,484,汽機車及其零配件、用品零售業,10507,102.19,110年=100
營業額指數,484,汽機車及其零配件、用品零售業,10508,68.15,110年=100
營業額指數,484,汽機車及其零配件、用品零售業,10509,82.36,110年=100
營業額指數,484,汽機車及其零配件、用品零售業,10510,86.31,110年=100
營業額指數,484,汽機車及其零配件、用品零售業,10511,94.43,110年=100
營業額指數,484,汽機車及其零配件、用品零售業,10512,97.54,110年=100
營業額指數,484,汽機車及其零配件、用品零售業,10601,113.90,110年=100
營業額指數,484,汽機車及其零配件、用品零售業,10602,67.41,110年=100
營業額指數,484,汽機車及其零配件、用品零售業,10603,96.03,110年=100
營業額指數,484,汽機車及其零配件、用品零售業,10604,89.65,110年=100
營業額指數,484,汽機車及其零配件、用品零售業,10605,91.23,110年=100
營業額指數,484,汽機車及其零配件、用品零售業,10606,97.00,110年=100
營業額指數,484,汽機車及其零配件、用品零售業,10607,103.55,110年=100
營業額指數,484,汽機車及其零配件、用品零售業,10608,88.38,110年=100
營業額指數,484,汽機車及其零配件、用品零售業,10609,79.97,110年=100
營業額指數,484,汽機車及其零配件、用品零售業,10610,87.35,110年=100
營業額指數,484,汽機車及其零配件、用品零售業,10611,95.01,110年=100
營業額指數,484,汽機車及其零配件、用品零售業,10612,100.47,110年=100
營業額指數,484,汽機車及其零配件、用品零售業,10701,121.69,110年=100
營業額指數,484,汽機車及其零配件、用品零售業,10702,68.47,110年=100
營業額指數,484,汽機車及其零配件、用品零售業,10703,98.68,110年=100
營業額指數,484,汽機車及其零配件、用品零售業,10704,87.09,110年=100
營業額指數,484,汽機車及其零配件、用品零售業,10705,90.98,110年=100
營業額指數,484,汽機車及其零配件、用品零售業,10706,90.07,110年=100
營業額指數,484,汽機車及其零配件、用品零售業,10707,98.47,110年=100
營業額指數,484,汽機車及其零配件、用品零售業,10708,69.15,110年=100
營業額指數,484,汽機車及其零配件、用品零售業,10709,75.65,110年=100
營業額指數,484,汽機車及其零配件、用品零售業,10710,86.63,110年=100
營業額指數,484,汽機車及其零配件、用品零售業,10711,91.66,110年=100
營業額指數,484,汽機車及其零配件、用品零售業,10712,104.72,110年=100
營業額指數,484,汽機車及其零配件、用品零售業,10801,115.19,110年=100
營業額指數,484,汽機車及其零配件、用品零售業,10802,54.17,110年=100
營業額指數,484,汽機車及其零配件、用品零售業,10803,89.28,110年=100
營業額指數,484,汽機車及其零配件、用品零售業,10804,93.41,110年=100
營業額指數,484,汽機車及其零配件、用品零售業,10805,96.94,110年=100
營業額指數,484,汽機車及其零配件、用品零售業,10806,98.56,110年=100
營業額指數,484,汽機車及其零配件、用品零售業,10807,118.06,110年=100
營業額指數,484,汽機車及其零配件、用品零售業,10808,71.93,110年=100
營業額指數,484,汽機車及其零配件、用品零售業,10809,93.67,110年=100
營業額指數,484,汽機車及其零配件、用品零售業,10810,102.74,110年=100
營業額指數,484,汽機車及其零配件、用品零售業,10811,103.81,110年=100
營業額指數,484,汽機車及其零配件、用品零售業,10812,116.75,110年=100
營業額指數,484,汽機車及其零配件、用品零售業,10901,101.63,110年=100
營業額指數,484,汽機車及其零配件、用品零售業,10902,76.48,110年=100
營業額指數,484,汽機車及其零配件、用品零售業,10903,96.81,110年=100
營業額指數,484,汽機車及其零配件、用品零售業,10904,91.94,110年=100
營業額指數,484,汽機車及其零配件、用品零售業,10905,94.25,110年=100
營業額指數,484,汽機車及其零配件、用品零售業,10906,106.60,110年=100
營業額指數,484,汽機車及其零配件、用品零售業,10907,118.43,110年=100
營業額指數,484,汽機車及其零配件、用品零售業,10908,97.66,110年=100
營業額指數,484,汽機車及其零配件、用品零售業,10909,99.61,110年=100
營業額指數,484,汽機車及其零配件、用品零售業,10910,104.84,110年=100
營業額指數,484,汽機車及其零配件、用品零售業,10911,117.88,110年=100
營業額指數,484,汽機車及其零配件、用品零售業,10912,111.08,110年=100
營業額指數,484,汽機車及其零配件、用品零售業,11001,131.28,110年=100
營業額指數,484,汽機車及其零配件、用品零售業,11002,76.98,110年=100
營業額指數,484,汽機車及其零配件、用品零售業,11003,117.88,110年=100
營業額指數,484,汽機車及其零配件、用品零售業,11004,101.55,110年=100
營業額指數,484,汽機車及其零配件、用品零售業,11005,97.99,110年=100
營業額指數,484,汽機車及其零配件、用品零售業,11006,81.10,110年=100
營業額指數,484,汽機車及其零配件、用品零售業,11007,104.04,110年=100
營業額指數,484,汽機車及其零配件、用品零售業,11008,90.89,110年=100
營業額指數,484,汽機車及其零配件、用品零售業,11009,103.99,110年=100
營業額指數,484,汽機車及其零配件、用品零售業,11010,93.74,110年=100
營業額指數,484,汽機車及其零配件、用品零售業,11011,101.11,110年=100
營業額指數,484,汽機車及其零配件、用品零售業,11012,99.46,110年=100
營業額指數,484,汽機車及其零配件、用品零售業,11101,117.80,110年=100
營業額指數,484,汽機車及其零配件、用品零售業,11102,79.84,110年=100
營業額指數,484,汽機車及其零配件、用品零售業,11103,105.57,110年=100
營業額指數,484,汽機車及其零配件、用品零售業,11104,103.66,110年=100
營業額指數,484,汽機車及其零配件、用品零售業,11105,91.27,110年=100
營業額指數,484,汽機車及其零配件、用品零售業,11106,90.00,110年=100
營業額指數,484,汽機車及其零配件、用品零售業,11107,105.34,110年=100
營業額指數,484,汽機車及其零配件、用品零售業,11108,100.71,110年=100
營業額指數,484,汽機車及其零配件、用品零售業,11109,104.60,110年=100
營業額指數,484,汽機車及其零配件、用品零售業,11110,102.58,110年=100
營業額指數,484,汽機車及其零配件、用品零售業,11111,106.53,110年=100
營業額指數,484,汽機車及其零配件、用品零售業,11112,114.56,110年=100
營業額指數,484,汽機車及其零配件、用品零售業,11201,101.31,110年=100
營業額指數,484,汽機車及其零配件、用品零售業,11202,100.71,110年=100
營業額指數,484,汽機車及其零配件、用品零售業,11203,135.16,110年=100
營業額指數,484,汽機車及其零配件、用品零售業,11204,115.34,110年=100
營業額指數,484,汽機車及其零配件、用品零售業,11205,127.00,110年=100
營業額指數,484,汽機車及其零配件、用品零售業,11206,132.08,110年=100
營業額指數,484,汽機車及其零配件、用品零售業,11207,122.87,110年=100
營業額指數,484,汽機車及其零配件、用品零售業,11208,105.44,110年=100
營業額指數,484,汽機車及其零配件、用品零售業,11209,108.51,110年=100
營業額指數,484,汽機車及其零配件、用品零售業,11210,114.00,110年=100
營業額指數,484,汽機車及其零配件、用品零售業,11211,122.88,110年=100
營業額指數,484,汽機車及其零配件、用品零售業,11212,120.74,110年=100
營業額指數,484,汽機車及其零配件、用品零售業,11301,134.46,110年=100
營業額指數,484,汽機車及其零配件、用品零售業,11302,80.50,110年=100
營業額指數,484,汽機車及其零配件、用品零售業,11303,129.28,110年=100
營業額指數,484,汽機車及其零配件、用品零售業,11304,116.02,110年=100
營業額指數,484,汽機車及其零配件、用品零售業,11305,132.90,110年=100
營業額指數,484,汽機車及其零配件、用品零售業,11306,134.80,110年=100
營業額指數,484,汽機車及其零配件、用品零售業,11307,136.82,110年=100
營業額指數,484,汽機車及其零配件、用品零售業,11308,97.91,110年=100
營業額指數,484,汽機車及其零配件、用品零售業,11309,117.56,110年=100
營業額指數,484,汽機車及其零配件、用品零售業,11310,103.75,110年=100
營業額指數,484,汽機車及其零配件、用品零售業,11311,115.67,110年=100
營業額指數,484,汽機車及其零配件、用品零售業,11312,116.19,110年=100
營業額指數,484,汽機車及其零配件、用品零售業,11401,119.75,110年=100
營業額指數,484,汽機車及其零配件、用品零售業,11402,94.88,110年=100
營業額指數,484,汽機車及其零配件、用品零售業,11403,120.46,110年=100
營業額指數,484,汽機車及其零配件、用品零售業,11404,107.84,110年=100
營業額指數,484,汽機車及其零配件、用品零售業,11405,107.98,110年=100
營業額指數,484,汽機車及其零配件、用品零售業,11406,110.58,110年=100
營業額指數,484,汽機車及其零配件、用品零售業,11407,108.36,110年=100
營業額指數,484,汽機車及其零配件、用品零售業,11408,92.61,110年=100
營業額指數,484,汽機車及其零配件、用品零售業,11409,99.47,110年=100
營業額指數,484,汽機車及其零配件、用品零售業,11410,97.98,110年=100
營業額指數,484,汽機車及其零配件、用品零售業,11411,107.46,110年=100
營業額指數,484,汽機車及其零配件、用品零售業,11412,127.65,110年=100
營業額指數,484,汽機車及其零配件、用品零售業,11501,111.21,110年=100
營業額指數,484,汽機車及其零配件、用品零售業,11502,70.81,110年=100
營業額指數,485,其他專賣零售業,08801,130.66,110年=100
營業額指數,485,其他專賣零售業,08802,128.03,110年=100
營業額指數,485,其他專賣零售業,08803,131.55,110年=100
營業額指數,485,其他專賣零售業,08804,129.74,110年=100
營業額指數,485,其他專賣零售業,08805,127.92,110年=100
營業額指數,485,其他專賣零售業,08806,125.20,110年=100
營業額指數,485,其他專賣零售業,08807,126.80,110年=100
營業額指數,485,其他專賣零售業,08808,122.30,110年=100
營業額指數,485,其他專賣零售業,08809,120.05,110年=100
營業額指數,485,其他專賣零售業,08810,120.62,110年=100
營業額指數,485,其他專賣零售業,08811,123.90,110年=100
營業額指數,485,其他專賣零售業,08812,127.87,110年=100
營業額指數,485,其他專賣零售業,08901,128.66,110年=100
營業額指數,485,其他專賣零售業,08902,124.09,110年=100
營業額指數,485,其他專賣零售業,08903,129.53,110年=100
營業額指數,485,其他專賣零售業,08904,132.56,110年=100
營業額指數,485,其他專賣零售業,08905,134.06,110年=100
營業額指數,485,其他專賣零售業,08906,136.64,110年=100
營業額指數,485,其他專賣零售業,08907,135.02,110年=100
營業額指數,485,其他專賣零售業,08908,136.00,110年=100
營業額指數,485,其他專賣零售業,08909,131.69,110年=100
營業額指數,485,其他專賣零售業,08910,133.24,110年=100
營業額指數,485,其他專賣零售業,08911,126.68,110年=100
營業額指數,485,其他專賣零售業,08912,126.34,110年=100
營業額指數,485,其他專賣零售業,09001,124.85,110年=100
營業額指數,485,其他專賣零售業,09002,128.91,110年=100
營業額指數,485,其他專賣零售業,09003,124.63,110年=100
營業額指數,485,其他專賣零售業,09004,121.44,110年=100
營業額指數,485,其他專賣零售業,09005,123.55,110年=100
營業額指數,485,其他專賣零售業,09006,119.10,110年=100
營業額指數,485,其他專賣零售業,09007,121.20,110年=100
營業額指數,485,其他專賣零售業,09008,126.39,110年=100
營業額指數,485,其他專賣零售業,09009,113.70,110年=100
營業額指數,485,其他專賣零售業,09010,116.49,110年=100
營業額指數,485,其他專賣零售業,09011,115.44,110年=100
營業額指數,485,其他專賣零售業,09012,122.87,110年=100
營業額指數,485,其他專賣零售業,09101,121.12,110年=100
營業額指數,485,其他專賣零售業,09102,115.25,110年=100
營業額指數,485,其他專賣零售業,09103,124.25,110年=100
營業額指數,485,其他專賣零售業,09104,123.51,110年=100
營業額指數,485,其他專賣零售業,09105,130.64,110年=100
營業額指數,485,其他專賣零售業,09106,122.99,110年=100
營業額指數,485,其他專賣零售業,09107,128.14,110年=100
營業額指數,485,其他專賣零售業,09108,133.80,110年=100
營業額指數,485,其他專賣零售業,09109,128.43,110年=100
營業額指數,485,其他專賣零售業,09110,130.88,110年=100
營業額指數,485,其他專賣零售業,09111,127.22,110年=100
營業額指數,485,其他專賣零售業,09112,131.82,110年=100
營業額指數,485,其他專賣零售業,09201,135.15,110年=100
營業額指數,485,其他專賣零售業,09202,121.52,110年=100
營業額指數,485,其他專賣零售業,09203,134.39,110年=100
營業額指數,485,其他專賣零售業,09204,124.49,110年=100
營業額指數,485,其他專賣零售業,09205,123.09,110年=100
營業額指數,485,其他專賣零售業,09206,131.31,110年=100
營業額指數,485,其他專賣零售業,09207,129.52,110年=100
營業額指數,485,其他專賣零售業,09208,130.07,110年=100
營業額指數,485,其他專賣零售業,09209,131.23,110年=100
營業額指數,485,其他專賣零售業,09210,131.42,110年=100
營業額指數,485,其他專賣零售業,09211,128.28,110年=100
營業額指數,485,其他專賣零售業,09212,135.39,110年=100
營業額指數,485,其他專賣零售業,09301,129.14,110年=100
營業額指數,485,其他專賣零售業,09302,129.91,110年=100
營業額指數,485,其他專賣零售業,09303,130.47,110年=100
營業額指數,485,其他專賣零售業,09304,133.02,110年=100
營業額指數,485,其他專賣零售業,09305,129.79,110年=100
營業額指數,485,其他專賣零售業,09306,125.64,110年=100
營業額指數,485,其他專賣零售業,09307,126.13,110年=100
營業額指數,485,其他專賣零售業,09308,132.10,110年=100
營業額指數,485,其他專賣零售業,09309,125.40,110年=100
營業額指數,485,其他專賣零售業,09310,129.94,110年=100
營業額指數,485,其他專賣零售業,09311,135.34,110年=100
營業額指數,485,其他專賣零售業,09312,137.48,110年=100
營業額指數,485,其他專賣零售業,09401,130.19,110年=100
營業額指數,485,其他專賣零售業,09402,127.66,110年=100
營業額指數,485,其他專賣零售業,09403,135.24,110年=100
營業額指數,485,其他專賣零售業,09404,133.59,110年=100
營業額指數,485,其他專賣零售業,09405,130.55,110年=100
營業額指數,485,其他專賣零售業,09406,125.35,110年=100
營業額指數,485,其他專賣零售業,09407,121.33,110年=100
營業額指數,485,其他專賣零售業,09408,124.11,110年=100
營業額指數,485,其他專賣零售業,09409,129.28,110年=100
營業額指數,485,其他專賣零售業,09410,130.45,110年=100
營業額指數,485,其他專賣零售業,09411,140.68,110年=100
營業額指數,485,其他專賣零售業,09412,155.84,110年=100
營業額指數,485,其他專賣零售業,09501,138.46,110年=100
營業額指數,485,其他專賣零售業,09502,123.98,110年=100
營業額指數,485,其他專賣零售業,09503,145.42,110年=100
營業額指數,485,其他專賣零售業,09504,141.56,110年=100
營業額指數,485,其他專賣零售業,09505,135.23,110年=100
營業額指數,485,其他專賣零售業,09506,131.83,110年=100
營業額指數,485,其他專賣零售業,09507,136.23,110年=100
營業額指數,485,其他專賣零售業,09508,142.32,110年=100
營業額指數,485,其他專賣零售業,09509,133.02,110年=100
營業額指數,485,其他專賣零售業,09510,131.91,110年=100
營業額指數,485,其他專賣零售業,09511,140.27,110年=100
營業額指數,485,其他專賣零售業,09512,143.61,110年=100
營業額指數,485,其他專賣零售業,09601,134.18,110年=100
營業額指數,485,其他專賣零售業,09602,128.43,110年=100
營業額指數,485,其他專賣零售業,09603,137.89,110年=100
營業額指數,485,其他專賣零售業,09604,146.09,110年=100
營業額指數,485,其他專賣零售業,09605,145.50,110年=100
營業額指數,485,其他專賣零售業,09606,137.84,110年=100
營業額指數,485,其他專賣零售業,09607,135.38,110年=100
營業額指數,485,其他專賣零售業,09608,129.95,110年=100
營業額指數,485,其他專賣零售業,09609,129.76,110年=100
營業額指數,485,其他專賣零售業,09610,127.45,110年=100
營業額指數,485,其他專賣零售業,09611,128.95,110年=100
營業額指數,485,其他專賣零售業,09612,141.76,110年=100
營業額指數,485,其他專賣零售業,09701,140.13,110年=100
營業額指數,485,其他專賣零售業,09702,120.10,110年=100
營業額指數,485,其他專賣零售業,09703,143.62,110年=100
營業額指數,485,其他專賣零售業,09704,143.32,110年=100
營業額指數,485,其他專賣零售業,09705,150.17,110年=100
營業額指數,485,其他專賣零售業,09706,143.10,110年=100
營業額指數,485,其他專賣零售業,09707,135.42,110年=100
營業額指數,485,其他專賣零售業,09708,126.24,110年=100
營業額指數,485,其他專賣零售業,09709,119.40,110年=100
營業額指數,485,其他專賣零售業,09710,125.77,110年=100
營業額指數,485,其他專賣零售業,09711,120.16,110年=100
營業額指數,485,其他專賣零售業,09712,132.18,110年=100
營業額指數,485,其他專賣零售業,09801,131.22,110年=100
營業額指數,485,其他專賣零售業,09802,127.08,110年=100
營業額指數,485,其他專賣零售業,09803,134.39,110年=100
營業額指數,485,其他專賣零售業,09804,134.46,110年=100
營業額指數,485,其他專賣零售業,09805,140.36,110年=100
營業額指數,485,其他專賣零售業,09806,142.41,110年=100
營業額指數,485,其他專賣零售業,09807,133.46,110年=100
營業額指數,485,其他專賣零售業,09808,124.77,110年=100
營業額指數,485,其他專賣零售業,09809,123.75,110年=100
營業額指數,485,其他專賣零售業,09810,122.44,110年=100
營業額指數,485,其他專賣零售業,09811,124.59,110年=100
營業額指數,485,其他專賣零售業,09812,133.83,110年=100
營業額指數,485,其他專賣零售業,09901,117.46,110年=100
營業額指數,485,其他專賣零售業,09902,128.07,110年=100
營業額指數,485,其他專賣零售業,09903,126.96,110年=100
營業額指數,485,其他專賣零售業,09904,133.07,110年=100
營業額指數,485,其他專賣零售業,09905,147.79,110年=100
營業額指數,485,其他專賣零售業,09906,146.21,110年=100
營業額指數,485,其他專賣零售業,09907,140.62,110年=100
營業額指數,485,其他專賣零售業,09908,133.70,110年=100
營業額指數,485,其他專賣零售業,09909,129.62,110年=100
營業額指數,485,其他專賣零售業,09910,129.38,110年=100
營業額指數,485,其他專賣零售業,09911,129.74,110年=100
營業額指數,485,其他專賣零售業,09912,140.01,110年=100
營業額指數,485,其他專賣零售業,10001,132.32,110年=100
營業額指數,485,其他專賣零售業,10002,126.13,110年=100
營業額指數,485,其他專賣零售業,10003,132.75,110年=100
營業額指數,485,其他專賣零售業,10004,141.83,110年=100
營業額指數,485,其他專賣零售業,10005,152.38,110年=100
營業額指數,485,其他專賣零售業,10006,145.89,110年=100
營業額指數,485,其他專賣零售業,10007,143.74,110年=100
營業額指數,485,其他專賣零售業,10008,139.82,110年=100
營業額指數,485,其他專賣零售業,10009,135.68,110年=100
營業額指數,485,其他專賣零售業,10010,135.96,110年=100
營業額指數,485,其他專賣零售業,10011,126.80,110年=100
營業額指數,485,其他專賣零售業,10012,133.87,110年=100
營業額指數,485,其他專賣零售業,10101,124.79,110年=100
營業額指數,485,其他專賣零售業,10102,123.92,110年=100
營業額指數,485,其他專賣零售業,10103,132.93,110年=100
營業額指數,485,其他專賣零售業,10104,142.63,110年=100
營業額指數,485,其他專賣零售業,10105,145.53,110年=100
營業額指數,485,其他專賣零售業,10106,146.48,110年=100
營業額指數,485,其他專賣零售業,10107,143.34,110年=100
營業額指數,485,其他專賣零售業,10108,133.78,110年=100
營業額指數,485,其他專賣零售業,10109,131.63,110年=100
營業額指數,485,其他專賣零售業,10110,138.15,110年=100
營業額指數,485,其他專賣零售業,10111,130.98,110年=100
營業額指數,485,其他專賣零售業,10112,133.66,110年=100
營業額指數,485,其他專賣零售業,10201,127.83,110年=100
營業額指數,485,其他專賣零售業,10202,119.08,110年=100
營業額指數,485,其他專賣零售業,10203,139.09,110年=100
營業額指數,485,其他專賣零售業,10204,127.37,110年=100
營業額指數,485,其他專賣零售業,10205,131.33,110年=100
營業額指數,485,其他專賣零售業,10206,121.31,110年=100
營業額指數,485,其他專賣零售業,10207,122.73,110年=100
營業額指數,485,其他專賣零售業,10208,120.07,110年=100
營業額指數,485,其他專賣零售業,10209,122.87,110年=100
營業額指數,485,其他專賣零售業,10210,115.25,110年=100
營業額指數,485,其他專賣零售業,10211,125.88,110年=100
營業額指數,485,其他專賣零售業,10212,135.76,110年=100
營業額指數,485,其他專賣零售業,10301,141.37,110年=100
營業額指數,485,其他專賣零售業,10302,117.94,110年=100
營業額指數,485,其他專賣零售業,10303,123.57,110年=100
營業額指數,485,其他專賣零售業,10304,125.04,110年=100
營業額指數,485,其他專賣零售業,10305,128.98,110年=100
營業額指數,485,其他專賣零售業,10306,121.84,110年=100
營業額指數,485,其他專賣零售業,10307,121.92,110年=100
營業額指數,485,其他專賣零售業,10308,119.57,110年=100
營業額指數,485,其他專賣零售業,10309,115.33,110年=100
營業額指數,485,其他專賣零售業,10310,126.43,110年=100
營業額指數,485,其他專賣零售業,10311,128.53,110年=100
營業額指數,485,其他專賣零售業,10312,143.35,110年=100
營業額指數,485,其他專賣零售業,10401,143.46,110年=100
營業額指數,485,其他專賣零售業,10402,130.96,110年=100
營業額指數,485,其他專賣零售業,10403,130.33,110年=100
營業額指數,485,其他專賣零售業,10404,133.14,110年=100
營業額指數,485,其他專賣零售業,10405,142.28,110年=100
營業額指數,485,其他專賣零售業,10406,128.58,110年=100
營業額指數,485,其他專賣零售業,10407,123.97,110年=100
營業額指數,485,其他專賣零售業,10408,120.67,110年=100
營業額指數,485,其他專賣零售業,10409,119.50,110年=100
營業額指數,485,其他專賣零售業,10410,135.60,110年=100
營業額指數,485,其他專賣零售業,10411,138.83,110年=100
營業額指數,485,其他專賣零售業,10412,153.96,110年=100
營業額指數,485,其他專賣零售業,10501,143.08,110年=100
營業額指數,485,其他專賣零售業,10502,115.43,110年=100
營業額指數,485,其他專賣零售業,10503,133.38,110年=100
營業額指數,485,其他專賣零售業,10504,134.04,110年=100
營業額指數,485,其他專賣零售業,10505,125.13,110年=100
營業額指數,485,其他專賣零售業,10506,120.63,110年=100
營業額指數,485,其他專賣零售業,10507,123.44,110年=100
營業額指數,485,其他專賣零售業,10508,120.11,110年=100
營業額指數,485,其他專賣零售業,10509,110.01,110年=100
營業額指數,485,其他專賣零售業,10510,119.01,110年=100
營業額指數,485,其他專賣零售業,10511,126.64,110年=100
營業額指數,485,其他專賣零售業,10512,139.71,110年=100
營業額指數,485,其他專賣零售業,10601,125.05,110年=100
營業額指數,485,其他專賣零售業,10602,118.68,110年=100
營業額指數,485,其他專賣零售業,10603,117.03,110年=100
營業額指數,485,其他專賣零售業,10604,119.90,110年=100
營業額指數,485,其他專賣零售業,10605,113.51,110年=100
營業額指數,485,其他專賣零售業,10606,107.95,110年=100
營業額指數,485,其他專賣零售業,10607,109.54,110年=100
營業額指數,485,其他專賣零售業,10608,110.54,110年=100
營業額指數,485,其他專賣零售業,10609,104.65,110年=100
營業額指數,485,其他專賣零售業,10610,122.42,110年=100
營業額指數,485,其他專賣零售業,10611,142.04,110年=100
營業額指數,485,其他專賣零售業,10612,160.06,110年=100
營業額指數,485,其他專賣零售業,10701,131.68,110年=100
營業額指數,485,其他專賣零售業,10702,109.23,110年=100
營業額指數,485,其他專賣零售業,10703,131.35,110年=100
營業額指數,485,其他專賣零售業,10704,117.42,110年=100
營業額指數,485,其他專賣零售業,10705,115.82,110年=100
營業額指數,485,其他專賣零售業,10706,113.90,110年=100
營業額指數,485,其他專賣零售業,10707,105.56,110年=100
營業額指數,485,其他專賣零售業,10708,103.62,110年=100
營業額指數,485,其他專賣零售業,10709,100.79,110年=100
營業額指數,485,其他專賣零售業,10710,122.62,110年=100
營業額指數,485,其他專賣零售業,10711,120.04,110年=100
營業額指數,485,其他專賣零售業,10712,143.13,110年=100
營業額指數,485,其他專賣零售業,10801,128.47,110年=100
營業額指數,485,其他專賣零售業,10802,116.79,110年=100
營業額指數,485,其他專賣零售業,10803,139.33,110年=100
營業額指數,485,其他專賣零售業,10804,121.56,110年=100
營業額指數,485,其他專賣零售業,10805,117.86,110年=100
營業額指數,485,其他專賣零售業,10806,111.77,110年=100
營業額指數,485,其他專賣零售業,10807,103.41,110年=100
營業額指數,485,其他專賣零售業,10808,108.19,110年=100
營業額指數,485,其他專賣零售業,10809,92.47,110年=100
營業額指數,485,其他專賣零售業,10810,118.06,110年=100
營業額指數,485,其他專賣零售業,10811,119.43,110年=100
營業額指數,485,其他專賣零售業,10812,128.50,110年=100
營業額指數,485,其他專賣零售業,10901,121.09,110年=100
營業額指數,485,其他專賣零售業,10902,89.34,110年=100
營業額指數,485,其他專賣零售業,10903,97.86,110年=100
營業額指數,485,其他專賣零售業,10904,82.63,110年=100
營業額指數,485,其他專賣零售業,10905,84.05,110年=100
營業額指數,485,其他專賣零售業,10906,87.13,110年=100
營業額指數,485,其他專賣零售業,10907,87.80,110年=100
營業額指數,485,其他專賣零售業,10908,92.36,110年=100
營業額指數,485,其他專賣零售業,10909,86.46,110年=100
營業額指數,485,其他專賣零售業,10910,109.82,110年=100
營業額指數,485,其他專賣零售業,10911,103.31,110年=100
營業額指數,485,其他專賣零售業,10912,113.57,110年=100
營業額指數,485,其他專賣零售業,11001,122.08,110年=100
營業額指數,485,其他專賣零售業,11002,99.69,110年=100
營業額指數,485,其他專賣零售業,11003,109.50,110年=100
營業額指數,485,其他專賣零售業,11004,95.80,110年=100
營業額指數,485,其他專賣零售業,11005,88.43,110年=100
營業額指數,485,其他專賣零售業,11006,85.80,110年=100
營業額指數,485,其他專賣零售業,11007,83.76,110年=100
營業額指數,485,其他專賣零售業,11008,88.27,110年=100
營業額指數,485,其他專賣零售業,11009,88.49,110年=100
營業額指數,485,其他專賣零售業,11010,110.81,110年=100
營業額指數,485,其他專賣零售業,11011,110.13,110年=100
營業額指數,485,其他專賣零售業,11012,117.25,110年=100
營業額指數,485,其他專賣零售業,11101,128.98,110年=100
營業額指數,485,其他專賣零售業,11102,109.37,110年=100
營業額指數,485,其他專賣零售業,11103,113.04,110年=100
營業額指數,485,其他專賣零售業,11104,106.53,110年=100
營業額指數,485,其他專賣零售業,11105,102.72,110年=100
營業額指數,485,其他專賣零售業,11106,102.35,110年=100
營業額指數,485,其他專賣零售業,11107,114.98,110年=100
營業額指數,485,其他專賣零售業,11108,109.21,110年=100
營業額指數,485,其他專賣零售業,11109,106.18,110年=100
營業額指數,485,其他專賣零售業,11110,115.49,110年=100
營業額指數,485,其他專賣零售業,11111,117.14,110年=100
營業額指數,485,其他專賣零售業,11112,122.96,110年=100
營業額指數,485,其他專賣零售業,11201,142.76,110年=100
營業額指數,485,其他專賣零售業,11202,122.89,110年=100
營業額指數,485,其他專賣零售業,11203,126.60,110年=100
營業額指數,485,其他專賣零售業,11204,129.71,110年=100
營業額指數,485,其他專賣零售業,11205,122.61,110年=100
營業額指數,485,其他專賣零售業,11206,122.08,110年=100
營業額指數,485,其他專賣零售業,11207,123.99,110年=100
營業額指數,485,其他專賣零售業,11208,122.69,110年=100
營業額指數,485,其他專賣零售業,11209,115.33,110年=100
營業額指數,485,其他專賣零售業,11210,125.45,110年=100
營業額指數,485,其他專賣零售業,11211,122.61,110年=100
營業額指數,485,其他專賣零售業,11212,129.39,110年=100
營業額指數,485,其他專賣零售業,11301,134.19,110年=100
營業額指數,485,其他專賣零售業,11302,134.07,110年=100
營業額指數,485,其他專賣零售業,11303,132.68,110年=100
營業額指數,485,其他專賣零售業,11304,127.22,110年=100
營業額指數,485,其他專賣零售業,11305,137.09,110年=100
營業額指數,485,其他專賣零售業,11306,130.52,110年=100
營業額指數,485,其他專賣零售業,11307,128.83,110年=100
營業額指數,485,其他專賣零售業,11308,131.81,110年=100
營業額指數,485,其他專賣零售業,11309,128.41,110年=100
營業額指數,485,其他專賣零售業,11310,133.89,110年=100
營業額指數,485,其他專賣零售業,11311,137.25,110年=100
營業額指數,485,其他專賣零售業,11312,144.79,110年=100
營業額指數,485,其他專賣零售業,11401,152.81,110年=100
營業額指數,485,其他專賣零售業,11402,128.58,110年=100
營業額指數,485,其他專賣零售業,11403,137.29,110年=100
營業額指數,485,其他專賣零售業,11404,139.41,110年=100
營業額指數,485,其他專賣零售業,11405,140.46,110年=100
營業額指數,485,其他專賣零售業,11406,138.24,110年=100
營業額指數,485,其他專賣零售業,11407,137.14,110年=100
營業額指數,485,其他專賣零售業,11408,139.64,110年=100
營業額指數,485,其他專賣零售業,11409,132.78,110年=100
營業額指數,485,其他專賣零售業,11410,149.85,110年=100
營業額指數,485,其他專賣零售業,11411,156.96,110年=100
營業額指數,485,其他專賣零售業,11412,155.92,110年=100
營業額指數,485,其他專賣零售業,11501,163.47,110年=100
營業額指數,485,其他專賣零售業,11502,158.23,110年=100
營業額指數,487,其他非店面零售業,08801,17.38,110年=100
營業額指數,487,其他非店面零售業,08802,17.63,110年=100
營業額指數,487,其他非店面零售業,08803,18.22,110年=100
營業額指數,487,其他非店面零售業,08804,18.22,110年=100
營業額指數,487,其他非店面零售業,08805,18.24,110年=100
營業額指數,487,其他非店面零售業,08806,18.78,110年=100
營業額指數,487,其他非店面零售業,08807,19.68,110年=100
營業額指數,487,其他非店面零售業,08808,19.12,110年=100
營業額指數,487,其他非店面零售業,08809,19.35,110年=100
營業額指數,487,其他非店面零售業,08810,18.67,110年=100
營業額指數,487,其他非店面零售業,08811,18.81,110年=100
營業額指數,487,其他非店面零售業,08812,20.34,110年=100
營業額指數,487,其他非店面零售業,08901,20.79,110年=100
營業額指數,487,其他非店面零售業,08902,19.68,110年=100
營業額指數,487,其他非店面零售業,08903,21.28,110年=100
營業額指數,487,其他非店面零售業,08904,20.79,110年=100
營業額指數,487,其他非店面零售業,08905,21.57,110年=100
營業額指數,487,其他非店面零售業,08906,21.65,110年=100
營業額指數,487,其他非店面零售業,08907,22.83,110年=100
營業額指數,487,其他非店面零售業,08908,22.83,110年=100
營業額指數,487,其他非店面零售業,08909,22.76,110年=100
營業額指數,487,其他非店面零售業,08910,21.96,110年=100
營業額指數,487,其他非店面零售業,08911,21.28,110年=100
營業額指數,487,其他非店面零售業,08912,21.48,110年=100
營業額指數,487,其他非店面零售業,09001,19.91,110年=100
營業額指數,487,其他非店面零售業,09002,19.39,110年=100
營業額指數,487,其他非店面零售業,09003,21.06,110年=100
營業額指數,487,其他非店面零售業,09004,19.80,110年=100
營業額指數,487,其他非店面零售業,09005,19.26,110年=100
營業額指數,487,其他非店面零售業,09006,19.74,110年=100
營業額指數,487,其他非店面零售業,09007,19.91,110年=100
營業額指數,487,其他非店面零售業,09008,20.10,110年=100
營業額指數,487,其他非店面零售業,09009,18.90,110年=100
營業額指數,487,其他非店面零售業,09010,19.19,110年=100
營業額指數,487,其他非店面零售業,09011,19.60,110年=100
營業額指數,487,其他非店面零售業,09012,21.20,110年=100
營業額指數,487,其他非店面零售業,09101,19.68,110年=100
營業額指數,487,其他非店面零售業,09102,17.80,110年=100
營業額指數,487,其他非店面零售業,09103,21.26,110年=100
營業額指數,487,其他非店面零售業,09104,20.38,110年=100
營業額指數,487,其他非店面零售業,09105,20.30,110年=100
營業額指數,487,其他非店面零售業,09106,20.83,110年=100
營業額指數,487,其他非店面零售業,09107,21.21,110年=100
營業額指數,487,其他非店面零售業,09108,21.04,110年=100
營業額指數,487,其他非店面零售業,09109,22.09,110年=100
營業額指數,487,其他非店面零售業,09110,22.50,110年=100
營業額指數,487,其他非店面零售業,09111,22.06,110年=100
營業額指數,487,其他非店面零售業,09112,22.78,110年=100
營業額指數,487,其他非店面零售業,09201,21.78,110年=100
營業額指數,487,其他非店面零售業,09202,19.75,110年=100
營業額指數,487,其他非店面零售業,09203,22.61,110年=100
營業額指數,487,其他非店面零售業,09204,21.11,110年=100
營業額指數,487,其他非店面零售業,09205,22.21,110年=100
營業額指數,487,其他非店面零售業,09206,20.95,110年=100
營業額指數,487,其他非店面零售業,09207,22.00,110年=100
營業額指數,487,其他非店面零售業,09208,22.46,110年=100
營業額指數,487,其他非店面零售業,09209,23.27,110年=100
營業額指數,487,其他非店面零售業,09210,23.63,110年=100
營業額指數,487,其他非店面零售業,09211,22.34,110年=100
營業額指數,487,其他非店面零售業,09212,26.80,110年=100
營業額指數,487,其他非店面零售業,09301,24.24,110年=100
營業額指數,487,其他非店面零售業,09302,24.48,110年=100
營業額指數,487,其他非店面零售業,09303,23.91,110年=100
營業額指數,487,其他非店面零售業,09304,24.89,110年=100
營業額指數,487,其他非店面零售業,09305,23.16,110年=100
營業額指數,487,其他非店面零售業,09306,22.68,110年=100
營業額指數,487,其他非店面零售業,09307,21.64,110年=100
營業額指數,487,其他非店面零售業,09308,24.14,110年=100
營業額指數,487,其他非店面零售業,09309,23.84,110年=100
營業額指數,487,其他非店面零售業,09310,24.40,110年=100
營業額指數,487,其他非店面零售業,09311,26.02,110年=100
營業額指數,487,其他非店面零售業,09312,28.71,110年=100
營業額指數,487,其他非店面零售業,09401,30.69,110年=100
營業額指數,487,其他非店面零售業,09402,21.90,110年=100
營業額指數,487,其他非店面零售業,09403,28.39,110年=100
營業額指數,487,其他非店面零售業,09404,29.28,110年=100
營業額指數,487,其他非店面零售業,09405,27.51,110年=100
營業額指數,487,其他非店面零售業,09406,26.58,110年=100
營業額指數,487,其他非店面零售業,09407,25.08,110年=100
營業額指數,487,其他非店面零售業,09408,24.77,110年=100
營業額指數,487,其他非店面零售業,09409,25.58,110年=100
營業額指數,487,其他非店面零售業,09410,24.49,110年=100
營業額指數,487,其他非店面零售業,09411,27.12,110年=100
營業額指數,487,其他非店面零售業,09412,31.08,110年=100
營業額指數,487,其他非店面零售業,09501,25.67,110年=100
營業額指數,487,其他非店面零售業,09502,23.03,110年=100
營業額指數,487,其他非店面零售業,09503,25.73,110年=100
營業額指數,487,其他非店面零售業,09504,23.91,110年=100
營業額指數,487,其他非店面零售業,09505,24.83,110年=100
營業額指數,487,其他非店面零售業,09506,24.92,110年=100
營業額指數,487,其他非店面零售業,09507,23.59,110年=100
營業額指數,487,其他非店面零售業,09508,24.47,110年=100
營業額指數,487,其他非店面零售業,09509,25.99,110年=100
營業額指數,487,其他非店面零售業,09510,27.39,110年=100
營業額指數,487,其他非店面零售業,09511,29.09,110年=100
營業額指數,487,其他非店面零售業,09512,31.25,110年=100
營業額指數,487,其他非店面零售業,09601,28.41,110年=100
營業額指數,487,其他非店面零售業,09602,22.06,110年=100
營業額指數,487,其他非店面零售業,09603,28.10,110年=100
營業額指數,487,其他非店面零售業,09604,25.71,110年=100
營業額指數,487,其他非店面零售業,09605,27.37,110年=100
營業額指數,487,其他非店面零售業,09606,28.45,110年=100
營業額指數,487,其他非店面零售業,09607,28.43,110年=100
營業額指數,487,其他非店面零售業,09608,29.40,110年=100
營業額指數,487,其他非店面零售業,09609,27.47,110年=100
營業額指數,487,其他非店面零售業,09610,29.34,110年=100
營業額指數,487,其他非店面零售業,09611,29.26,110年=100
營業額指數,487,其他非店面零售業,09612,34.52,110年=100
營業額指數,487,其他非店面零售業,09701,33.15,110年=100
營業額指數,487,其他非店面零售業,09702,27.45,110年=100
營業額指數,487,其他非店面零售業,09703,34.71,110年=100
營業額指數,487,其他非店面零售業,09704,31.27,110年=100
營業額指數,487,其他非店面零售業,09705,33.03,110年=100
營業額指數,487,其他非店面零售業,09706,28.93,110年=100
營業額指數,487,其他非店面零售業,09707,29.55,110年=100
營業額指數,487,其他非店面零售業,09708,29.65,110年=100
營業額指數,487,其他非店面零售業,09709,28.41,110年=100
營業額指數,487,其他非店面零售業,09710,30.09,110年=100
營業額指數,487,其他非店面零售業,09711,28.39,110年=100
營業額指數,487,其他非店面零售業,09712,34.99,110年=100
營業額指數,487,其他非店面零售業,09801,32.14,110年=100
營業額指數,487,其他非店面零售業,09802,31.99,110年=100
營業額指數,487,其他非店面零售業,09803,36.52,110年=100
營業額指數,487,其他非店面零售業,09804,34.41,110年=100
營業額指數,487,其他非店面零售業,09805,32.85,110年=100
營業額指數,487,其他非店面零售業,09806,34.51,110年=100
營業額指數,487,其他非店面零售業,09807,35.04,110年=100
營業額指數,487,其他非店面零售業,09808,33.45,110年=100
營業額指數,487,其他非店面零售業,09809,34.54,110年=100
營業額指數,487,其他非店面零售業,09810,35.23,110年=100
營業額指數,487,其他非店面零售業,09811,34.75,110年=100
營業額指數,487,其他非店面零售業,09812,39.26,110年=100
營業額指數,487,其他非店面零售業,09901,36.20,110年=100
營業額指數,487,其他非店面零售業,09902,33.02,110年=100
營業額指數,487,其他非店面零售業,09903,38.86,110年=100
營業額指數,487,其他非店面零售業,09904,35.36,110年=100
營業額指數,487,其他非店面零售業,09905,35.11,110年=100
營業額指數,487,其他非店面零售業,09906,36.31,110年=100
營業額指數,487,其他非店面零售業,09907,37.40,110年=100
營業額指數,487,其他非店面零售業,09908,36.47,110年=100
營業額指數,487,其他非店面零售業,09909,37.39,110年=100
營業額指數,487,其他非店面零售業,09910,38.24,110年=100
營業額指數,487,其他非店面零售業,09911,37.69,110年=100
營業額指數,487,其他非店面零售業,09912,45.84,110年=100
營業額指數,487,其他非店面零售業,10001,41.03,110年=100
營業額指數,487,其他非店面零售業,10002,33.64,110年=100
營業額指數,487,其他非店面零售業,10003,39.57,110年=100
營業額指數,487,其他非店面零售業,10004,37.12,110年=100
營業額指數,487,其他非店面零售業,10005,36.55,110年=100
營業額指數,487,其他非店面零售業,10006,36.41,110年=100
營業額指數,487,其他非店面零售業,10007,37.63,110年=100
營業額指數,487,其他非店面零售業,10008,39.75,110年=100
營業額指數,487,其他非店面零售業,10009,40.09,110年=100
營業額指數,487,其他非店面零售業,10010,39.64,110年=100
營業額指數,487,其他非店面零售業,10011,39.33,110年=100
營業額指數,487,其他非店面零售業,10012,44.19,110年=100
營業額指數,487,其他非店面零售業,10101,39.45,110年=100
營業額指數,487,其他非店面零售業,10102,36.78,110年=100
營業額指數,487,其他非店面零售業,10103,41.28,110年=100
營業額指數,487,其他非店面零售業,10104,38.48,110年=100
營業額指數,487,其他非店面零售業,10105,38.44,110年=100
營業額指數,487,其他非店面零售業,10106,37.16,110年=100
營業額指數,487,其他非店面零售業,10107,38.07,110年=100
營業額指數,487,其他非店面零售業,10108,38.36,110年=100
營業額指數,487,其他非店面零售業,10109,38.02,110年=100
營業額指數,487,其他非店面零售業,10110,39.83,110年=100
營業額指數,487,其他非店面零售業,10111,40.05,110年=100
營業額指數,487,其他非店面零售業,10112,43.79,110年=100
營業額指數,487,其他非店面零售業,10201,45.62,110年=100
營業額指數,487,其他非店面零售業,10202,36.23,110年=100
營業額指數,487,其他非店面零售業,10203,42.22,110年=100
營業額指數,487,其他非店面零售業,10204,42.44,110年=100
營業額指數,487,其他非店面零售業,10205,44.31,110年=100
營業額指數,487,其他非店面零售業,10206,39.89,110年=100
營業額指數,487,其他非店面零售業,10207,42.25,110年=100
營業額指數,487,其他非店面零售業,10208,41.20,110年=100
營業額指數,487,其他非店面零售業,10209,41.28,110年=100
營業額指數,487,其他非店面零售業,10210,41.49,110年=100
營業額指數,487,其他非店面零售業,10211,41.83,110年=100
營業額指數,487,其他非店面零售業,10212,45.53,110年=100
營業額指數,487,其他非店面零售業,10301,49.01,110年=100
營業額指數,487,其他非店面零售業,10302,38.39,110年=100
營業額指數,487,其他非店面零售業,10303,42.11,110年=100
營業額指數,487,其他非店面零售業,10304,42.93,110年=100
營業額指數,487,其他非店面零售業,10305,44.52,110年=100
營業額指數,487,其他非店面零售業,10306,44.21,110年=100
營業額指數,487,其他非店面零售業,10307,45.37,110年=100
營業額指數,487,其他非店面零售業,10308,44.04,110年=100
營業額指數,487,其他非店面零售業,10309,45.65,110年=100
營業額指數,487,其他非店面零售業,10310,46.14,110年=100
營業額指數,487,其他非店面零售業,10311,46.47,110年=100
營業額指數,487,其他非店面零售業,10312,51.87,110年=100
營業額指數,487,其他非店面零售業,10401,51.32,110年=100
營業額指數,487,其他非店面零售業,10402,48.27,110年=100
營業額指數,487,其他非店面零售業,10403,48.76,110年=100
營業額指數,487,其他非店面零售業,10404,45.87,110年=100
營業額指數,487,其他非店面零售業,10405,46.04,110年=100
營業額指數,487,其他非店面零售業,10406,46.26,110年=100
營業額指數,487,其他非店面零售業,10407,47.37,110年=100
營業額指數,487,其他非店面零售業,10408,48.01,110年=100
營業額指數,487,其他非店面零售業,10409,48.40,110年=100
營業額指數,487,其他非店面零售業,10410,49.08,110年=100
營業額指數,487,其他非店面零售業,10411,50.17,110年=100
營業額指數,487,其他非店面零售業,10412,56.03,110年=100
營業額指數,487,其他非店面零售業,10501,54.97,110年=100
營業額指數,487,其他非店面零售業,10502,48.91,110年=100
營業額指數,487,其他非店面零售業,10503,52.87,110年=100
營業額指數,487,其他非店面零售業,10504,47.89,110年=100
營業額指數,487,其他非店面零售業,10505,50.13,110年=100
營業額指數,487,其他非店面零售業,10506,48.38,110年=100
營業額指數,487,其他非店面零售業,10507,47.58,110年=100
營業額指數,487,其他非店面零售業,10508,49.24,110年=100
營業額指數,487,其他非店面零售業,10509,48.90,110年=100
營業額指數,487,其他非店面零售業,10510,49.11,110年=100
營業額指數,487,其他非店面零售業,10511,52.74,110年=100
營業額指數,487,其他非店面零售業,10512,55.72,110年=100
營業額指數,487,其他非店面零售業,10601,59.19,110年=100
營業額指數,487,其他非店面零售業,10602,53.15,110年=100
營業額指數,487,其他非店面零售業,10603,55.90,110年=100
營業額指數,487,其他非店面零售業,10604,54.61,110年=100
營業額指數,487,其他非店面零售業,10605,55.63,110年=100
營業額指數,487,其他非店面零售業,10606,54.72,110年=100
營業額指數,487,其他非店面零售業,10607,52.32,110年=100
營業額指數,487,其他非店面零售業,10608,56.16,110年=100
營業額指數,487,其他非店面零售業,10609,52.31,110年=100
營業額指數,487,其他非店面零售業,10610,54.42,110年=100
營業額指數,487,其他非店面零售業,10611,63.55,110年=100
營業額指數,487,其他非店面零售業,10612,61.99,110年=100
營業額指數,487,其他非店面零售業,10701,64.93,110年=100
營業額指數,487,其他非店面零售業,10702,59.77,110年=100
營業額指數,487,其他非店面零售業,10703,60.59,110年=100
營業額指數,487,其他非店面零售業,10704,57.28,110年=100
營業額指數,487,其他非店面零售業,10705,61.62,110年=100
營業額指數,487,其他非店面零售業,10706,59.22,110年=100
營業額指數,487,其他非店面零售業,10707,58.14,110年=100
營業額指數,487,其他非店面零售業,10708,59.42,110年=100
營業額指數,487,其他非店面零售業,10709,58.25,110年=100
營業額指數,487,其他非店面零售業,10710,60.41,110年=100
營業額指數,487,其他非店面零售業,10711,75.56,110年=100
營業額指數,487,其他非店面零售業,10712,71.12,110年=100
營業額指數,487,其他非店面零售業,10801,77.32,110年=100
營業額指數,487,其他非店面零售業,10802,61.32,110年=100
營業額指數,487,其他非店面零售業,10803,64.86,110年=100
營業額指數,487,其他非店面零售業,10804,64.02,110年=100
營業額指數,487,其他非店面零售業,10805,67.24,110年=100
營業額指數,487,其他非店面零售業,10806,64.63,110年=100
營業額指數,487,其他非店面零售業,10807,66.56,110年=100
營業額指數,487,其他非店面零售業,10808,67.34,110年=100
營業額指數,487,其他非店面零售業,10809,65.80,110年=100
營業額指數,487,其他非店面零售業,10810,69.64,110年=100
營業額指數,487,其他非店面零售業,10811,89.39,110年=100
營業額指數,487,其他非店面零售業,10812,80.69,110年=100
營業額指數,487,其他非店面零售業,10901,79.32,110年=100
營業額指數,487,其他非店面零售業,10902,79.79,110年=100
營業額指數,487,其他非店面零售業,10903,84.17,110年=100
營業額指數,487,其他非店面零售業,10904,79.68,110年=100
營業額指數,487,其他非店面零售業,10905,82.86,110年=100
營業額指數,487,其他非店面零售業,10906,79.39,110年=100
營業額指數,487,其他非店面零售業,10907,81.77,110年=100
營業額指數,487,其他非店面零售業,10908,82.98,110年=100
營業額指數,487,其他非店面零售業,10909,77.31,110年=100
營業額指數,487,其他非店面零售業,10910,78.86,110年=100
營業額指數,487,其他非店面零售業,10911,110.92,110年=100
營業額指數,487,其他非店面零售業,10912,98.38,110年=100
營業額指數,487,其他非店面零售業,11001,102.00,110年=100
營業額指數,487,其他非店面零售業,11002,87.26,110年=100
營業額指數,487,其他非店面零售業,11003,95.40,110年=100
營業額指數,487,其他非店面零售業,11004,90.29,110年=100
營業額指數,487,其他非店面零售業,11005,105.02,110年=100
營業額指數,487,其他非店面零售業,11006,104.14,110年=100
營業額指數,487,其他非店面零售業,11007,98.01,110年=100
營業額指數,487,其他非店面零售業,11008,96.65,110年=100
營業額指數,487,其他非店面零售業,11009,90.21,110年=100
營業額指數,487,其他非店面零售業,11010,96.19,110年=100
營業額指數,487,其他非店面零售業,11011,130.42,110年=100
營業額指數,487,其他非店面零售業,11012,104.40,110年=100
營業額指數,487,其他非店面零售業,11101,106.56,110年=100
營業額指數,487,其他非店面零售業,11102,89.78,110年=100
營業額指數,487,其他非店面零售業,11103,99.77,110年=100
營業額指數,487,其他非店面零售業,11104,96.58,110年=100
營業額指數,487,其他非店面零售業,11105,103.80,110年=100
營業額指數,487,其他非店面零售業,11106,102.60,110年=100
營業額指數,487,其他非店面零售業,11107,98.54,110年=100
營業額指數,487,其他非店面零售業,11108,99.06,110年=100
營業額指數,487,其他非店面零售業,11109,97.44,110年=100
營業額指數,487,其他非店面零售業,11110,98.90,110年=100
營業額指數,487,其他非店面零售業,11111,139.76,110年=100
營業額指數,487,其他非店面零售業,11112,115.44,110年=100
營業額指數,487,其他非店面零售業,11201,98.40,110年=100
營業額指數,487,其他非店面零售業,11202,92.32,110年=100
營業額指數,487,其他非店面零售業,11203,101.95,110年=100
營業額指數,487,其他非店面零售業,11204,91.63,110年=100
營業額指數,487,其他非店面零售業,11205,103.36,110年=100
營業額指數,487,其他非店面零售業,11206,102.42,110年=100
營業額指數,487,其他非店面零售業,11207,96.06,110年=100
營業額指數,487,其他非店面零售業,11208,100.24,110年=100
營業額指數,487,其他非店面零售業,11209,97.14,110年=100
營業額指數,487,其他非店面零售業,11210,98.54,110年=100
營業額指數,487,其他非店面零售業,11211,139.59,110年=100
營業額指數,487,其他非店面零售業,11212,111.04,110年=100
營業額指數,487,其他非店面零售業,11301,106.60,110年=100
營業額指數,487,其他非店面零售業,11302,91.50,110年=100
營業額指數,487,其他非店面零售業,11303,105.71,110年=100
營業額指數,487,其他非店面零售業,11304,95.24,110年=100
營業額指數,487,其他非店面零售業,11305,101.00,110年=100
營業額指數,487,其他非店面零售業,11306,99.90,110年=100
營業額指數,487,其他非店面零售業,11307,96.49,110年=100
營業額指數,487,其他非店面零售業,11308,96.45,110年=100
營業額指數,487,其他非店面零售業,11309,95.31,110年=100
營業額指數,487,其他非店面零售業,11310,96.69,110年=100
營業額指數,487,其他非店面零售業,11311,135.95,110年=100
營業額指數,487,其他非店面零售業,11312,110.86,110年=100
營業額指數,487,其他非店面零售業,11401,99.36,110年=100
營業額指數,487,其他非店面零售業,11402,91.36,110年=100
營業額指數,487,其他非店面零售業,11403,103.20,110年=100
營業額指數,487,其他非店面零售業,11404,93.06,110年=100
營業額指數,487,其他非店面零售業,11405,98.31,110年=100
營業額指數,487,其他非店面零售業,11406,103.92,110年=100
營業額指數,487,其他非店面零售業,11407,100.58,110年=100
營業額指數,487,其他非店面零售業,11408,99.78,110年=100
營業額指數,487,其他非店面零售業,11409,101.19,110年=100
營業額指數,487,其他非店面零售業,11410,99.22,110年=100
營業額指數,487,其他非店面零售業,11411,134.30,110年=100
營業額指數,487,其他非店面零售業,11412,110.94,110年=100
營業額指數,487,其他非店面零售業,11501,108.73,110年=100
營業額指數,487,其他非店面零售業,11502,91.50,110年=100
營業額指數,4871,電子購物及郵購業,09901,29.89,110年=100
營業額指數,4871,電子購物及郵購業,09902,27.00,110年=100
營業額指數,4871,電子購物及郵購業,09903,30.22,110年=100
營業額指數,4871,電子購物及郵購業,09904,25.40,110年=100
營業額指數,4871,電子購物及郵購業,09905,27.69,110年=100
營業額指數,4871,電子購物及郵購業,09906,27.89,110年=100
營業額指數,4871,電子購物及郵購業,09907,27.20,110年=100
營業額指數,4871,電子購物及郵購業,09908,27.29,110年=100
營業額指數,4871,電子購物及郵購業,09909,27.90,110年=100
營業額指數,4871,電子購物及郵購業,09910,29.53,110年=100
營業額指數,4871,電子購物及郵購業,09911,30.19,110年=100
營業額指數,4871,電子購物及郵購業,09912,33.82,110年=100
營業額指數,4871,電子購物及郵購業,10001,35.23,110年=100
營業額指數,4871,電子購物及郵購業,10002,26.79,110年=100
營業額指數,4871,電子購物及郵購業,10003,30.58,110年=100
營業額指數,4871,電子購物及郵購業,10004,27.76,110年=100
營業額指數,4871,電子購物及郵購業,10005,28.57,110年=100
營業額指數,4871,電子購物及郵購業,10006,27.73,110年=100
營業額指數,4871,電子購物及郵購業,10007,28.77,110年=100
營業額指數,4871,電子購物及郵購業,10008,30.69,110年=100
營業額指數,4871,電子購物及郵購業,10009,29.28,110年=100
營業額指數,4871,電子購物及郵購業,10010,30.57,110年=100
營業額指數,4871,電子購物及郵購業,10011,31.31,110年=100
營業額指數,4871,電子購物及郵購業,10012,34.64,110年=100
營業額指數,4871,電子購物及郵購業,10101,33.98,110年=100
營業額指數,4871,電子購物及郵購業,10102,30.60,110年=100
營業額指數,4871,電子購物及郵購業,10103,32.20,110年=100
營業額指數,4871,電子購物及郵購業,10104,28.02,110年=100
營業額指數,4871,電子購物及郵購業,10105,29.62,110年=100
營業額指數,4871,電子購物及郵購業,10106,28.47,110年=100
營業額指數,4871,電子購物及郵購業,10107,29.82,110年=100
營業額指數,4871,電子購物及郵購業,10108,30.32,110年=100
營業額指數,4871,電子購物及郵購業,10109,28.30,110年=100
營業額指數,4871,電子購物及郵購業,10110,32.59,110年=100
營業額指數,4871,電子購物及郵購業,10111,30.93,110年=100
營業額指數,4871,電子購物及郵購業,10112,33.03,110年=100
營業額指數,4871,電子購物及郵購業,10201,35.62,110年=100
營業額指數,4871,電子購物及郵購業,10202,29.92,110年=100
營業額指數,4871,電子購物及郵購業,10203,32.14,110年=100
營業額指數,4871,電子購物及郵購業,10204,31.42,110年=100
營業額指數,4871,電子購物及郵購業,10205,32.71,110年=100
營業額指數,4871,電子購物及郵購業,10206,30.10,110年=100
營業額指數,4871,電子購物及郵購業,10207,31.96,110年=100
營業額指數,4871,電子購物及郵購業,10208,33.42,110年=100
營業額指數,4871,電子購物及郵購業,10209,30.73,110年=100
營業額指數,4871,電子購物及郵購業,10210,32.80,110年=100
營業額指數,4871,電子購物及郵購業,10211,32.13,110年=100
營業額指數,4871,電子購物及郵購業,10212,38.45,110年=100
營業額指數,4871,電子購物及郵購業,10301,38.71,110年=100
營業額指數,4871,電子購物及郵購業,10302,31.96,110年=100
營業額指數,4871,電子購物及郵購業,10303,32.73,110年=100
營業額指數,4871,電子購物及郵購業,10304,32.62,110年=100
營業額指數,4871,電子購物及郵購業,10305,34.64,110年=100
營業額指數,4871,電子購物及郵購業,10306,34.42,110年=100
營業額指數,4871,電子購物及郵購業,10307,36.29,110年=100
營業額指數,4871,電子購物及郵購業,10308,35.90,110年=100
營業額指數,4871,電子購物及郵購業,10309,34.90,110年=100
營業額指數,4871,電子購物及郵購業,10310,36.50,110年=100
營業額指數,4871,電子購物及郵購業,10311,37.08,110年=100
營業額指數,4871,電子購物及郵購業,10312,41.92,110年=100
營業額指數,4871,電子購物及郵購業,10401,40.38,110年=100
營業額指數,4871,電子購物及郵購業,10402,38.16,110年=100
營業額指數,4871,電子購物及郵購業,10403,40.09,110年=100
營業額指數,4871,電子購物及郵購業,10404,36.60,110年=100
營業額指數,4871,電子購物及郵購業,10405,37.45,110年=100
營業額指數,4871,電子購物及郵購業,10406,37.08,110年=100
營業額指數,4871,電子購物及郵購業,10407,37.77,110年=100
營業額指數,4871,電子購物及郵購業,10408,38.91,110年=100
營業額指數,4871,電子購物及郵購業,10409,36.35,110年=100
營業額指數,4871,電子購物及郵購業,10410,37.92,110年=100
營業額指數,4871,電子購物及郵購業,10411,39.85,110年=100
營業額指數,4871,電子購物及郵購業,10412,44.08,110年=100
營業額指數,4871,電子購物及郵購業,10501,46.61,110年=100
營業額指數,4871,電子購物及郵購業,10502,39.18,110年=100
營業額指數,4871,電子購物及郵購業,10503,41.50,110年=100
營業額指數,4871,電子購物及郵購業,10504,38.49,110年=100
營業額指數,4871,電子購物及郵購業,10505,39.96,110年=100
營業額指數,4871,電子購物及郵購業,10506,38.80,110年=100
營業額指數,4871,電子購物及郵購業,10507,38.55,110年=100
營業額指數,4871,電子購物及郵購業,10508,39.78,110年=100
營業額指數,4871,電子購物及郵購業,10509,37.32,110年=100
營業額指數,4871,電子購物及郵購業,10510,36.89,110年=100
營業額指數,4871,電子購物及郵購業,10511,42.67,110年=100
營業額指數,4871,電子購物及郵購業,10512,45.58,110年=100
營業額指數,4871,電子購物及郵購業,10601,50.03,110年=100
營業額指數,4871,電子購物及郵購業,10602,45.13,110年=100
營業額指數,4871,電子購物及郵購業,10603,46.74,110年=100
營業額指數,4871,電子購物及郵購業,10604,46.15,110年=100
營業額指數,4871,電子購物及郵購業,10605,46.78,110年=100
營業額指數,4871,電子購物及郵購業,10606,45.53,110年=100
營業額指數,4871,電子購物及郵購業,10607,44.59,110年=100
營業額指數,4871,電子購物及郵購業,10608,47.37,110年=100
營業額指數,4871,電子購物及郵購業,10609,43.67,110年=100
營業額指數,4871,電子購物及郵購業,10610,45.05,110年=100
營業額指數,4871,電子購物及郵購業,10611,56.61,110年=100
營業額指數,4871,電子購物及郵購業,10612,55.62,110年=100
營業額指數,4871,電子購物及郵購業,10701,58.92,110年=100
營業額指數,4871,電子購物及郵購業,10702,54.22,110年=100
營業額指數,4871,電子購物及郵購業,10703,53.61,110年=100
營業額指數,4871,電子購物及郵購業,10704,50.40,110年=100
營業額指數,4871,電子購物及郵購業,10705,54.64,110年=100
營業額指數,4871,電子購物及郵購業,10706,52.32,110年=100
營業額指數,4871,電子購物及郵購業,10707,51.59,110年=100
營業額指數,4871,電子購物及郵購業,10708,53.23,110年=100
營業額指數,4871,電子購物及郵購業,10709,50.25,110年=100
營業額指數,4871,電子購物及郵購業,10710,54.06,110年=100
營業額指數,4871,電子購物及郵購業,10711,72.07,110年=100
營業額指數,4871,電子購物及郵購業,10712,66.21,110年=100
營業額指數,4871,電子購物及郵購業,10801,71.14,110年=100
營業額指數,4871,電子購物及郵購業,10802,55.21,110年=100
營業額指數,4871,電子購物及郵購業,10803,59.49,110年=100
營業額指數,4871,電子購物及郵購業,10804,57.65,110年=100
營業額指數,4871,電子購物及郵購業,10805,62.17,110年=100
營業額指數,4871,電子購物及郵購業,10806,60.05,110年=100
營業額指數,4871,電子購物及郵購業,10807,61.22,110年=100
營業額指數,4871,電子購物及郵購業,10808,63.78,110年=100
營業額指數,4871,電子購物及郵購業,10809,60.00,110年=100
營業額指數,4871,電子購物及郵購業,10810,62.45,110年=100
營業額指數,4871,電子購物及郵購業,10811,88.24,110年=100
營業額指數,4871,電子購物及郵購業,10812,77.42,110年=100
營業額指數,4871,電子購物及郵購業,10901,74.89,110年=100
營業額指數,4871,電子購物及郵購業,10902,75.66,110年=100
營業額指數,4871,電子購物及郵購業,10903,79.36,110年=100
營業額指數,4871,電子購物及郵購業,10904,74.57,110年=100
營業額指數,4871,電子購物及郵購業,10905,79.95,110年=100
營業額指數,4871,電子購物及郵購業,10906,76.94,110年=100
營業額指數,4871,電子購物及郵購業,10907,76.91,110年=100
營業額指數,4871,電子購物及郵購業,10908,79.86,110年=100
營業額指數,4871,電子購物及郵購業,10909,72.23,110年=100
營業額指數,4871,電子購物及郵購業,10910,74.27,110年=100
營業額指數,4871,電子購物及郵購業,10911,112.27,110年=100
營業額指數,4871,電子購物及郵購業,10912,96.17,110年=100
營業額指數,4871,電子購物及郵購業,11001,102.48,110年=100
營業額指數,4871,電子購物及郵購業,11002,84.27,110年=100
營業額指數,4871,電子購物及郵購業,11003,92.78,110年=100
營業額指數,4871,電子購物及郵購業,11004,87.13,110年=100
營業額指數,4871,電子購物及郵購業,11005,104.45,110年=100
營業額指數,4871,電子購物及郵購業,11006,107.64,110年=100
營業額指數,4871,電子購物及郵購業,11007,98.82,110年=100
營業額指數,4871,電子購物及郵購業,11008,97.16,110年=100
營業額指數,4871,電子購物及郵購業,11009,88.00,110年=100
營業額指數,4871,電子購物及郵購業,11010,94.58,110年=100
營業額指數,4871,電子購物及郵購業,11011,136.68,110年=100
營業額指數,4871,電子購物及郵購業,11012,106.00,110年=100
營業額指數,4871,電子購物及郵購業,11101,111.12,110年=100
營業額指數,4871,電子購物及郵購業,11102,93.75,110年=100
營業額指數,4871,電子購物及郵購業,11103,102.13,110年=100
營業額指數,4871,電子購物及郵購業,11104,97.90,110年=100
營業額指數,4871,電子購物及郵購業,11105,104.89,110年=100
營業額指數,4871,電子購物及郵購業,11106,106.33,110年=100
營業額指數,4871,電子購物及郵購業,11107,97.18,110年=100
營業額指數,4871,電子購物及郵購業,11108,100.18,110年=100
營業額指數,4871,電子購物及郵購業,11109,96.91,110年=100
營業額指數,4871,電子購物及郵購業,11110,101.52,110年=100
營業額指數,4871,電子購物及郵購業,11111,150.83,110年=100
營業額指數,4871,電子購物及郵購業,11112,123.54,110年=100
營業額指數,4871,電子購物及郵購業,11201,103.87,110年=100
營業額指數,4871,電子購物及郵購業,11202,96.86,110年=100
營業額指數,4871,電子購物及郵購業,11203,102.67,110年=100
營業額指數,4871,電子購物及郵購業,11204,94.04,110年=100
營業額指數,4871,電子購物及郵購業,11205,105.26,110年=100
營業額指數,4871,電子購物及郵購業,11206,106.70,110年=100
營業額指數,4871,電子購物及郵購業,11207,100.15,110年=100
營業額指數,4871,電子購物及郵購業,11208,102.60,110年=100
營業額指數,4871,電子購物及郵購業,11209,97.52,110年=100
營業額指數,4871,電子購物及郵購業,11210,99.91,110年=100
營業額指數,4871,電子購物及郵購業,11211,151.64,110年=100
營業額指數,4871,電子購物及郵購業,11212,116.42,110年=100
營業額指數,4871,電子購物及郵購業,11301,113.22,110年=100
營業額指數,4871,電子購物及郵購業,11302,97.00,110年=100
營業額指數,4871,電子購物及郵購業,11303,107.67,110年=100
營業額指數,4871,電子購物及郵購業,11304,98.52,110年=100
營業額指數,4871,電子購物及郵購業,11305,104.29,110年=100
營業額指數,4871,電子購物及郵購業,11306,104.51,110年=100
營業額指數,4871,電子購物及郵購業,11307,99.54,110年=100
營業額指數,4871,電子購物及郵購業,11308,101.85,110年=100
營業額指數,4871,電子購物及郵購業,11309,96.15,110年=100
營業額指數,4871,電子購物及郵購業,11310,101.81,110年=100
營業額指數,4871,電子購物及郵購業,11311,149.54,110年=100
營業額指數,4871,電子購物及郵購業,11312,117.71,110年=100
營業額指數,4871,電子購物及郵購業,11401,106.74,110年=100
營業額指數,4871,電子購物及郵購業,11402,98.53,110年=100
營業額指數,4871,電子購物及郵購業,11403,105.96,110年=100
營業額指數,4871,電子購物及郵購業,11404,99.08,110年=100
營業額指數,4871,電子購物及郵購業,11405,105.08,110年=100
營業額指數,4871,電子購物及郵購業,11406,112.86,110年=100
營業額指數,4871,電子購物及郵購業,11407,105.79,110年=100
營業額指數,4871,電子購物及郵購業,11408,106.95,110年=100
營業額指數,4871,電子購物及郵購業,11409,104.71,110年=100
營業額指數,4871,電子購物及郵購業,11410,105.08,110年=100
營業額指數,4871,電子購物及郵購業,11411,150.84,110年=100
營業額指數,4871,電子購物及郵購業,11412,119.62,110年=100
營業額指數,4871,電子購物及郵購業,11501,119.64,110年=100
營業額指數,4871,電子購物及郵購業,11502,99.80,110年=100
營業額指數,56,餐飲業,08801,50.69,110年=100
營業額指數,56,餐飲業,08802,51.19,110年=100
營業額指數,56,餐飲業,08803,52.47,110年=100
營業額指數,56,餐飲業,08804,53.84,110年=100
營業額指數,56,餐飲業,08805,56.24,110年=100
營業額指數,56,餐飲業,08806,55.51,110年=100
營業額指數,56,餐飲業,08807,56.63,110年=100
營業額指數,56,餐飲業,08808,56.07,110年=100
營業額指數,56,餐飲業,08809,53.47,110年=100
營業額指數,56,餐飲業,08810,52.98,110年=100
營業額指數,56,餐飲業,08811,53.73,110年=100
營業額指數,56,餐飲業,08812,55.97,110年=100
營業額指數,56,餐飲業,08901,56.06,110年=100
營業額指數,56,餐飲業,08902,55.22,110年=100
營業額指數,56,餐飲業,08903,55.73,110年=100
營業額指數,56,餐飲業,08904,54.60,110年=100
營業額指數,56,餐飲業,08905,59.13,110年=100
營業額指數,56,餐飲業,08906,59.23,110年=100
營業額指數,56,餐飲業,08907,63.18,110年=100
營業額指數,56,餐飲業,08908,63.32,110年=100
營業額指數,56,餐飲業,08909,60.74,110年=100
營業額指數,56,餐飲業,08910,61.10,110年=100
營業額指數,56,餐飲業,08911,59.18,110年=100
營業額指數,56,餐飲業,08912,60.92,110年=100
營業額指數,56,餐飲業,09001,52.98,110年=100
營業額指數,56,餐飲業,09002,50.50,110年=100
營業額指數,56,餐飲業,09003,48.12,110年=100
營業額指數,56,餐飲業,09004,47.07,110年=100
營業額指數,56,餐飲業,09005,50.62,110年=100
營業額指數,56,餐飲業,09006,52.63,110年=100
營業額指數,56,餐飲業,09007,55.37,110年=100
營業額指數,56,餐飲業,09008,55.76,110年=100
營業額指數,56,餐飲業,09009,50.67,110年=100
營業額指數,56,餐飲業,09010,49.27,110年=100
營業額指數,56,餐飲業,09011,52.38,110年=100
營業額指數,56,餐飲業,09012,55.79,110年=100
營業額指數,56,餐飲業,09101,52.68,110年=100
營業額指數,56,餐飲業,09102,54.49,110年=100
營業額指數,56,餐飲業,09103,52.09,110年=100
營業額指數,56,餐飲業,09104,49.30,110年=100
營業額指數,56,餐飲業,09105,51.54,110年=100
營業額指數,56,餐飲業,09106,53.49,110年=100
營業額指數,56,餐飲業,09107,53.41,110年=100
營業額指數,56,餐飲業,09108,52.89,110年=100
營業額指數,56,餐飲業,09109,49.42,110年=100
營業額指數,56,餐飲業,09110,49.49,110年=100
營業額指數,56,餐飲業,09111,49.61,110年=100
營業額指數,56,餐飲業,09112,51.21,110年=100
營業額指數,56,餐飲業,09201,53.99,110年=100
營業額指數,56,餐飲業,09202,50.16,110年=100
營業額指數,56,餐飲業,09203,49.77,110年=100
營業額指數,56,餐飲業,09204,45.20,110年=100
營業額指數,56,餐飲業,09205,42.81,110年=100
營業額指數,56,餐飲業,09206,50.93,110年=100
營業額指數,56,餐飲業,09207,56.99,110年=100
營業額指數,56,餐飲業,09208,59.70,110年=100
營業額指數,56,餐飲業,09209,53.79,110年=100
營業額指數,56,餐飲業,09210,54.06,110年=100
營業額指數,56,餐飲業,09211,54.65,110年=100
營業額指數,56,餐飲業,09212,59.47,110年=100
營業額指數,56,餐飲業,09301,65.23,110年=100
營業額指數,56,餐飲業,09302,54.65,110年=100
營業額指數,56,餐飲業,09303,52.06,110年=100
營業額指數,56,餐飲業,09304,50.42,110年=100
營業額指數,56,餐飲業,09305,53.76,110年=100
營業額指數,56,餐飲業,09306,52.34,110年=100
營業額指數,56,餐飲業,09307,56.78,110年=100
營業額指數,56,餐飲業,09308,54.88,110年=100
營業額指數,56,餐飲業,09309,49.36,110年=100
營業額指數,56,餐飲業,09310,51.60,110年=100
營業額指數,56,餐飲業,09311,50.13,110年=100
營業額指數,56,餐飲業,09312,53.20,110年=100
營業額指數,56,餐飲業,09401,60.87,110年=100
營業額指數,56,餐飲業,09402,59.15,110年=100
營業額指數,56,餐飲業,09403,52.40,110年=100
營業額指數,56,餐飲業,09404,52.60,110年=100
營業額指數,56,餐飲業,09405,56.99,110年=100
營業額指數,56,餐飲業,09406,57.13,110年=100
營業額指數,56,餐飲業,09407,59.95,110年=100
營業額指數,56,餐飲業,09408,59.17,110年=100
營業額指數,56,餐飲業,09409,53.19,110年=100
營業額指數,56,餐飲業,09410,55.28,110年=100
營業額指數,56,餐飲業,09411,53.38,110年=100
營業額指數,56,餐飲業,09412,57.09,110年=100
營業額指數,56,餐飲業,09501,63.55,110年=100
營業額指數,56,餐飲業,09502,56.99,110年=100
營業額指數,56,餐飲業,09503,54.75,110年=100
營業額指數,56,餐飲業,09504,55.68,110年=100
營業額指數,56,餐飲業,09505,57.48,110年=100
營業額指數,56,餐飲業,09506,58.67,110年=100
營業額指數,56,餐飲業,09507,62.65,110年=100
營業額指數,56,餐飲業,09508,60.19,110年=100
營業額指數,56,餐飲業,09509,56.39,110年=100
營業額指數,56,餐飲業,09510,59.16,110年=100
營業額指數,56,餐飲業,09511,55.78,110年=100
營業額指數,56,餐飲業,09512,62.14,110年=100
營業額指數,56,餐飲業,09601,66.62,110年=100
營業額指數,56,餐飲業,09602,68.37,110年=100
營業額指數,56,餐飲業,09603,61.66,110年=100
營業額指數,56,餐飲業,09604,59.69,110年=100
營業額指數,56,餐飲業,09605,61.27,110年=100
營業額指數,56,餐飲業,09606,65.17,110年=100
營業額指數,56,餐飲業,09607,66.88,110年=100
營業額指數,56,餐飲業,09608,63.68,110年=100
營業額指數,56,餐飲業,09609,58.84,110年=100
營業額指數,56,餐飲業,09610,60.81,110年=100
營業額指數,56,餐飲業,09611,57.44,110年=100
營業額指數,56,餐飲業,09612,64.79,110年=100
營業額指數,56,餐飲業,09701,70.43,110年=100
營業額指數,56,餐飲業,09702,72.11,110年=100
營業額指數,56,餐飲業,09703,65.13,110年=100
營業額指數,56,餐飲業,09704,60.93,110年=100
營業額指數,56,餐飲業,09705,64.02,110年=100
營業額指數,56,餐飲業,09706,63.51,110年=100
營業額指數,56,餐飲業,09707,63.52,110年=100
營業額指數,56,餐飲業,09708,64.66,110年=100
營業額指數,56,餐飲業,09709,55.77,110年=100
營業額指數,56,餐飲業,09710,57.83,110年=100
營業額指數,56,餐飲業,09711,56.72,110年=100
營業額指數,56,餐飲業,09712,60.09,110年=100
營業額指數,56,餐飲業,09801,73.87,110年=100
營業額指數,56,餐飲業,09802,66.23,110年=100
營業額指數,56,餐飲業,09803,65.89,110年=100
營業額指數,56,餐飲業,09804,63.86,110年=100
營業額指數,56,餐飲業,09805,69.88,110年=100
營業額指數,56,餐飲業,09806,66.29,110年=100
營業額指數,56,餐飲業,09807,66.17,110年=100
營業額指數,56,餐飲業,09808,67.84,110年=100
營業額指數,56,餐飲業,09809,60.56,110年=100
營業額指數,56,餐飲業,09810,62.39,110年=100
營業額指數,56,餐飲業,09811,61.25,110年=100
營業額指數,56,餐飲業,09812,65.12,110年=100
營業額指數,56,餐飲業,09901,72.14,110年=100
營業額指數,56,餐飲業,09902,78.87,110年=100
營業額指數,56,餐飲業,09903,71.97,110年=100
營業額指數,56,餐飲業,09904,70.95,110年=100
營業額指數,56,餐飲業,09905,78.97,110年=100
營業額指數,56,餐飲業,09906,74.11,110年=100
營業額指數,56,餐飲業,09907,77.47,110年=100
營業額指數,56,餐飲業,09908,77.06,110年=100
營業額指數,56,餐飲業,09909,71.35,110年=100
營業額指數,56,餐飲業,09910,73.51,110年=100
營業額指數,56,餐飲業,09911,69.30,110年=100
營業額指數,56,餐飲業,09912,75.65,110年=100
營業額指數,56,餐飲業,10001,87.03,110年=100
營業額指數,56,餐飲業,10002,84.60,110年=100
營業額指數,56,餐飲業,10003,77.90,110年=100
營業額指數,56,餐飲業,10004,80.00,110年=100
營業額指數,56,餐飲業,10005,87.02,110年=100
營業額指數,56,餐飲業,10006,83.61,110年=100
營業額指數,56,餐飲業,10007,87.38,110年=100
營業額指數,56,餐飲業,10008,84.19,110年=100
營業額指數,56,餐飲業,10009,81.33,110年=100
營業額指數,56,餐飲業,10010,84.77,110年=100
營業額指數,56,餐飲業,10011,78.22,110年=100
營業額指數,56,餐飲業,10012,83.25,110年=100
營業額指數,56,餐飲業,10101,96.76,110年=100
營業額指數,56,餐飲業,10102,85.86,110年=100
營業額指數,56,餐飲業,10103,86.04,110年=100
營業額指數,56,餐飲業,10104,85.45,110年=100
營業額指數,56,餐飲業,10105,91.07,110年=100
營業額指數,56,餐飲業,10106,88.39,110年=100
營業額指數,56,餐飲業,10107,92.13,110年=100
營業額指數,56,餐飲業,10108,90.83,110年=100
營業額指數,56,餐飲業,10109,86.11,110年=100
營業額指數,56,餐飲業,10110,85.23,110年=100
營業額指數,56,餐飲業,10111,81.68,110年=100
營業額指數,56,餐飲業,10112,91.82,110年=100
營業額指數,56,餐飲業,10201,92.72,110年=100
營業額指數,56,餐飲業,10202,97.00,110年=100
營業額指數,56,餐飲業,10203,91.46,110年=100
營業額指數,56,餐飲業,10204,85.38,110年=100
營業額指數,56,餐飲業,10205,93.73,110年=100
營業額指數,56,餐飲業,10206,94.62,110年=100
營業額指數,56,餐飲業,10207,94.95,110年=100
營業額指數,56,餐飲業,10208,96.81,110年=100
營業額指數,56,餐飲業,10209,91.84,110年=100
營業額指數,56,餐飲業,10210,89.12,110年=100
營業額指數,56,餐飲業,10211,90.02,110年=100
營業額指數,56,餐飲業,10212,97.32,110年=100
營業額指數,56,餐飲業,10301,107.51,110年=100
營業額指數,56,餐飲業,10302,99.74,110年=100
營業額指數,56,餐飲業,10303,96.11,110年=100
營業額指數,56,餐飲業,10304,91.00,110年=100
營業額指數,56,餐飲業,10305,99.41,110年=100
營業額指數,56,餐飲業,10306,99.06,110年=100
營業額指數,56,餐飲業,10307,98.82,110年=100
營業額指數,56,餐飲業,10308,101.88,110年=100
營業額指數,56,餐飲業,10309,91.59,110年=100
營業額指數,56,餐飲業,10310,90.60,110年=100
營業額指數,56,餐飲業,10311,90.58,110年=100
營業額指數,56,餐飲業,10312,97.92,110年=100
營業額指數,56,餐飲業,10401,101.92,110年=100
營業額指數,56,餐飲業,10402,111.40,110年=100
營業額指數,56,餐飲業,10403,99.85,110年=100
營業額指數,56,餐飲業,10404,95.58,110年=100
營業額指數,56,餐飲業,10405,106.42,110年=100
營業額指數,56,餐飲業,10406,103.20,110年=100
營業額指數,56,餐飲業,10407,104.92,110年=100
營業額指數,56,餐飲業,10408,107.43,110年=100
營業額指數,56,餐飲業,10409,95.97,110年=100
營業額指數,56,餐飲業,10410,100.52,110年=100
營業額指數,56,餐飲業,10411,96.53,110年=100
營業額指數,56,餐飲業,10412,103.06,110年=100
營業額指數,56,餐飲業,10501,112.88,110年=100
營業額指數,56,餐飲業,10502,118.91,110年=100
營業額指數,56,餐飲業,10503,101.43,110年=100
營業額指數,56,餐飲業,10504,102.10,110年=100
營業額指數,56,餐飲業,10505,112.56,110年=100
營業額指數,56,餐飲業,10506,109.12,110年=100
營業額指數,56,餐飲業,10507,112.59,110年=100
營業額指數,56,餐飲業,10508,112.06,110年=100
營業額指數,56,餐飲業,10509,105.10,110年=100
營業額指數,56,餐飲業,10510,111.04,110年=100
營業額指數,56,餐飲業,10511,103.02,110年=100
營業額指數,56,餐飲業,10512,113.57,110年=100
營業額指數,56,餐飲業,10601,129.38,110年=100
營業額指數,56,餐飲業,10602,103.81,110年=100
營業額指數,56,餐飲業,10603,101.85,110年=100
營業額指數,56,餐飲業,10604,104.65,110年=100
營業額指數,56,餐飲業,10605,111.52,110年=100
營業額指數,56,餐飲業,10606,107.48,110年=100
營業額指數,56,餐飲業,10607,114.06,110年=100
營業額指數,56,餐飲業,10608,115.38,110年=100
營業額指數,56,餐飲業,10609,104.70,110年=100
營業額指數,56,餐飲業,10610,110.72,110年=100
營業額指數,56,餐飲業,10611,103.81,110年=100
營業額指數,56,餐飲業,10612,119.19,110年=100
營業額指數,56,餐飲業,10701,112.57,110年=100
營業額指數,56,餐飲業,10702,123.70,110年=100
營業額指數,56,餐飲業,10703,106.64,110年=100
營業額指數,56,餐飲業,10704,106.64,110年=100
營業額指數,56,餐飲業,10705,112.85,110年=100
營業額指數,56,餐飲業,10706,113.87,110年=100
營業額指數,56,餐飲業,10707,115.61,110年=100
營業額指數,56,餐飲業,10708,118.79,110年=100
營業額指數,56,餐飲業,10709,111.29,110年=100
營業額指數,56,餐飲業,10710,107.85,110年=100
營業額指數,56,餐飲業,10711,104.87,110年=100
營業額指數,56,餐飲業,10712,123.11,110年=100
營業額指數,56,餐飲業,10801,120.52,110年=100
營業額指數,56,餐飲業,10802,119.82,110年=100
營業額指數,56,餐飲業,10803,111.95,110年=100
營業額指數,56,餐飲業,10804,105.67,110年=100
營業額指數,56,餐飲業,10805,114.93,110年=100
營業額指數,56,餐飲業,10806,116.25,110年=100
營業額指數,56,餐飲業,10807,117.61,110年=100
營業額指數,56,餐飲業,10808,122.18,110年=100
營業額指數,56,餐飲業,10809,109.21,110年=100
營業額指數,56,餐飲業,10810,109.43,110年=100
營業額指數,56,餐飲業,10811,107.99,110年=100
營業額指數,56,餐飲業,10812,122.29,110年=100
營業額指數,56,餐飲業,10901,138.43,110年=100
營業額指數,56,餐飲業,10902,97.01,110年=100
營業額指數,56,餐飲業,10903,87.65,110年=100
營業額指數,56,餐飲業,10904,80.69,110年=100
營業額指數,56,餐飲業,10905,103.92,110年=100
營業額指數,56,餐飲業,10906,106.74,110年=100
營業額指數,56,餐飲業,10907,116.10,110年=100
營業額指數,56,餐飲業,10908,122.50,110年=100
營業額指數,56,餐飲業,10909,107.84,110年=100
營業額指數,56,餐飲業,10910,111.06,110年=100
營業額指數,56,餐飲業,10911,107.85,110年=100
營業額指數,56,餐飲業,10912,120.02,110年=100
營業額指數,56,餐飲業,11001,116.22,110年=100
營業額指數,56,餐飲業,11002,118.04,110年=100
營業額指數,56,餐飲業,11003,108.12,110年=100
營業額指數,56,餐飲業,11004,108.95,110年=100
營業額指數,56,餐飲業,11005,83.02,110年=100
營業額指數,56,餐飲業,11006,63.80,110年=100
營業額指數,56,餐飲業,11007,70.61,110年=100
營業額指數,56,餐飲業,11008,90.34,110年=100
營業額指數,56,餐飲業,11009,95.42,110年=100
營業額指數,56,餐飲業,11010,110.91,110年=100
營業額指數,56,餐飲業,11011,109.68,110年=100
營業額指數,56,餐飲業,11012,124.88,110年=100
營業額指數,56,餐飲業,11101,121.23,110年=100
營業額指數,56,餐飲業,11102,113.25,110年=100
營業額指數,56,餐飲業,11103,110.08,110年=100
營業額指數,56,餐飲業,11104,97.62,110年=100
營業額指數,56,餐飲業,11105,90.28,110年=100
營業額指數,56,餐飲業,11106,96.95,110年=100
營業額指數,56,餐飲業,11107,117.61,110年=100
營業額指數,56,餐飲業,11108,121.83,110年=100
營業額指數,56,餐飲業,11109,111.89,110年=100
營業額指數,56,餐飲業,11110,119.00,110年=100
營業額指數,56,餐飲業,11111,116.59,110年=100
營業額指數,56,餐飲業,11112,135.17,110年=100
營業額指數,56,餐飲業,11201,155.40,110年=100
營業額指數,56,餐飲業,11202,119.83,110年=100
營業額指數,56,餐飲業,11203,118.58,110年=100
營業額指數,56,餐飲業,11204,124.20,110年=100
營業額指數,56,餐飲業,11205,126.98,110年=100
營業額指數,56,餐飲業,11206,126.50,110年=100
營業額指數,56,餐飲業,11207,135.66,110年=100
營業額指數,56,餐飲業,11208,135.32,110年=100
營業額指數,56,餐飲業,11209,125.52,110年=100
營業額指數,56,餐飲業,11210,128.75,110年=100
營業額指數,56,餐飲業,11211,122.85,110年=100
營業額指數,56,餐飲業,11212,141.34,110年=100
營業額指數,56,餐飲業,11301,137.55,110年=100
營業額指數,56,餐飲業,11302,139.06,110年=100
營業額指數,56,餐飲業,11303,126.56,110年=100
營業額指數,56,餐飲業,11304,121.47,110年=100
營業額指數,56,餐飲業,11305,128.26,110年=100
營業額指數,56,餐飲業,11306,131.52,110年=100
營業額指數,56,餐飲業,11307,127.87,110年=100
營業額指數,56,餐飲業,11308,133.91,110年=100
營業額指數,56,餐飲業,11309,126.46,110年=100
營業額指數,56,餐飲業,11310,122.83,110年=100
營業額指數,56,餐飲業,11311,128.70,110年=100
營業額指數,56,餐飲業,11312,143.20,110年=100
營業額指數,56,餐飲業,11401,156.80,110年=100
營業額指數,56,餐飲業,11402,122.45,110年=100
營業額指數,56,餐飲業,11403,126.26,110年=100
營業額指數,56,餐飲業,11404,119.65,110年=100
營業額指數,56,餐飲業,11405,132.30,110年=100
營業額指數,56,餐飲業,11406,124.62,110年=100
營業額指數,56,餐飲業,11407,126.15,110年=100
營業額指數,56,餐飲業,11408,135.80,110年=100
營業額指數,56,餐飲業,11409,120.35,110年=100
營業額指數,56,餐飲業,11410,129.54,110年=100
營業額指數,56,餐飲業,11411,128.44,110年=100
營業額指數,56,餐飲業,11412,137.20,110年=100
營業額指數,56,餐飲業,11501,139.28,110年=100
營業額指數,56,餐飲業,11502,144.26,110年=100
營業額指數,5611,餐館,08801,52.22,110年=100
營業額指數,5611,餐館,08802,52.75,110年=100
營業額指數,5611,餐館,08803,54.04,110年=100
營業額指數,5611,餐館,08804,55.53,110年=100
營業額指數,5611,餐館,08805,58.62,110年=100
營業額指數,5611,餐館,08806,57.67,110年=100
營業額指數,5611,餐館,08807,59.03,110年=100
營業額指數,5611,餐館,08808,58.42,110年=100
營業額指數,5611,餐館,08809,55.72,110年=100
營業額指數,5611,餐館,08810,54.90,110年=100
營業額指數,5611,餐館,08811,55.97,110年=100
營業額指數,5611,餐館,08812,58.55,110年=100
營業額指數,5611,餐館,08901,58.46,110年=100
營業額指數,5611,餐館,08902,57.06,110年=100
營業額指數,5611,餐館,08903,57.79,110年=100
營業額指數,5611,餐館,08904,56.51,110年=100
營業額指數,5611,餐館,08905,61.95,110年=100
營業額指數,5611,餐館,08906,61.61,110年=100
營業額指數,5611,餐館,08907,65.98,110年=100
營業額指數,5611,餐館,08908,66.53,110年=100
營業額指數,5611,餐館,08909,63.50,110年=100
營業額指數,5611,餐館,08910,64.08,110年=100
營業額指數,5611,餐館,08911,61.95,110年=100
營業額指數,5611,餐館,08912,63.86,110年=100
營業額指數,5611,餐館,09001,54.45,110年=100
營業額指數,5611,餐館,09002,51.90,110年=100
營業額指數,5611,餐館,09003,49.17,110年=100
營業額指數,5611,餐館,09004,48.47,110年=100
營業額指數,5611,餐館,09005,52.56,110年=100
營業額指數,5611,餐館,09006,54.76,110年=100
營業額指數,5611,餐館,09007,57.53,110年=100
營業額指數,5611,餐館,09008,57.77,110年=100
營業額指數,5611,餐館,09009,52.33,110年=100
營業額指數,5611,餐館,09010,50.39,110年=100
營業額指數,5611,餐館,09011,54.33,110年=100
營業額指數,5611,餐館,09012,57.63,110年=100
營業額指數,5611,餐館,09101,54.12,110年=100
營業額指數,5611,餐館,09102,56.26,110年=100
營業額指數,5611,餐館,09103,52.82,110年=100
營業額指數,5611,餐館,09104,49.74,110年=100
營業額指數,5611,餐館,09105,52.90,110年=100
營業額指數,5611,餐館,09106,54.95,110年=100
營業額指數,5611,餐館,09107,54.46,110年=100
營業額指數,5611,餐館,09108,53.86,110年=100
營業額指數,5611,餐館,09109,50.07,110年=100
營業額指數,5611,餐館,09110,50.41,110年=100
營業額指數,5611,餐館,09111,51.09,110年=100
營業額指數,5611,餐館,09112,52.51,110年=100
營業額指數,5611,餐館,09201,56.45,110年=100
營業額指數,5611,餐館,09202,52.13,110年=100
營業額指數,5611,餐館,09203,51.56,110年=100
營業額指數,5611,餐館,09204,46.21,110年=100
營業額指數,5611,餐館,09205,44.31,110年=100
營業額指數,5611,餐館,09206,53.01,110年=100
營業額指數,5611,餐館,09207,59.70,110年=100
營業額指數,5611,餐館,09208,62.70,110年=100
營業額指數,5611,餐館,09209,56.15,110年=100
營業額指數,5611,餐館,09210,56.13,110年=100
營業額指數,5611,餐館,09211,57.50,110年=100
營業額指數,5611,餐館,09212,63.03,110年=100
營業額指數,5611,餐館,09301,70.26,110年=100
營業額指數,5611,餐館,09302,57.08,110年=100
營業額指數,5611,餐館,09303,53.85,110年=100
營業額指數,5611,餐館,09304,51.78,110年=100
營業額指數,5611,餐館,09305,56.08,110年=100
營業額指數,5611,餐館,09306,54.61,110年=100
營業額指數,5611,餐館,09307,59.36,110年=100
營業額指數,5611,餐館,09308,57.24,110年=100
營業額指數,5611,餐館,09309,50.80,110年=100
營業額指數,5611,餐館,09310,54.00,110年=100
營業額指數,5611,餐館,09311,52.19,110年=100
營業額指數,5611,餐館,09312,55.55,110年=100
營業額指數,5611,餐館,09401,65.22,110年=100
營業額指數,5611,餐館,09402,63.40,110年=100
營業額指數,5611,餐館,09403,54.77,110年=100
營業額指數,5611,餐館,09404,55.01,110年=100
營業額指數,5611,餐館,09405,59.98,110年=100
營業額指數,5611,餐館,09406,60.50,110年=100
營業額指數,5611,餐館,09407,63.95,110年=100
營業額指數,5611,餐館,09408,63.22,110年=100
營業額指數,5611,餐館,09409,56.15,110年=100
營業額指數,5611,餐館,09410,58.41,110年=100
營業額指數,5611,餐館,09411,55.83,110年=100
營業額指數,5611,餐館,09412,59.72,110年=100
營業額指數,5611,餐館,09501,68.29,110年=100
營業額指數,5611,餐館,09502,60.36,110年=100
營業額指數,5611,餐館,09503,57.18,110年=100
營業額指數,5611,餐館,09504,58.29,110年=100
營業額指數,5611,餐館,09505,60.14,110年=100
營業額指數,5611,餐館,09506,61.57,110年=100
營業額指數,5611,餐館,09507,66.17,110年=100
營業額指數,5611,餐館,09508,63.96,110年=100
營業額指數,5611,餐館,09509,59.65,110年=100
營業額指數,5611,餐館,09510,62.90,110年=100
營業額指數,5611,餐館,09511,58.72,110年=100
營業額指數,5611,餐館,09512,65.59,110年=100
營業額指數,5611,餐館,09601,70.85,110年=100
營業額指數,5611,餐館,09602,73.73,110年=100
營業額指數,5611,餐館,09603,64.78,110年=100
營業額指數,5611,餐館,09604,62.34,110年=100
營業額指數,5611,餐館,09605,63.71,110年=100
營業額指數,5611,餐館,09606,68.18,110年=100
營業額指數,5611,餐館,09607,70.08,110年=100
營業額指數,5611,餐館,09608,67.21,110年=100
營業額指數,5611,餐館,09609,61.67,110年=100
營業額指數,5611,餐館,09610,64.43,110年=100
營業額指數,5611,餐館,09611,60.36,110年=100
營業額指數,5611,餐館,09612,68.85,110年=100
營業額指數,5611,餐館,09701,74.33,110年=100
營業額指數,5611,餐館,09702,77.68,110年=100
營業額指數,5611,餐館,09703,68.41,110年=100
營業額指數,5611,餐館,09704,63.20,110年=100
營業額指數,5611,餐館,09705,66.87,110年=100
營業額指數,5611,餐館,09706,65.69,110年=100
營業額指數,5611,餐館,09707,66.09,110年=100
營業額指數,5611,餐館,09708,67.89,110年=100
營業額指數,5611,餐館,09709,57.90,110年=100
營業額指數,5611,餐館,09710,60.60,110年=100
營業額指數,5611,餐館,09711,59.45,110年=100
營業額指數,5611,餐館,09712,62.88,110年=100
營業額指數,5611,餐館,09801,78.76,110年=100
營業額指數,5611,餐館,09802,70.43,110年=100
營業額指數,5611,餐館,09803,69.06,110年=100
營業額指數,5611,餐館,09804,66.37,110年=100
營業額指數,5611,餐館,09805,72.87,110年=100
營業額指數,5611,餐館,09806,68.29,110年=100
營業額指數,5611,餐館,09807,68.75,110年=100
營業額指數,5611,餐館,09808,71.61,110年=100
營業額指數,5611,餐館,09809,62.98,110年=100
營業額指數,5611,餐館,09810,64.85,110年=100
營業額指數,5611,餐館,09811,63.49,110年=100
營業額指數,5611,餐館,09812,67.51,110年=100
營業額指數,5611,餐館,09901,75.39,110年=100
營業額指數,5611,餐館,09902,84.51,110年=100
營業額指數,5611,餐館,09903,74.67,110年=100
營業額指數,5611,餐館,09904,73.25,110年=100
營業額指數,5611,餐館,09905,82.96,110年=100
營業額指數,5611,餐館,09906,76.59,110年=100
營業額指數,5611,餐館,09907,80.86,110年=100
營業額指數,5611,餐館,09908,80.91,110年=100
營業額指數,5611,餐館,09909,74.10,110年=100
營業額指數,5611,餐館,09910,76.43,110年=100
營業額指數,5611,餐館,09911,71.34,110年=100
營業額指數,5611,餐館,09912,78.77,110年=100
營業額指數,5611,餐館,10001,92.43,110年=100
營業額指數,5611,餐館,10002,90.42,110年=100
營業額指數,5611,餐館,10003,80.67,110年=100
營業額指數,5611,餐館,10004,83.12,110年=100
營業額指數,5611,餐館,10005,91.80,110年=100
營業額指數,5611,餐館,10006,86.81,110年=100
營業額指數,5611,餐館,10007,91.28,110年=100
營業額指數,5611,餐館,10008,88.10,110年=100
營業額指數,5611,餐館,10009,84.56,110年=100
營業額指數,5611,餐館,10010,88.72,110年=100
營業額指數,5611,餐館,10011,80.83,110年=100
營業額指數,5611,餐館,10012,86.59,110年=100
營業額指數,5611,餐館,10101,103.16,110年=100
營業額指數,5611,餐館,10102,90.48,110年=100
營業額指數,5611,餐館,10103,89.38,110年=100
營業額指數,5611,餐館,10104,88.74,110年=100
營業額指數,5611,餐館,10105,95.56,110年=100
營業額指數,5611,餐館,10106,91.49,110年=100
營業額指數,5611,餐館,10107,96.13,110年=100
營業額指數,5611,餐館,10108,95.14,110年=100
營業額指數,5611,餐館,10109,89.60,110年=100
營業額指數,5611,餐館,10110,88.05,110年=100
營業額指數,5611,餐館,10111,84.13,110年=100
營業額指數,5611,餐館,10112,95.85,110年=100
營業額指數,5611,餐館,10201,97.49,110年=100
營業額指數,5611,餐館,10202,102.32,110年=100
營業額指數,5611,餐館,10203,94.14,110年=100
營業額指數,5611,餐館,10204,86.17,110年=100
營業額指數,5611,餐館,10205,96.39,110年=100
營業額指數,5611,餐館,10206,96.81,110年=100
營業額指數,5611,餐館,10207,98.08,110年=100
營業額指數,5611,餐館,10208,100.16,110年=100
營業額指數,5611,餐館,10209,94.00,110年=100
營業額指數,5611,餐館,10210,90.80,110年=100
營業額指數,5611,餐館,10211,91.38,110年=100
營業額指數,5611,餐館,10212,100.47,110年=100
營業額指數,5611,餐館,10301,113.01,110年=100
營業額指數,5611,餐館,10302,104.81,110年=100
營業額指數,5611,餐館,10303,98.51,110年=100
營業額指數,5611,餐館,10304,92.35,110年=100
營業額指數,5611,餐館,10305,102.40,110年=100
營業額指數,5611,餐館,10306,101.70,110年=100
營業額指數,5611,餐館,10307,102.19,110年=100
營業額指數,5611,餐館,10308,105.02,110年=100
營業額指數,5611,餐館,10309,93.49,110年=100
營業額指數,5611,餐館,10310,91.92,110年=100
營業額指數,5611,餐館,10311,91.62,110年=100
營業額指數,5611,餐館,10312,99.20,110年=100
營業額指數,5611,餐館,10401,104.99,110年=100
營業額指數,5611,餐館,10402,117.98,110年=100
營業額指數,5611,餐館,10403,102.32,110年=100
營業額指數,5611,餐館,10404,96.94,110年=100
營業額指數,5611,餐館,10405,109.52,110年=100
營業額指數,5611,餐館,10406,105.12,110年=100
營業額指數,5611,餐館,10407,108.28,110年=100
營業額指數,5611,餐館,10408,111.09,110年=100
營業額指數,5611,餐館,10409,96.63,110年=100
營業額指數,5611,餐館,10410,101.92,110年=100
營業額指數,5611,餐館,10411,96.93,110年=100
營業額指數,5611,餐館,10412,104.09,110年=100
營業額指數,5611,餐館,10501,115.87,110年=100
營業額指數,5611,餐館,10502,125.25,110年=100
營業額指數,5611,餐館,10503,103.11,110年=100
營業額指數,5611,餐館,10504,103.07,110年=100
營業額指數,5611,餐館,10505,114.71,110年=100
營業額指數,5611,餐館,10506,110.74,110年=100
營業額指數,5611,餐館,10507,115.60,110年=100
營業額指數,5611,餐館,10508,114.80,110年=100
營業額指數,5611,餐館,10509,106.83,110年=100
營業額指數,5611,餐館,10510,113.33,110年=100
營業額指數,5611,餐館,10511,103.18,110年=100
營業額指數,5611,餐館,10512,114.92,110年=100
營業額指數,5611,餐館,10601,134.06,110年=100
營業額指數,5611,餐館,10602,105.50,110年=100
營業額指數,5611,餐館,10603,101.31,110年=100
營業額指數,5611,餐館,10604,105.20,110年=100
營業額指數,5611,餐館,10605,113.26,110年=100
營業額指數,5611,餐館,10606,108.32,110年=100
營業額指數,5611,餐館,10607,117.31,110年=100
營業額指數,5611,餐館,10608,116.65,110年=100
營業額指數,5611,餐館,10609,103.72,110年=100
營業額指數,5611,餐館,10610,111.84,110年=100
營業額指數,5611,餐館,10611,103.68,110年=100
營業額指數,5611,餐館,10612,121.44,110年=100
營業額指數,5611,餐館,10701,113.55,110年=100
營業額指數,5611,餐館,10702,129.15,110年=100
營業額指數,5611,餐館,10703,106.60,110年=100
營業額指數,5611,餐館,10704,106.76,110年=100
營業額指數,5611,餐館,10705,113.63,110年=100
營業額指數,5611,餐館,10706,115.15,110年=100
營業額指數,5611,餐館,10707,118.01,110年=100
營業額指數,5611,餐館,10708,121.18,110年=100
營業額指數,5611,餐館,10709,111.07,110年=100
營業額指數,5611,餐館,10710,107.75,110年=100
營業額指數,5611,餐館,10711,105.12,110年=100
營業額指數,5611,餐館,10712,124.09,110年=100
營業額指數,5611,餐館,10801,121.26,110年=100
營業額指數,5611,餐館,10802,124.64,110年=100
營業額指數,5611,餐館,10803,112.90,110年=100
營業額指數,5611,餐館,10804,105.17,110年=100
營業額指數,5611,餐館,10805,116.11,110年=100
營業額指數,5611,餐館,10806,117.80,110年=100
營業額指數,5611,餐館,10807,119.52,110年=100
營業額指數,5611,餐館,10808,124.30,110年=100
營業額指數,5611,餐館,10809,109.11,110年=100
營業額指數,5611,餐館,10810,109.42,110年=100
營業額指數,5611,餐館,10811,108.35,110年=100
營業額指數,5611,餐館,10812,122.63,110年=100
營業額指數,5611,餐館,10901,142.58,110年=100
營業額指數,5611,餐館,10902,99.31,110年=100
營業額指數,5611,餐館,10903,85.50,110年=100
營業額指數,5611,餐館,10904,78.73,110年=100
營業額指數,5611,餐館,10905,105.57,110年=100
營業額指數,5611,餐館,10906,107.35,110年=100
營業額指數,5611,餐館,10907,118.17,110年=100
營業額指數,5611,餐館,10908,126.87,110年=100
營業額指數,5611,餐館,10909,108.30,110年=100
營業額指數,5611,餐館,10910,113.36,110年=100
營業額指數,5611,餐館,10911,108.58,110年=100
營業額指數,5611,餐館,10912,119.86,110年=100
營業額指數,5611,餐館,11001,116.75,110年=100
營業額指數,5611,餐館,11002,122.69,110年=100
營業額指數,5611,餐館,11003,107.86,110年=100
營業額指數,5611,餐館,11004,108.77,110年=100
營業額指數,5611,餐館,11005,83.06,110年=100
營業額指數,5611,餐館,11006,62.59,110年=100
營業額指數,5611,餐館,11007,70.20,110年=100
營業額指數,5611,餐館,11008,90.52,110年=100
營業額指數,5611,餐館,11009,92.43,110年=100
營業額指數,5611,餐館,11010,111.68,110年=100
營業額指數,5611,餐館,11011,108.97,110年=100
營業額指數,5611,餐館,11012,124.49,110年=100
營業額指數,5611,餐館,11101,123.32,110年=100
營業額指數,5611,餐館,11102,118.12,110年=100
營業額指數,5611,餐館,11103,110.97,110年=100
營業額指數,5611,餐館,11104,97.35,110年=100
營業額指數,5611,餐館,11105,90.15,110年=100
營業額指數,5611,餐館,11106,96.56,110年=100
營業額指數,5611,餐館,11107,121.16,110年=100
營業額指數,5611,餐館,11108,123.77,110年=100
營業額指數,5611,餐館,11109,112.37,110年=100
營業額指數,5611,餐館,11110,120.96,110年=100
營業額指數,5611,餐館,11111,116.80,110年=100
營業額指數,5611,餐館,11112,136.08,110年=100
營業額指數,5611,餐館,11201,162.30,110年=100
營業額指數,5611,餐館,11202,123.93,110年=100
營業額指數,5611,餐館,11203,118.87,110年=100
營業額指數,5611,餐館,11204,127.06,110年=100
營業額指數,5611,餐館,11205,129.10,110年=100
營業額指數,5611,餐館,11206,127.78,110年=100
營業額指數,5611,餐館,11207,139.41,110年=100
營業額指數,5611,餐館,11208,138.93,110年=100
營業額指數,5611,餐館,11209,126.51,110年=100
營業額指數,5611,餐館,11210,130.42,110年=100
營業額指數,5611,餐館,11211,122.44,110年=100
營業額指數,5611,餐館,11212,142.81,110年=100
營業額指數,5611,餐館,11301,139.06,110年=100
營業額指數,5611,餐館,11302,146.09,110年=100
營業額指數,5611,餐館,11303,127.97,110年=100
營業額指數,5611,餐館,11304,120.72,110年=100
營業額指數,5611,餐館,11305,128.48,110年=100
營業額指數,5611,餐館,11306,132.52,110年=100
營業額指數,5611,餐館,11307,130.09,110年=100
營業額指數,5611,餐館,11308,137.17,110年=100
營業額指數,5611,餐館,11309,127.25,110年=100
營業額指數,5611,餐館,11310,122.49,110年=100
營業額指數,5611,餐館,11311,129.09,110年=100
營業額指數,5611,餐館,11312,144.58,110年=100
營業額指數,5611,餐館,11401,162.45,110年=100
營業額指數,5611,餐館,11402,124.69,110年=100
營業額指數,5611,餐館,11403,126.13,110年=100
營業額指數,5611,餐館,11404,117.16,110年=100
營業額指數,5611,餐館,11405,132.11,110年=100
營業額指數,5611,餐館,11406,123.54,110年=100
營業額指數,5611,餐館,11407,126.32,110年=100
營業額指數,5611,餐館,11408,138.22,110年=100
營業額指數,5611,餐館,11409,117.58,110年=100
營業額指數,5611,餐館,11410,128.02,110年=100
營業額指數,5611,餐館,11411,127.76,110年=100
營業額指數,5611,餐館,11412,136.47,110年=100
營業額指數,5611,餐館,11501,139.70,110年=100
營業額指數,5611,餐館,11502,150.17,110年=100
營業額指數,5620,外燴及團膳承包業,08801,59.05,110年=100
營業額指數,5620,外燴及團膳承包業,08802,59.46,110年=100
營業額指數,5620,外燴及團膳承包業,08803,60.82,110年=100
營業額指數,5620,外燴及團膳承包業,08804,60.81,110年=100
營業額指數,5620,外燴及團膳承包業,08805,61.92,110年=100
營業額指數,5620,外燴及團膳承包業,08806,59.38,110年=100
營業額指數,5620,外燴及團膳承包業,08807,59.75,110年=100
營業額指數,5620,外燴及團膳承包業,08808,58.42,110年=100
營業額指數,5620,外燴及團膳承包業,08809,56.34,110年=100
營業額指數,5620,外燴及團膳承包業,08810,56.97,110年=100
營業額指數,5620,外燴及團膳承包業,08811,58.90,110年=100
營業額指數,5620,外燴及團膳承包業,08812,58.57,110年=100
營業額指數,5620,外燴及團膳承包業,08901,59.09,110年=100
營業額指數,5620,外燴及團膳承包業,08902,58.16,110年=100
營業額指數,5620,外燴及團膳承包業,08903,61.09,110年=100
營業額指數,5620,外燴及團膳承包業,08904,61.75,110年=100
營業額指數,5620,外燴及團膳承包業,08905,58.97,110年=100
營業額指數,5620,外燴及團膳承包業,08906,60.32,110年=100
營業額指數,5620,外燴及團膳承包業,08907,63.10,110年=100
營業額指數,5620,外燴及團膳承包業,08908,61.54,110年=100
營業額指數,5620,外燴及團膳承包業,08909,58.11,110年=100
營業額指數,5620,外燴及團膳承包業,08910,55.89,110年=100
營業額指數,5620,外燴及團膳承包業,08911,53.18,110年=100
營業額指數,5620,外燴及團膳承包業,08912,54.55,110年=100
營業額指數,5620,外燴及團膳承包業,09001,51.85,110年=100
營業額指數,5620,外燴及團膳承包業,09002,51.37,110年=100
營業額指數,5620,外燴及團膳承包業,09003,48.86,110年=100
營業額指數,5620,外燴及團膳承包業,09004,48.71,110年=100
營業額指數,5620,外燴及團膳承包業,09005,50.30,110年=100
營業額指數,5620,外燴及團膳承包業,09006,49.13,110年=100
營業額指數,5620,外燴及團膳承包業,09007,52.88,110年=100
營業額指數,5620,外燴及團膳承包業,09008,55.36,110年=100
營業額指數,5620,外燴及團膳承包業,09009,50.68,110年=100
營業額指數,5620,外燴及團膳承包業,09010,51.55,110年=100
營業額指數,5620,外燴及團膳承包業,09011,48.75,110年=100
營業額指數,5620,外燴及團膳承包業,09012,51.33,110年=100
營業額指數,5620,外燴及團膳承包業,09101,51.39,110年=100
營業額指數,5620,外燴及團膳承包業,09102,51.94,110年=100
營業額指數,5620,外燴及團膳承包業,09103,54.78,110年=100
營業額指數,5620,外燴及團膳承包業,09104,54.16,110年=100
營業額指數,5620,外燴及團膳承包業,09105,52.98,110年=100
營業額指數,5620,外燴及團膳承包業,09106,55.22,110年=100
營業額指數,5620,外燴及團膳承包業,09107,57.74,110年=100
營業額指數,5620,外燴及團膳承包業,09108,57.26,110年=100
營業額指數,5620,外燴及團膳承包業,09109,55.92,110年=100
營業額指數,5620,外燴及團膳承包業,09110,54.05,110年=100
營業額指數,5620,外燴及團膳承包業,09111,50.88,110年=100
營業額指數,5620,外燴及團膳承包業,09112,53.23,110年=100
營業額指數,5620,外燴及團膳承包業,09201,51.23,110年=100
營業額指數,5620,外燴及團膳承包業,09202,46.27,110年=100
營業額指數,5620,外燴及團膳承包業,09203,49.89,110年=100
營業額指數,5620,外燴及團膳承包業,09204,48.72,110年=100
營業額指數,5620,外燴及團膳承包業,09205,41.62,110年=100
營業額指數,5620,外燴及團膳承包業,09206,48.55,110年=100
營業額指數,5620,外燴及團膳承包業,09207,50.25,110年=100
營業額指數,5620,外燴及團膳承包業,09208,53.53,110年=100
營業額指數,5620,外燴及團膳承包業,09209,52.39,110年=100
營業額指數,5620,外燴及團膳承包業,09210,55.69,110年=100
營業額指數,5620,外燴及團膳承包業,09211,52.07,110年=100
營業額指數,5620,外燴及團膳承包業,09212,55.37,110年=100
營業額指數,5620,外燴及團膳承包業,09301,50.70,110年=100
營業額指數,5620,外燴及團膳承包業,09302,51.69,110年=100
營業額指數,5620,外燴及團膳承包業,09303,56.84,110年=100
營業額指數,5620,外燴及團膳承包業,09304,57.72,110年=100
營業額指數,5620,外燴及團膳承包業,09305,57.05,110年=100
營業額指數,5620,外燴及團膳承包業,09306,52.27,110年=100
營業額指數,5620,外燴及團膳承包業,09307,54.83,110年=100
營業額指數,5620,外燴及團膳承包業,09308,53.53,110年=100
營業額指數,5620,外燴及團膳承包業,09309,56.66,110年=100
營業額指數,5620,外燴及團膳承包業,09310,57.21,110年=100
營業額指數,5620,外燴及團膳承包業,09311,54.35,110年=100
營業額指數,5620,外燴及團膳承包業,09312,56.51,110年=100
營業額指數,5620,外燴及團膳承包業,09401,58.01,110年=100
營業額指數,5620,外燴及團膳承包業,09402,49.20,110年=100
營業額指數,5620,外燴及團膳承包業,09403,53.04,110年=100
營業額指數,5620,外燴及團膳承包業,09404,53.45,110年=100
營業額指數,5620,外燴及團膳承包業,09405,57.72,110年=100
營業額指數,5620,外燴及團膳承包業,09406,53.71,110年=100
營業額指數,5620,外燴及團膳承包業,09407,46.66,110年=100
營業額指數,5620,外燴及團膳承包業,09408,46.27,110年=100
營業額指數,5620,外燴及團膳承包業,09409,47.98,110年=100
營業額指數,5620,外燴及團膳承包業,09410,51.95,110年=100
營業額指數,5620,外燴及團膳承包業,09411,54.56,110年=100
營業額指數,5620,外燴及團膳承包業,09412,56.14,110年=100
營業額指數,5620,外燴及團膳承包業,09501,53.53,110年=100
營業額指數,5620,外燴及團膳承包業,09502,50.41,110年=100
營業額指數,5620,外燴及團膳承包業,09503,56.56,110年=100
營業額指數,5620,外燴及團膳承包業,09504,59.70,110年=100
營業額指數,5620,外燴及團膳承包業,09505,59.31,110年=100
營業額指數,5620,外燴及團膳承包業,09506,60.36,110年=100
營業額指數,5620,外燴及團膳承包業,09507,59.89,110年=100
營業額指數,5620,外燴及團膳承包業,09508,48.41,110年=100
營業額指數,5620,外燴及團膳承包業,09509,49.71,110年=100
營業額指數,5620,外燴及團膳承包業,09510,52.21,110年=100
營業額指數,5620,外燴及團膳承包業,09511,56.82,110年=100
營業額指數,5620,外燴及團膳承包業,09512,60.79,110年=100
營業額指數,5620,外燴及團膳承包業,09601,61.36,110年=100
營業額指數,5620,外燴及團膳承包業,09602,52.13,110年=100
營業額指數,5620,外燴及團膳承包業,09603,61.75,110年=100
營業額指數,5620,外燴及團膳承包業,09604,65.03,110年=100
營業額指數,5620,外燴及團膳承包業,09605,66.67,110年=100
營業額指數,5620,外燴及團膳承包業,09606,66.06,110年=100
營業額指數,5620,外燴及團膳承包業,09607,61.02,110年=100
營業額指數,5620,外燴及團膳承包業,09608,54.51,110年=100
營業額指數,5620,外燴及團膳承包業,09609,54.85,110年=100
營業額指數,5620,外燴及團膳承包業,09610,57.14,110年=100
營業額指數,5620,外燴及團膳承包業,09611,56.38,110年=100
營業額指數,5620,外燴及團膳承包業,09612,58.66,110年=100
營業額指數,5620,外燴及團膳承包業,09701,69.41,110年=100
營業額指數,5620,外燴及團膳承包業,09702,54.17,110年=100
營業額指數,5620,外燴及團膳承包業,09703,63.19,110年=100
營業額指數,5620,外燴及團膳承包業,09704,67.69,110年=100
營業額指數,5620,外燴及團膳承包業,09705,67.11,110年=100
營業額指數,5620,外燴及團膳承包業,09706,71.74,110年=100
營業額指數,5620,外燴及團膳承包業,09707,65.14,110年=100
營業額指數,5620,外燴及團膳承包業,09708,56.17,110年=100
營業額指數,5620,外燴及團膳承包業,09709,58.15,110年=100
營業額指數,5620,外燴及團膳承包業,09710,59.78,110年=100
營業額指數,5620,外燴及團膳承包業,09711,59.24,110年=100
營業額指數,5620,外燴及團膳承包業,09712,60.98,110年=100
營業額指數,5620,外燴及團膳承包業,09801,64.59,110年=100
營業額指數,5620,外燴及團膳承包業,09802,58.09,110年=100
營業額指數,5620,外燴及團膳承包業,09803,67.70,110年=100
營業額指數,5620,外燴及團膳承包業,09804,71.55,110年=100
營業額指數,5620,外燴及團膳承包業,09805,72.14,110年=100
營業額指數,5620,外燴及團膳承包業,09806,76.87,110年=100
營業額指數,5620,外燴及團膳承包業,09807,67.58,110年=100
營業額指數,5620,外燴及團膳承包業,09808,63.81,110年=100
營業額指數,5620,外燴及團膳承包業,09809,65.93,110年=100
營業額指數,5620,外燴及團膳承包業,09810,68.59,110年=100
營業額指數,5620,外燴及團膳承包業,09811,69.44,110年=100
營業額指數,5620,外燴及團膳承包業,09812,73.28,110年=100
營業額指數,5620,外燴及團膳承包業,09901,73.30,110年=100
營業額指數,5620,外燴及團膳承包業,09902,68.44,110年=100
營業額指數,5620,外燴及團膳承包業,09903,79.11,110年=100
營業額指數,5620,外燴及團膳承包業,09904,83.42,110年=100
營業額指數,5620,外燴及團膳承包業,09905,86.18,110年=100
營業額指數,5620,外燴及團膳承包業,09906,86.57,110年=100
營業額指數,5620,外燴及團膳承包業,09907,80.99,110年=100
營業額指數,5620,外燴及團膳承包業,09908,75.89,110年=100
營業額指數,5620,外燴及團膳承包業,09909,78.25,110年=100
營業額指數,5620,外燴及團膳承包業,09910,79.52,110年=100
營業額指數,5620,外燴及團膳承包業,09911,79.09,110年=100
營業額指數,5620,外燴及團膳承包業,09912,84.23,110年=100
營業額指數,5620,外燴及團膳承包業,10001,84.40,110年=100
營業額指數,5620,外燴及團膳承包業,10002,76.89,110年=100
營業額指數,5620,外燴及團膳承包業,10003,87.51,110年=100
營業額指數,5620,外燴及團膳承包業,10004,90.68,110年=100
營業額指數,5620,外燴及團膳承包業,10005,95.46,110年=100
營業額指數,5620,外燴及團膳承包業,10006,98.13,110年=100
營業額指數,5620,外燴及團膳承包業,10007,89.94,110年=100
營業額指數,5620,外燴及團膳承包業,10008,84.26,110年=100
營業額指數,5620,外燴及團膳承包業,10009,89.85,110年=100
營業額指數,5620,外燴及團膳承包業,10010,88.54,110年=100
營業額指數,5620,外燴及團膳承包業,10011,87.41,110年=100
營業額指數,5620,外燴及團膳承包業,10012,91.14,110年=100
營業額指數,5620,外燴及團膳承包業,10101,87.72,110年=100
營業額指數,5620,外燴及團膳承包業,10102,83.79,110年=100
營業額指數,5620,外燴及團膳承包業,10103,95.52,110年=100
營業額指數,5620,外燴及團膳承包業,10104,102.24,110年=100
營業額指數,5620,外燴及團膳承包業,10105,104.94,110年=100
營業額指數,5620,外燴及團膳承包業,10106,106.65,110年=100
營業額指數,5620,外燴及團膳承包業,10107,95.73,110年=100
營業額指數,5620,外燴及團膳承包業,10108,93.22,110年=100
營業額指數,5620,外燴及團膳承包業,10109,94.61,110年=100
營業額指數,5620,外燴及團膳承包業,10110,96.79,110年=100
營業額指數,5620,外燴及團膳承包業,10111,94.71,110年=100
營業額指數,5620,外燴及團膳承包業,10112,99.24,110年=100
營業額指數,5620,外燴及團膳承包業,10201,98.40,110年=100
營業額指數,5620,外燴及團膳承包業,10202,85.80,110年=100
營業額指數,5620,外燴及團膳承包業,10203,105.20,110年=100
營業額指數,5620,外燴及團膳承包業,10204,109.77,110年=100
營業額指數,5620,外燴及團膳承包業,10205,107.22,110年=100
營業額指數,5620,外燴及團膳承包業,10206,114.65,110年=100
營業額指數,5620,外燴及團膳承包業,10207,102.79,110年=100
營業額指數,5620,外燴及團膳承包業,10208,103.26,110年=100
營業額指數,5620,外燴及團膳承包業,10209,106.95,110年=100
營業額指數,5620,外燴及團膳承包業,10210,111.31,110年=100
營業額指數,5620,外燴及團膳承包業,10211,112.88,110年=100
營業額指數,5620,外燴及團膳承包業,10212,112.48,110年=100
營業額指數,5620,外燴及團膳承包業,10301,111.76,110年=100
營業額指數,5620,外燴及團膳承包業,10302,95.53,110年=100
營業額指數,5620,外燴及團膳承包業,10303,111.45,110年=100
營業額指數,5620,外燴及團膳承包業,10304,113.54,110年=100
營業額指數,5620,外燴及團膳承包業,10305,115.17,110年=100
營業額指數,5620,外燴及團膳承包業,10306,121.34,110年=100
營業額指數,5620,外燴及團膳承包業,10307,109.81,110年=100
營業額指數,5620,外燴及團膳承包業,10308,109.11,110年=100
營業額指數,5620,外燴及團膳承包業,10309,116.31,110年=100
營業額指數,5620,外燴及團膳承包業,10310,119.76,110年=100
營業額指數,5620,外燴及團膳承包業,10311,118.46,110年=100
營業額指數,5620,外燴及團膳承包業,10312,125.76,110年=100
營業額指數,5620,外燴及團膳承包業,10401,131.26,110年=100
營業額指數,5620,外燴及團膳承包業,10402,100.42,110年=100
營業額指數,5620,外燴及團膳承包業,10403,117.13,110年=100
營業額指數,5620,外燴及團膳承包業,10404,118.32,110年=100
營業額指數,5620,外燴及團膳承包業,10405,124.02,110年=100
營業額指數,5620,外燴及團膳承包業,10406,128.73,110年=100
營業額指數,5620,外燴及團膳承包業,10407,119.33,110年=100
營業額指數,5620,外燴及團膳承包業,10408,117.25,110年=100
營業額指數,5620,外燴及團膳承包業,10409,122.88,110年=100
營業額指數,5620,外燴及團膳承包業,10410,128.29,110年=100
營業額指數,5620,外燴及團膳承包業,10411,130.58,110年=100
營業額指數,5620,外燴及團膳承包業,10412,130.87,110年=100
營業額指數,5620,外燴及團膳承包業,10501,141.31,110年=100
營業額指數,5620,外燴及團膳承包業,10502,119.70,110年=100
營業額指數,5620,外燴及團膳承包業,10503,126.11,110年=100
營業額指數,5620,外燴及團膳承包業,10504,128.22,110年=100
營業額指數,5620,外燴及團膳承包業,10505,134.73,110年=100
營業額指數,5620,外燴及團膳承包業,10506,134.90,110年=100
營業額指數,5620,外燴及團膳承包業,10507,127.16,110年=100
營業額指數,5620,外燴及團膳承包業,10508,124.53,110年=100
營業額指數,5620,外燴及團膳承包業,10509,129.48,110年=100
營業額指數,5620,外燴及團膳承包業,10510,140.40,110年=100
營業額指數,5620,外燴及團膳承包業,10511,141.15,110年=100
營業額指數,5620,外燴及團膳承包業,10512,143.88,110年=100
營業額指數,5620,外燴及團膳承包業,10601,143.37,110年=100
營業額指數,5620,外燴及團膳承包業,10602,121.96,110年=100
營業額指數,5620,外燴及團膳承包業,10603,134.45,110年=100
營業額指數,5620,外燴及團膳承包業,10604,134.75,110年=100
營業額指數,5620,外燴及團膳承包業,10605,138.83,110年=100
營業額指數,5620,外燴及團膳承包業,10606,140.72,110年=100
營業額指數,5620,外燴及團膳承包業,10607,133.53,110年=100
營業額指數,5620,外燴及團膳承包業,10608,128.06,110年=100
營業額指數,5620,外燴及團膳承包業,10609,123.74,110年=100
營業額指數,5620,外燴及團膳承包業,10610,138.38,110年=100
營業額指數,5620,外燴及團膳承包業,10611,137.90,110年=100
營業額指數,5620,外燴及團膳承包業,10612,142.09,110年=100
營業額指數,5620,外燴及團膳承包業,10701,146.17,110年=100
營業額指數,5620,外燴及團膳承包業,10702,123.75,110年=100
營業額指數,5620,外燴及團膳承包業,10703,137.25,110年=100
營業額指數,5620,外燴及團膳承包業,10704,142.03,110年=100
營業額指數,5620,外燴及團膳承包業,10705,141.10,110年=100
營業額指數,5620,外燴及團膳承包業,10706,143.18,110年=100
營業額指數,5620,外燴及團膳承包業,10707,132.15,110年=100
營業額指數,5620,外燴及團膳承包業,10708,127.08,110年=100
營業額指數,5620,外燴及團膳承包業,10709,123.19,110年=100
營業額指數,5620,外燴及團膳承包業,10710,136.73,110年=100
營業額指數,5620,外燴及團膳承包業,10711,139.52,110年=100
營業額指數,5620,外燴及團膳承包業,10712,142.54,110年=100
營業額指數,5620,外燴及團膳承包業,10801,147.09,110年=100
營業額指數,5620,外燴及團膳承包業,10802,119.10,110年=100
營業額指數,5620,外燴及團膳承包業,10803,135.70,110年=100
營業額指數,5620,外燴及團膳承包業,10804,138.46,110年=100
營業額指數,5620,外燴及團膳承包業,10805,144.24,110年=100
營業額指數,5620,外燴及團膳承包業,10806,139.97,110年=100
營業額指數,5620,外燴及團膳承包業,10807,124.80,110年=100
營業額指數,5620,外燴及團膳承包業,10808,129.50,110年=100
營業額指數,5620,外燴及團膳承包業,10809,125.15,110年=100
營業額指數,5620,外燴及團膳承包業,10810,137.78,110年=100
營業額指數,5620,外燴及團膳承包業,10811,136.93,110年=100
營業額指數,5620,外燴及團膳承包業,10812,142.23,110年=100
營業額指數,5620,外燴及團膳承包業,10901,144.96,110年=100
營業額指數,5620,外燴及團膳承包業,10902,86.08,110年=100
營業額指數,5620,外燴及團膳承包業,10903,104.60,110年=100
營業額指數,5620,外燴及團膳承包業,10904,108.76,110年=100
營業額指數,5620,外燴及團膳承包業,10905,112.36,110年=100
營業額指數,5620,外燴及團膳承包業,10906,107.22,110年=100
營業額指數,5620,外燴及團膳承包業,10907,106.02,110年=100
營業額指數,5620,外燴及團膳承包業,10908,90.47,110年=100
營業額指數,5620,外燴及團膳承包業,10909,102.40,110年=100
營業額指數,5620,外燴及團膳承包業,10910,111.74,110年=100
營業額指數,5620,外燴及團膳承包業,10911,118.97,110年=100
營業額指數,5620,外燴及團膳承包業,10912,126.30,110年=100
營業額指數,5620,外燴及團膳承包業,11001,114.17,110年=100
營業額指數,5620,外燴及團膳承包業,11002,75.23,110年=100
營業額指數,5620,外燴及團膳承包業,11003,102.63,110年=100
營業額指數,5620,外燴及團膳承包業,11004,117.53,110年=100
營業額指數,5620,外燴及團膳承包業,11005,95.54,110年=100
營業額指數,5620,外燴及團膳承包業,11006,75.68,110年=100
營業額指數,5620,外燴及團膳承包業,11007,72.64,110年=100
營業額指數,5620,外燴及團膳承包業,11008,72.94,110年=100
營業額指數,5620,外燴及團膳承包業,11009,104.74,110年=100
營業額指數,5620,外燴及團膳承包業,11010,115.22,110年=100
營業額指數,5620,外燴及團膳承包業,11011,123.75,110年=100
營業額指數,5620,外燴及團膳承包業,11012,129.92,110年=100
營業額指數,5620,外燴及團膳承包業,11101,111.71,110年=100
營業額指數,5620,外燴及團膳承包業,11102,77.78,110年=100
營業額指數,5620,外燴及團膳承包業,11103,106.11,110年=100
營業額指數,5620,外燴及團膳承包業,11104,109.05,110年=100
營業額指數,5620,外燴及團膳承包業,11105,91.50,110年=100
營業額指數,5620,外燴及團膳承包業,11106,101.40,110年=100
營業額指數,5620,外燴及團膳承包業,11107,89.62,110年=100
營業額指數,5620,外燴及團膳承包業,11108,94.54,110年=100
營業額指數,5620,外燴及團膳承包業,11109,124.46,110年=100
營業額指數,5620,外燴及團膳承包業,11110,133.71,110年=100
營業額指數,5620,外燴及團膳承包業,11111,144.63,110年=100
營業額指數,5620,外燴及團膳承包業,11112,158.80,110年=100
營業額指數,5620,外燴及團膳承包業,11201,142.50,110年=100
營業額指數,5620,外燴及團膳承包業,11202,124.83,110年=100
營業額指數,5620,外燴及團膳承包業,11203,150.41,110年=100
營業額指數,5620,外燴及團膳承包業,11204,151.33,110年=100
營業額指數,5620,外燴及團膳承包業,11205,157.33,110年=100
營業額指數,5620,外燴及團膳承包業,11206,165.94,110年=100
營業額指數,5620,外燴及團膳承包業,11207,147.09,110年=100
營業額指數,5620,外燴及團膳承包業,11208,141.72,110年=100
營業額指數,5620,外燴及團膳承包業,11209,154.54,110年=100
營業額指數,5620,外燴及團膳承包業,11210,172.65,110年=100
營業額指數,5620,外燴及團膳承包業,11211,179.49,110年=100
營業額指數,5620,外燴及團膳承包業,11212,189.51,110年=100
營業額指數,5620,外燴及團膳承包業,11301,179.15,110年=100
營業額指數,5620,外燴及團膳承包業,11302,134.72,110年=100
營業額指數,5620,外燴及團膳承包業,11303,162.18,110年=100
營業額指數,5620,外燴及團膳承包業,11304,178.33,110年=100
營業額指數,5620,外燴及團膳承包業,11305,182.56,110年=100
營業額指數,5620,外燴及團膳承包業,11306,178.90,110年=100
營業額指數,5620,外燴及團膳承包業,11307,150.06,110年=100
營業額指數,5620,外燴及團膳承包業,11308,146.62,110年=100
營業額指數,5620,外燴及團膳承包業,11309,169.61,110年=100
營業額指數,5620,外燴及團膳承包業,11310,183.91,110年=100
營業額指數,5620,外燴及團膳承包業,11311,192.99,110年=100
營業額指數,5620,外燴及團膳承包業,11312,204.22,110年=100
營業額指數,5620,外燴及團膳承包業,11401,176.30,110年=100
營業額指數,5620,外燴及團膳承包業,11402,153.48,110年=100
營業額指數,5620,外燴及團膳承包業,11403,179.80,110年=100
營業額指數,5620,外燴及團膳承包業,11404,190.36,110年=100
營業額指數,5620,外燴及團膳承包業,11405,189.65,110年=100
營業額指數,5620,外燴及團膳承包業,11406,187.47,110年=100
營業額指數,5620,外燴及團膳承包業,11407,163.68,110年=100
營業額指數,5620,外燴及團膳承包業,11408,152.20,110年=100
營業額指數,5620,外燴及團膳承包業,11409,177.29,110年=100
營業額指數,5620,外燴及團膳承包業,11410,195.40,110年=100
營業額指數,5620,外燴及團膳承包業,11411,194.95,110年=100
營業額指數,5620,外燴及團膳承包業,11412,206.75,110年=100
營業額指數,5620,外燴及團膳承包業,11501,201.08,110年=100
營業額指數,5620,外燴及團膳承包業,11502,144.42,110年=100
營業額指數,5631,飲料店,08801,40.02,110年=100
營業額指數,5631,飲料店,08802,40.38,110年=100
營業額指數,5631,飲料店,08803,41.66,110年=100
營業額指數,5631,飲料店,08804,42.76,110年=100
營業額指數,5631,飲料店,08805,41.98,110年=100
營業額指數,5631,飲料店,08806,42.98,110年=100
營業額指數,5631,飲料店,08807,43.14,110年=100
營業額指數,5631,飲料店,08808,43.06,110年=100
營業額指數,5631,飲料店,08809,40.76,110年=100
營業額指數,5631,飲料店,08810,41.67,110年=100
營業額指數,5631,飲料店,08811,40.37,110年=100
營業額指數,5631,飲料店,08812,41.66,110年=100
營業額指數,5631,飲料店,08901,42.55,110年=100
營業額指數,5631,飲料店,08902,44.69,110年=100
營業額指數,5631,飲料店,08903,43.23,110年=100
營業額指數,5631,飲料店,08904,42.34,110年=100
營業額指數,5631,飲料店,08905,44.46,110年=100
營業額指數,5631,飲料店,08906,46.41,110年=100
營業額指數,5631,飲料店,08907,48.57,110年=100
營業額指數,5631,飲料店,08908,47.07,110年=100
營業額指數,5631,飲料店,08909,47.13,110年=100
營業額指數,5631,飲料店,08910,47.18,110年=100
營業額指數,5631,飲料店,08911,46.60,110年=100
營業額指數,5631,飲料店,08912,47.56,110年=100
營業額指數,5631,飲料店,09001,45.64,110年=100
營業額指數,5631,飲料店,09002,42.91,110年=100
營業額指數,5631,飲料店,09003,42.41,110年=100
營業額指數,5631,飲料店,09004,39.22,110年=100
營業額指數,5631,飲料店,09005,40.60,110年=100
營業額指數,5631,飲料店,09006,42.61,110年=100
營業額指數,5631,飲料店,09007,44.85,110年=100
營業額指數,5631,飲料店,09008,45.36,110年=100
營業額指數,5631,飲料店,09009,42.01,110年=100
營業額指數,5631,飲料店,09010,42.72,110年=100
營業額指數,5631,飲料店,09011,43.30,110年=100
營業額指數,5631,飲料店,09012,47.60,110年=100
營業額指數,5631,飲料店,09101,45.57,110年=100
營業額指數,5631,飲料店,09102,46.02,110年=100
營業額指數,5631,飲料店,09103,47.44,110年=100
營業額指數,5631,飲料店,09104,45.48,110年=100
營業額指數,5631,飲料店,09105,43.97,110年=100
營業額指數,5631,飲料店,09106,45.34,110年=100
營業額指數,5631,飲料店,09107,46.55,110年=100
營業額指數,5631,飲料店,09108,46.45,110年=100
營業額指數,5631,飲料店,09109,43.96,110年=100
營業額指數,5631,飲料店,09110,43.23,110年=100
營業額指數,5631,飲料店,09111,41.43,110年=100
營業額指數,5631,飲料店,09112,43.76,110年=100
營業額指數,5631,飲料店,09201,42.03,110年=100
營業額指數,5631,飲料店,09202,41.07,110年=100
營業額指數,5631,飲料店,09203,40.40,110年=100
營業額指數,5631,飲料店,09204,38.82,110年=100
營業額指數,5631,飲料店,09205,35.38,110年=100
營業額指數,5631,飲料店,09206,40.82,110年=100
營業額指數,5631,飲料店,09207,44.97,110年=100
營業額指數,5631,飲料店,09208,46.01,110年=100
營業額指數,5631,飲料店,09209,41.87,110年=100
營業額指數,5631,飲料店,09210,42.72,110年=100
營業額指數,5631,飲料店,09211,40.53,110年=100
營業額指數,5631,飲料店,09212,42.13,110年=100
營業額指數,5631,飲料店,09301,43.54,110年=100
營業額指數,5631,飲料店,09302,42.84,110年=100
營業額指數,5631,飲料店,09303,41.18,110年=100
營業額指數,5631,飲料店,09304,41.01,110年=100
營業額指數,5631,飲料店,09305,40.55,110年=100
營業額指數,5631,飲料店,09306,40.52,110年=100
營業額指數,5631,飲料店,09307,43.93,110年=100
營業額指數,5631,飲料店,09308,42.94,110年=100
營業額指數,5631,飲料店,09309,39.49,110年=100
營業額指數,5631,飲料店,09310,37.29,110年=100
營業額指數,5631,飲料店,09311,38.06,110年=100
營業額指數,5631,飲料店,09312,39.85,110年=100
營業額指數,5631,飲料店,09401,39.03,110年=100
營業額指數,5631,飲料店,09402,40.05,110年=100
營業額指數,5631,飲料店,09403,39.85,110年=100
營業額指數,5631,飲料店,09404,39.69,110年=100
營業額指數,5631,飲料店,09405,41.11,110年=100
營業額指數,5631,飲料店,09406,40.59,110年=100
營業額指數,5631,飲料店,09407,43.21,110年=100
營業額指數,5631,飲料店,09408,42.06,110年=100
營業額指數,5631,飲料店,09409,39.39,110年=100
營業額指數,5631,飲料店,09410,39.95,110年=100
營業額指數,5631,飲料店,09411,40.17,110年=100
營業額指數,5631,飲料店,09412,43.63,110年=100
營業額指數,5631,飲料店,09501,41.90,110年=100
營業額指數,5631,飲料店,09502,41.46,110年=100
營業額指數,5631,飲料店,09503,41.46,110年=100
營業額指數,5631,飲料店,09504,40.71,110年=100
營業額指數,5631,飲料店,09505,42.97,110年=100
營業額指數,5631,飲料店,09506,42.95,110年=100
營業額指數,5631,飲料店,09507,45.12,110年=100
營業額指數,5631,飲料店,09508,44.17,110年=100
營業額指數,5631,飲料店,09509,41.43,110年=100
營業額指數,5631,飲料店,09510,41.79,110年=100
營業額指數,5631,飲料店,09511,40.11,110年=100
營業額指數,5631,飲料店,09512,44.57,110年=100
營業額指數,5631,飲料店,09601,46.15,110年=100
營業額指數,5631,飲料店,09602,45.43,110年=100
營業額指數,5631,飲料店,09603,45.31,110年=100
營業額指數,5631,飲料店,09604,44.15,110年=100
營業額指數,5631,飲料店,09605,46.76,110年=100
營業額指數,5631,飲料店,09606,49.14,110年=100
營業額指數,5631,飲料店,09607,52.00,110年=100
營業額指數,5631,飲料店,09608,48.08,110年=100
營業額指數,5631,飲料店,09609,45.29,110年=100
營業額指數,5631,飲料店,09610,43.03,110年=100
營業額指數,5631,飲料店,09611,42.48,110年=100
營業額指數,5631,飲料店,09612,45.50,110年=100
營業額指數,5631,飲料店,09701,50.36,110年=100
營業額指數,5631,飲料店,09702,48.64,110年=100
營業額指數,5631,飲料店,09703,48.62,110年=100
營業額指數,5631,飲料店,09704,46.96,110年=100
營業額指數,5631,飲料店,09705,48.13,110年=100
營業額指數,5631,飲料店,09706,49.51,110年=100
營業額指數,5631,飲料店,09707,49.56,110年=100
營業額指數,5631,飲料店,09708,50.41,110年=100
營業額指數,5631,飲料店,09709,43.87,110年=100
營業額指數,5631,飲料店,09710,42.77,110年=100
營業額指數,5631,飲料店,09711,41.63,110年=100
營業額指數,5631,飲料店,09712,45.24,110年=100
營業額指數,5631,飲料店,09801,51.26,110年=100
營業額指數,5631,飲料店,09802,46.81,110年=100
營業額指數,5631,飲料店,09803,48.72,110年=100
營業額指數,5631,飲料店,09804,48.27,110年=100
營業額指數,5631,飲料店,09805,53.53,110年=100
營業額指數,5631,飲料店,09806,52.50,110年=100
營業額指數,5631,飲料店,09807,52.23,110年=100
營業額指數,5631,飲料店,09808,49.40,110年=100
營業額指數,5631,飲料店,09809,46.22,110年=100
營業額指數,5631,飲料店,09810,47.56,110年=100
營業額指數,5631,飲料店,09811,46.98,110年=100
營業額指數,5631,飲料店,09812,50.03,110年=100
營業額指數,5631,飲料店,09901,54.77,110年=100
營業額指數,5631,飲料店,09902,52.65,110年=100
營業額指數,5631,飲料店,09903,55.56,110年=100
營業額指數,5631,飲料店,09904,54.97,110年=100
營業額指數,5631,飲料店,09905,55.82,110年=100
營業額指數,5631,飲料店,09906,57.19,110年=100
營業額指數,5631,飲料店,09907,58.63,110年=100
營業額指數,5631,飲料店,09908,57.28,110年=100
營業額指數,5631,飲料店,09909,54.79,110年=100
營業額指數,5631,飲料店,09910,56.31,110年=100
營業額指數,5631,飲料店,09911,55.57,110年=100
營業額指數,5631,飲料店,09912,56.63,110年=100
營業額指數,5631,飲料店,10001,59.64,110年=100
營業額指數,5631,飲料店,10002,56.54,110年=100
營業額指數,5631,飲料店,10003,60.38,110年=100
營業額指數,5631,飲料店,10004,60.27,110年=100
營業額指數,5631,飲料店,10005,59.33,110年=100
營業額指數,5631,飲料店,10006,62.31,110年=100
營業額指數,5631,飲料店,10007,66.16,110年=100
營業額指數,5631,飲料店,10008,63.72,110年=100
營業額指數,5631,飲料店,10009,61.76,110年=100
營業額指數,5631,飲料店,10010,62.92,110年=100
營業額指數,5631,飲料店,10011,61.69,110年=100
營業額指數,5631,飲料店,10012,63.30,110年=100
營業額指數,5631,飲料店,10101,66.16,110年=100
營業額指數,5631,飲料店,10102,62.32,110年=100
營業額指數,5631,飲料店,10103,65.57,110年=100
營業額指數,5631,飲料店,10104,62.90,110年=100
營業額指數,5631,飲料店,10105,63.22,110年=100
營業額指數,5631,飲料店,10106,66.42,110年=100
營業額指數,5631,飲料店,10107,70.08,110年=100
營業額指數,5631,飲料店,10108,67.49,110年=100
營業額指數,5631,飲料店,10109,65.17,110年=100
營業額指數,5631,飲料店,10110,66.83,110年=100
營業額指數,5631,飲料店,10111,64.76,110年=100
營業額指數,5631,飲料店,10112,68.43,110年=100
營業額指數,5631,飲料店,10201,65.96,110年=100
營業額指數,5631,飲料店,10202,72.67,110年=100
營業額指數,5631,飲料店,10203,73.09,110年=100
營業額指數,5631,飲料店,10204,73.57,110年=100
營業額指數,5631,飲料店,10205,75.51,110年=100
營業額指數,5631,飲料店,10206,76.85,110年=100
營業額指數,5631,飲料店,10207,76.10,110年=100
營業額指數,5631,飲料店,10208,77.26,110年=100
營業額指數,5631,飲料店,10209,75.78,110年=100
營業額指數,5631,飲料店,10210,73.33,110年=100
營業額指數,5631,飲料店,10211,75.68,110年=100
營業額指數,5631,飲料店,10212,76.09,110年=100
營業額指數,5631,飲料店,10301,77.42,110年=100
營業額指數,5631,飲料店,10302,74.54,110年=100
營業額指數,5631,飲料店,10303,78.70,110年=100
營業額指數,5631,飲料店,10304,76.80,110年=100
營業額指數,5631,飲料店,10305,78.80,110年=100
營業額指數,5631,飲料店,10306,78.22,110年=100
營業額指數,5631,飲料店,10307,77.70,110年=100
營業額指數,5631,飲料店,10308,83.17,110年=100
營業額指數,5631,飲料店,10309,73.86,110年=100
營業額指數,5631,飲料店,10310,74.52,110年=100
營業額指數,5631,飲料店,10311,76.36,110年=100
營業額指數,5631,飲料店,10312,82.43,110年=100
營業額指數,5631,飲料店,10401,76.60,110年=100
營業額指數,5631,飲料店,10402,80.44,110年=100
營業額指數,5631,飲料店,10403,81.49,110年=100
營業額指數,5631,飲料店,10404,81.30,110年=100
營業額指數,5631,飲料店,10405,84.63,110年=100
營業額指數,5631,飲料店,10406,85.12,110年=100
營業額指數,5631,飲料店,10407,82.77,110年=100
營業額指數,5631,飲料店,10408,85.21,110年=100
營業額指數,5631,飲料店,10409,84.01,110年=100
營業額指數,5631,飲料店,10410,84.42,110年=100
營業額指數,5631,飲料店,10411,83.69,110年=100
營業額指數,5631,飲料店,10412,88.92,110年=100
營業額指數,5631,飲料店,10501,88.25,110年=100
營業額指數,5631,飲料店,10502,85.49,110年=100
營業額指數,5631,飲料店,10503,84.83,110年=100
營業額指數,5631,飲料店,10504,88.81,110年=100
營業額指數,5631,飲料店,10505,94.35,110年=100
營業額指數,5631,飲料店,10506,92.53,110年=100
營業額指數,5631,飲料店,10507,92.26,110年=100
營業額指數,5631,飲料店,10508,93.81,110年=100
營業額指數,5631,飲料店,10509,88.35,110年=100
營業額指數,5631,飲料店,10510,89.77,110年=100
營業額指數,5631,飲料店,10511,90.19,110年=100
營業額指數,5631,飲料店,10512,96.94,110年=100
營業額指數,5631,飲料店,10601,100.44,110年=100
營業額指數,5631,飲料店,10602,89.25,110年=100
營業額指數,5631,飲料店,10603,94.35,110年=100
營業額指數,5631,飲料店,10604,92.30,110年=100
營業額指數,5631,飲料店,10605,93.77,110年=100
營業額指數,5631,飲料店,10606,92.61,110年=100
營業額指數,5631,飲料店,10607,90.93,110年=100
營業額指數,5631,飲料店,10608,104.77,110年=100
營業額指數,5631,飲料店,10609,103.84,110年=100
營業額指數,5631,飲料店,10610,96.14,110年=100
營業額指數,5631,飲料店,10611,93.74,110年=100
營業額指數,5631,飲料店,10612,100.17,110年=100
營業額指數,5631,飲料店,10701,96.83,110年=100
營業額指數,5631,飲料店,10702,95.16,110年=100
營業額指數,5631,飲料店,10703,97.21,110年=100
營業額指數,5631,飲料店,10704,94.83,110年=100
營業額指數,5631,飲料店,10705,99.87,110年=100
營業額指數,5631,飲料店,10706,97.92,110年=100
營業額指數,5631,飲料店,10707,97.85,110年=100
營業額指數,5631,飲料店,10708,103.67,110年=100
營業額指數,5631,飲料店,10709,108.69,110年=100
營業額指數,5631,飲料店,10710,99.28,110年=100
營業額指數,5631,飲料店,10711,92.60,110年=100
營業額指數,5631,飲料店,10712,111.82,110年=100
營業額指數,5631,飲料店,10801,108.23,110年=100
營業額指數,5631,飲料店,10802,94.83,110年=100
營業額指數,5631,飲料店,10803,99.49,110年=100
營業額指數,5631,飲料店,10804,97.95,110年=100
營業額指數,5631,飲料店,10805,99.51,110年=100
營業額指數,5631,飲料店,10806,100.70,110年=100
營業額指數,5631,飲料店,10807,105.30,110年=100
營業額指數,5631,飲料店,10808,108.78,110年=100
營業額指數,5631,飲料店,10809,104.74,110年=100
營業額指數,5631,飲料店,10810,100.53,110年=100
營業額指數,5631,飲料店,10811,96.95,110年=100
營業額指數,5631,飲料店,10812,114.18,110年=100
營業額指數,5631,飲料店,10901,114.66,110年=100
營業額指數,5631,飲料店,10902,88.44,110年=100
營業額指數,5631,飲料店,10903,93.50,110年=100
營業額指數,5631,飲料店,10904,82.05,110年=100
營業額指數,5631,飲料店,10905,92.64,110年=100
營業額指數,5631,飲料店,10906,103.39,110年=100
營業額指數,5631,飲料店,10907,108.44,110年=100
營業額指數,5631,飲料店,10908,109.78,110年=100
營業額指數,5631,飲料店,10909,107.15,110年=100
營業額指數,5631,飲料店,10910,98.84,110年=100
營業額指數,5631,飲料店,10911,100.53,110年=100
營業額指數,5631,飲料店,10912,118.88,110年=100
營業額指數,5631,飲料店,11001,114.11,110年=100
營業額指數,5631,飲料店,11002,107.23,110年=100
營業額指數,5631,飲料店,11003,111.16,110年=100
營業額指數,5631,飲料店,11004,107.22,110年=100
營業額指數,5631,飲料店,11005,78.87,110年=100
營業額指數,5631,飲料店,11006,66.33,110年=100
營業額指數,5631,飲料店,11007,72.15,110年=100
營業額指數,5631,飲料店,11008,94.90,110年=100
營業額指數,5631,飲料店,11009,108.14,110年=100
營業額指數,5631,飲料店,11010,105.57,110年=100
營業額指數,5631,飲料店,11011,108.98,110年=100
營業額指數,5631,飲料店,11012,125.32,110年=100
營業額指數,5631,飲料店,11101,113.27,110年=100
營業額指數,5631,飲料店,11102,98.98,110年=100
營業額指數,5631,飲料店,11103,106.68,110年=100
營業額指數,5631,飲料店,11104,95.39,110年=100
營業額指數,5631,飲料店,11105,90.54,110年=100
營業額指數,5631,飲料店,11106,97.58,110年=100
營業額指數,5631,飲料店,11107,107.89,110年=100
營業額指數,5631,飲料店,11108,120.28,110年=100
營業額指數,5631,飲料店,11109,105.44,110年=100
營業額指數,5631,飲料店,11110,104.12,110年=100
營業額指數,5631,飲料店,11111,106.65,110年=100
營業額指數,5631,飲料店,11112,122.93,110年=100
營業額指數,5631,飲料店,11201,123.41,110年=100
營業額指數,5631,飲料店,11202,96.82,110年=100
營業額指數,5631,飲料店,11203,107.04,110年=100
營業額指數,5631,飲料店,11204,100.70,110年=100
營業額指數,5631,飲料店,11205,106.29,110年=100
營業額指數,5631,飲料店,11206,107.33,110年=100
營業額指數,5631,飲料店,11207,112.44,110年=100
營業額指數,5631,飲料店,11208,114.39,110年=100
營業額指數,5631,飲料店,11209,111.17,110年=100
營業額指數,5631,飲料店,11210,106.11,110年=100
營業額指數,5631,飲料店,11211,107.09,110年=100
營業額指數,5631,飲料店,11212,118.41,110年=100
營業額指數,5631,飲料店,11301,116.54,110年=100
營業額指數,5631,飲料店,11302,103.65,110年=100
營業額指數,5631,飲料店,11303,107.94,110年=100
營業額指數,5631,飲料店,11304,107.45,110年=100
營業額指數,5631,飲料店,11305,110.00,110年=100
營業額指數,5631,飲料店,11306,111.37,110年=100
營業額指數,5631,飲料店,11307,109.27,110年=100
營業額指數,5631,飲料店,11308,112.89,110年=100
營業額指數,5631,飲料店,11309,108.73,110年=100
營業額指數,5631,飲料店,11310,105.33,110年=100
營業額指數,5631,飲料店,11311,106.41,110年=100
營業額指數,5631,飲料店,11312,116.75,110年=100
營業額指數,5631,飲料店,11401,121.07,110年=100
營業額指數,5631,飲料店,11402,100.98,110年=100
營業額指數,5631,飲料店,11403,110.04,110年=100
營業額指數,5631,飲料店,11404,110.39,110年=100
營業額指數,5631,飲料店,11405,115.22,110年=100
營業額指數,5631,飲料店,11406,110.44,110年=100
營業額指數,5631,飲料店,11407,113.44,110年=100
營業額指數,5631,飲料店,11408,117.96,110年=100
營業額指數,5631,飲料店,11409,116.90,110年=100
營業額指數,5631,飲料店,11410,116.69,110年=100
營業額指數,5631,飲料店,11411,111.04,110年=100
營業額指數,5631,飲料店,11412,119.07,110年=100
營業額指數,5631,飲料店,11501,117.61,110年=100
營業額指數,5631,飲料店,11502,113.35,110年=100
